{"textures":{"0":"modelengine:entity/deepdiamgolem"},"elements":[{"from":[8.0,5.714286,7.428571],"to":[9.142858,8.571428,8.571428],"rotation":{"angle":0.0,"axis":"y","origin":[5.714286,3.4285712,8.0]},"faces":{"east":{"uv":[7.0,8.0,8.0,10.5],"rotation":0,"texture":"#0","tintindex":0},"south":{"uv":[9.0,4.0,10.0,6.5],"rotation":0,"texture":"#0","tintindex":0},"north":{"uv":[8.0,6.5,9.0,9.0],"rotation":0,"texture":"#0","tintindex":0},"west":{"uv":[9.0,6.5,10.0,9.0],"rotation":0,"texture":"#0","tintindex":0},"up":{"uv":[15.0,6.0,14.0,5.0],"rotation":0,"texture":"#0","tintindex":0},"down":{"uv":[15.0,6.0,14.0,7.0],"rotation":0,"texture":"#0","tintindex":0}}}],"display":{"head":{"translation":[0.0,-6.4,0.0],"scale":[4.0,4.0,4.0]}}}