{"textures":{"0":"modelengine:entity/zc_corrupted_spike_1"},"elements":[{"from":[1.7142854,0.0,8.0],"to":[14.285715,12.571428,8.0],"rotation":{"angle":45.0,"axis":"y","origin":[8.0,0.0,8.0]},"faces":{"east":{"uv":[0.0,0.0,0.0,5.5],"rotation":0,"texture":"#0","tintindex":0},"south":{"uv":[0.0,5.5,5.5,11.0],"rotation":0,"texture":"#0","tintindex":0},"north":{"uv":[0.0,0.0,5.5,5.5],"rotation":0,"texture":"#0","tintindex":0},"west":{"uv":[0.0,0.0,0.0,5.5],"rotation":0,"texture":"#0","tintindex":0},"up":{"uv":[5.5,0.0,0.0,0.0],"rotation":0,"texture":"#0","tintindex":0},"down":{"uv":[5.5,0.0,0.0,0.0],"rotation":0,"texture":"#0","tintindex":0}}},{"from":[1.7142854,0.0,8.0],"to":[14.285715,12.571428,8.0],"rotation":{"angle":-45.0,"axis":"y","origin":[8.0,0.0,8.0]},"faces":{"east":{"uv":[0.0,0.0,0.0,5.5],"rotation":0,"texture":"#0","tintindex":0},"south":{"uv":[5.5,5.5,11.0,11.0],"rotation":0,"texture":"#0","tintindex":0},"north":{"uv":[5.5,0.0,11.0,5.5],"rotation":0,"texture":"#0","tintindex":0},"west":{"uv":[0.0,0.0,0.0,5.5],"rotation":0,"texture":"#0","tintindex":0},"up":{"uv":[5.5,0.0,0.0,0.0],"rotation":0,"texture":"#0","tintindex":0},"down":{"uv":[5.5,0.0,0.0,0.0],"rotation":0,"texture":"#0","tintindex":0}}}],"display":{"head":{"translation":[0.0,-6.4,0.0],"scale":[4.0,4.0,4.0]}}}