{"textures":{"0":"modelengine:entity/zc_scavenger"},"elements":[{"from":[7.2469997,7.014983,4.6083255],"to":[9.297,8.014983,8.608326],"faces":{"east":{"uv":[6.25,5.25,7.25,5.5],"tintindex":0,"rotation":0,"texture":"#0"},"south":{"uv":[11.0,1.0,11.5,1.25],"tintindex":0,"rotation":0,"texture":"#0"},"north":{"uv":[10.5,10.75,11.0,11.0],"tintindex":0,"rotation":0,"texture":"#0"},"west":{"uv":[7.25,5.25,8.25,5.5],"tintindex":0,"rotation":0,"texture":"#0"},"up":{"uv":[10.5,10.75,10.0,9.75],"tintindex":0,"rotation":0,"texture":"#0"},"down":{"uv":[10.75,0.0,10.25,1.0],"tintindex":0,"rotation":0,"texture":"#0"}},"rotation":{"origin":[11.253,18.014984,7.6083255],"angle":0.0,"axis":"y"}}],"display":{"gui":{"rotation":[30,225,0]}}}