{"textures":{"0":"modelengine:entity/zc_corrupted_spire"},"elements":[{"from":[5.714286,11.428572,4.5714283],"to":[8.571428,16.57143,7.428571],"rotation":{"angle":0.0,"axis":"y","origin":[8.005588,12.473862,7.857143]},"faces":{"east":{"uv":[6.75,7.625,7.375,8.75],"rotation":0,"texture":"#0","tintindex":0},"south":{"uv":[8.625,7.625,9.25,8.75],"rotation":0,"texture":"#0","tintindex":0},"north":{"uv":[7.375,7.625,8.0,8.75],"rotation":0,"texture":"#0","tintindex":0},"west":{"uv":[8.0,7.625,8.625,8.75],"rotation":0,"texture":"#0","tintindex":0},"up":{"uv":[8.0,7.625,7.375,7.0],"rotation":0,"texture":"#0","tintindex":0},"down":{"uv":[8.625,7.0,8.0,7.625],"rotation":0,"texture":"#0","tintindex":0}}},{"from":[4.5714283,8.0,6.285714],"to":[8.571428,18.857143,10.285714],"rotation":{"angle":0.0,"axis":"y","origin":[8.005588,12.473862,7.857143]},"faces":{"east":{"uv":[4.75,4.625,5.625,7.0],"rotation":0,"texture":"#0","tintindex":0},"south":{"uv":[7.375,4.625,8.25,7.0],"rotation":0,"texture":"#0","tintindex":0},"north":{"uv":[5.625,4.625,6.5,7.0],"rotation":0,"texture":"#0","tintindex":0},"west":{"uv":[6.5,4.625,7.375,7.0],"rotation":0,"texture":"#0","tintindex":0},"up":{"uv":[6.5,4.625,5.625,3.75],"rotation":0,"texture":"#0","tintindex":0},"down":{"uv":[7.375,3.75,6.5,4.625],"rotation":0,"texture":"#0","tintindex":0}}},{"from":[4.5714283,15.032322,4.3092546],"to":[7.428571,20.746609,4.3092546],"rotation":{"angle":-22.5,"axis":"x","origin":[6.285714,17.318035,4.880683]},"faces":{"east":{"uv":[0.0,0.0,0.0,1.25],"rotation":0,"texture":"#0","tintindex":0},"south":{"uv":[0.625,9.25,1.25,10.5],"rotation":0,"texture":"#0","tintindex":0},"north":{"uv":[0.0,9.25,0.625,10.5],"rotation":0,"texture":"#0","tintindex":0},"west":{"uv":[0.0,0.0,0.0,1.25],"rotation":0,"texture":"#0","tintindex":0},"up":{"uv":[0.625,0.0,0.0,0.0],"rotation":0,"texture":"#0","tintindex":0},"down":{"uv":[0.625,0.0,0.0,0.0],"rotation":0,"texture":"#0","tintindex":0}}},{"from":[4.0,12.0,8.571428],"to":[5.142857,13.714286,10.857143],"rotation":{"angle":0.0,"axis":"y","origin":[15.428572,8.0,9.714286]},"faces":{"east":{"uv":[3.75,4.5,4.25,4.875],"rotation":0,"texture":"#0","tintindex":0},"south":{"uv":[5.0,3.75,5.25,4.125],"rotation":0,"texture":"#0","tintindex":0},"north":{"uv":[4.875,0.75,5.125,1.125],"rotation":0,"texture":"#0","tintindex":0},"west":{"uv":[4.25,4.5,4.75,4.875],"rotation":0,"texture":"#0","tintindex":0},"up":{"uv":[1.375,5.0,1.125,4.5],"rotation":0,"texture":"#0","tintindex":0},"down":{"uv":[4.875,0.75,4.625,1.25],"rotation":0,"texture":"#0","tintindex":0}}},{"from":[5.142857,10.285715,4.0],"to":[6.857143,13.142858,5.714286],"rotation":{"angle":0.0,"axis":"y","origin":[15.428572,7.4285717,5.714286]},"faces":{"east":{"uv":[5.25,3.75,5.625,4.375],"rotation":0,"texture":"#0","tintindex":0},"south":{"uv":[5.5,0.75,5.875,1.375],"rotation":0,"texture":"#0","tintindex":0},"north":{"uv":[5.125,0.75,5.5,1.375],"rotation":0,"texture":"#0","tintindex":0},"west":{"uv":[6.375,2.625,6.75,3.25],"rotation":0,"texture":"#0","tintindex":0},"up":{"uv":[6.75,3.625,6.375,3.25],"rotation":0,"texture":"#0","tintindex":0},"down":{"uv":[7.0,0.0,6.625,0.375],"rotation":0,"texture":"#0","tintindex":0}}},{"from":[6.285714,14.857143,10.285714],"to":[6.285714,17.714287,11.428572],"rotation":{"angle":0.0,"axis":"y","origin":[8.0,8.0,8.0]},"faces":{"east":{"uv":[4.5,6.875,4.75,7.5],"rotation":0,"texture":"#0","tintindex":0},"south":{"uv":[0.0,0.0,0.0,0.625],"rotation":0,"texture":"#0","tintindex":0},"north":{"uv":[0.0,0.0,0.0,0.625],"rotation":0,"texture":"#0","tintindex":0},"west":{"uv":[7.0,2.625,7.25,3.25],"rotation":0,"texture":"#0","tintindex":0},"up":{"uv":[0.0,0.25,0.0,0.0],"rotation":0,"texture":"#0","tintindex":0},"down":{"uv":[0.0,0.0,0.0,0.25],"rotation":0,"texture":"#0","tintindex":0}}},{"from":[5.142857,16.0,10.285714],"to":[8.571428,16.0,11.428572],"rotation":{"angle":0.0,"axis":"y","origin":[8.0,8.0,8.0]},"faces":{"east":{"uv":[0.0,0.0,0.25,0.0],"rotation":0,"texture":"#0","tintindex":0},"south":{"uv":[0.0,0.0,0.75,0.0],"rotation":0,"texture":"#0","tintindex":0},"north":{"uv":[0.0,0.0,0.75,0.0],"rotation":0,"texture":"#0","tintindex":0},"west":{"uv":[0.0,0.0,0.25,0.0],"rotation":0,"texture":"#0","tintindex":0},"up":{"uv":[3.75,7.125,3.0,6.875],"rotation":0,"texture":"#0","tintindex":0},"down":{"uv":[4.5,6.875,3.75,7.125],"rotation":0,"texture":"#0","tintindex":0}}},{"from":[8.0,14.285715,3.4285712],"to":[8.0,16.0,4.5714283],"rotation":{"angle":0.0,"axis":"y","origin":[8.0,8.0,8.0]},"faces":{"east":{"uv":[5.0,4.125,5.25,4.5],"rotation":0,"texture":"#0","tintindex":0},"south":{"uv":[0.0,0.0,0.0,0.375],"rotation":0,"texture":"#0","tintindex":0},"north":{"uv":[0.0,0.0,0.0,0.375],"rotation":0,"texture":"#0","tintindex":0},"west":{"uv":[6.75,3.25,7.0,3.625],"rotation":0,"texture":"#0","tintindex":0},"up":{"uv":[0.0,0.25,0.0,0.0],"rotation":0,"texture":"#0","tintindex":0},"down":{"uv":[0.0,0.0,0.0,0.25],"rotation":0,"texture":"#0","tintindex":0}}},{"from":[3.4285712,10.285714,6.857143],"to":[4.5714283,10.285714,9.714286],"rotation":{"angle":0.0,"axis":"y","origin":[8.0,8.0,8.0]},"faces":{"east":{"uv":[0.0,0.0,0.625,0.0],"rotation":0,"texture":"#0","tintindex":0},"south":{"uv":[0.0,0.0,0.25,0.0],"rotation":0,"texture":"#0","tintindex":0},"north":{"uv":[0.0,0.0,0.25,0.0],"rotation":0,"texture":"#0","tintindex":0},"west":{"uv":[0.0,0.0,0.625,0.0],"rotation":0,"texture":"#0","tintindex":0},"up":{"uv":[6.25,7.625,6.0,7.0],"rotation":0,"texture":"#0","tintindex":0},"down":{"uv":[6.5,7.0,6.25,7.625],"rotation":0,"texture":"#0","tintindex":0}}}],"display":{"head":{"translation":[0.0,-6.4,0.0],"scale":[4.0,4.0,4.0]}}}