{"textures":{"0":"modelengine:entity/zc_impaler"},"elements":[{"from":[3.8000002,17.91986,9.925655],"to":[11.8,23.91986,9.925655],"faces":{"south":{"uv":[5.75,6.75,6.75,7.5],"tintindex":0,"rotation":0,"texture":"#0"},"north":{"uv":[6.5,1.25,7.5,2.0],"tintindex":0,"rotation":0,"texture":"#0"}},"rotation":{"origin":[7.8,17.91986,9.925655],"angle":45.0,"axis":"x"}},{"from":[5.9,13.919861,8.925655],"to":[7.9,15.919861,10.925655],"faces":{"east":{"uv":[1.0,9.375,1.25,9.625],"tintindex":0,"rotation":0,"texture":"#0"},"south":{"uv":[1.25,9.375,1.5,9.625],"tintindex":0,"rotation":0,"texture":"#0"},"north":{"uv":[9.375,0.75,9.625,1.0],"tintindex":0,"rotation":0,"texture":"#0"},"west":{"uv":[9.375,1.75,9.625,2.0],"tintindex":0,"rotation":0,"texture":"#0"},"up":{"uv":[9.625,2.25,9.375,2.0],"tintindex":0,"rotation":0,"texture":"#0"},"down":{"uv":[9.625,2.25,9.375,2.5],"tintindex":0,"rotation":0,"texture":"#0"}}},{"from":[4.8,17.91986,5.9256554],"to":[12.8,25.91986,5.9256554],"faces":{"south":{"uv":[5.25,5.625,6.25,6.625],"tintindex":0,"rotation":0,"texture":"#0"},"north":{"uv":[4.25,5.625,5.25,6.625],"tintindex":0,"rotation":0,"texture":"#0"}},"rotation":{"origin":[7.8,17.91986,5.9256554],"angle":22.5,"axis":"x"}},{"from":[3.9,12.919861,9.925655],"to":[11.9,12.919861,11.925655],"faces":{"up":{"uv":[10.125,6.0,9.125,5.75],"tintindex":0,"rotation":0,"texture":"#0"},"down":{"uv":[10.125,6.75,9.125,7.0],"tintindex":0,"rotation":0,"texture":"#0"}}},{"from":[3.8000002,17.91986,7.9256554],"to":[11.8,20.91986,7.9256554],"faces":{"south":{"uv":[8.125,7.5,9.125,7.875],"tintindex":0,"rotation":0,"texture":"#0"},"north":{"uv":[1.5,3.375,2.5,3.75],"tintindex":0,"rotation":0,"texture":"#0"}},"rotation":{"origin":[7.8,17.91986,7.9256554],"angle":45.0,"axis":"x"}},{"from":[0.6500001,10.919861,4.4256554],"to":[3.65,17.91986,4.4256554],"faces":{"south":{"uv":[5.125,8.625,5.5,9.5],"tintindex":0,"rotation":0,"texture":"#0"},"north":{"uv":[8.625,1.0,9.0,1.875],"tintindex":0,"rotation":0,"texture":"#0"}},"rotation":{"origin":[3.9,14.419861,3.9256554],"angle":22.5,"axis":"y"}},{"from":[3.9,8.919861,0.92565536],"to":[11.9,17.91986,9.925655],"faces":{"east":{"uv":[4.25,3.75,5.375,4.875],"tintindex":0,"rotation":0,"texture":"#0"},"south":{"uv":[5.25,0.0,6.25,1.125],"tintindex":0,"rotation":0,"texture":"#0"},"north":{"uv":[1.125,5.125,2.125,6.25],"tintindex":0,"rotation":0,"texture":"#0"},"west":{"uv":[0.0,4.625,1.125,5.75],"tintindex":0,"rotation":0,"texture":"#0"},"up":{"uv":[6.25,3.125,5.25,2.0],"tintindex":0,"rotation":0,"texture":"#0"},"down":{"uv":[6.375,3.125,5.375,4.25],"tintindex":0,"rotation":0,"texture":"#0"}}},{"from":[4.9,14.919861,-0.074344635],"to":[9.9,18.91986,1.9256554],"faces":{"east":{"uv":[5.0,2.0,5.25,2.5],"tintindex":0,"rotation":0,"texture":"#0"},"south":{"uv":[8.75,2.875,9.375,3.375],"tintindex":0,"rotation":0,"texture":"#0"},"north":{"uv":[8.75,2.375,9.375,2.875],"tintindex":0,"rotation":0,"texture":"#0"},"west":{"uv":[1.875,6.25,2.125,6.75],"tintindex":0,"rotation":0,"texture":"#0"},"up":{"uv":[9.75,7.25,9.125,7.0],"tintindex":0,"rotation":0,"texture":"#0"},"down":{"uv":[9.75,7.5,9.125,7.75],"tintindex":0,"rotation":0,"texture":"#0"}}},{"from":[12.15,10.919861,4.4256554],"to":[15.15,17.91986,4.4256554],"faces":{"south":{"uv":[1.125,8.5,1.5,9.375],"tintindex":0,"rotation":0,"texture":"#0"},"north":{"uv":[0.75,8.5,1.125,9.375],"tintindex":0,"rotation":0,"texture":"#0"}},"rotation":{"origin":[11.9,14.419861,3.9256554],"angle":-22.5,"axis":"y"}},{"from":[0.9000001,9.919861,7.9256554],"to":[3.9,17.91986,7.9256554],"faces":{"south":{"uv":[8.375,7.875,8.75,8.875],"tintindex":0,"rotation":0,"texture":"#0"},"north":{"uv":[8.375,4.0,8.75,5.0],"tintindex":0,"rotation":0,"texture":"#0"}},"rotation":{"origin":[3.9,13.919861,7.9256554],"angle":45.0,"axis":"y"}},{"from":[5.9,6.8765125,4.7897468],"to":[9.9,11.876511,8.789747],"faces":{"east":{"uv":[8.75,3.375,9.25,4.0],"tintindex":0,"rotation":0,"texture":"#0"},"south":{"uv":[8.75,4.0,9.25,4.625],"tintindex":0,"rotation":0,"texture":"#0"},"north":{"uv":[6.375,3.625,6.875,4.25],"tintindex":0,"rotation":0,"texture":"#0"},"west":{"uv":[8.75,4.625,9.25,5.25],"tintindex":0,"rotation":0,"texture":"#0"},"up":{"uv":[2.375,9.625,1.875,9.125],"tintindex":0,"rotation":0,"texture":"#0"},"down":{"uv":[7.75,9.125,7.25,9.625],"tintindex":0,"rotation":0,"texture":"#0"}},"rotation":{"origin":[3.9,9.876511,6.2897468],"angle":-22.5,"axis":"x"}},{"from":[1.9000001,15.669861,3.1756554],"to":[13.9,24.66986,3.1756554],"faces":{"south":{"uv":[2.75,3.75,4.25,4.875],"tintindex":0,"rotation":0,"texture":"#0"},"north":{"uv":[3.75,2.625,5.25,3.75],"tintindex":0,"rotation":0,"texture":"#0"}},"rotation":{"origin":[7.9,17.91986,3.9256554],"angle":22.5,"axis":"x"}},{"from":[7.9,17.91986,0.92565536],"to":[10.9,19.91986,2.9256554],"faces":{"east":{"uv":[8.0,1.625,8.25,1.875],"tintindex":0,"rotation":0,"texture":"#0"},"south":{"uv":[6.875,4.875,7.25,5.125],"tintindex":0,"rotation":0,"texture":"#0"},"north":{"uv":[5.375,4.625,5.75,4.875],"tintindex":0,"rotation":0,"texture":"#0"},"west":{"uv":[0.75,8.25,1.0,8.5],"tintindex":0,"rotation":0,"texture":"#0"},"up":{"uv":[8.75,5.25,8.375,5.0],"tintindex":0,"rotation":0,"texture":"#0"},"down":{"uv":[0.625,9.375,0.25,9.625],"tintindex":0,"rotation":0,"texture":"#0"}}},{"from":[11.9,9.919861,7.9256554],"to":[14.9,17.91986,7.9256554],"faces":{"south":{"uv":[8.375,3.0,8.75,4.0],"tintindex":0,"rotation":0,"texture":"#0"},"north":{"uv":[8.375,0.0,8.75,1.0],"tintindex":0,"rotation":0,"texture":"#0"}},"rotation":{"origin":[11.9,13.419861,7.9256554],"angle":-45.0,"axis":"y"}}],"display":{"gui":{"rotation":[30,225,0]}}}