{"textures":{"0":"modelengine:entity/zc_impaler"},"elements":[{"from":[5.0833335,1.0745354,1.232233],"to":[11.083334,1.0745354,14.232233],"faces":{"up":{"uv":[3.5,6.5,2.75,4.875],"tintindex":0,"rotation":0,"texture":"#0"},"down":{"uv":[4.25,4.875,3.5,6.5],"tintindex":0,"rotation":0,"texture":"#0"}},"rotation":{"origin":[9.083334,10.074535,2.232233],"angle":-45.0,"axis":"x"}},{"from":[9.083334,-2.0675993,-1.4246216],"to":[11.083334,1.9323997,0.5753784],"faces":{"east":{"uv":[8.0,1.125,8.25,1.625],"tintindex":0,"rotation":0,"texture":"#0"},"south":{"uv":[8.125,9.125,8.375,9.625],"tintindex":0,"rotation":0,"texture":"#0"},"north":{"uv":[7.25,2.0,7.5,2.5],"tintindex":0,"rotation":0,"texture":"#0"},"west":{"uv":[3.875,9.25,4.125,9.75],"tintindex":0,"rotation":0,"texture":"#0"},"up":{"uv":[9.625,2.75,9.375,2.5],"tintindex":0,"rotation":0,"texture":"#0"},"down":{"uv":[9.625,2.75,9.375,3.0],"tintindex":0,"rotation":0,"texture":"#0"}},"rotation":{"origin":[5.0833335,-4.0675993,-3.4246216],"angle":45.0,"axis":"x"}},{"from":[6.0833335,-5.7379723,2.8062525],"to":[10.083334,7.2620277,6.8062525],"faces":{"east":{"uv":[0.5,6.625,1.0,8.25],"tintindex":0,"rotation":0,"texture":"#0"},"south":{"uv":[4.125,6.625,4.625,8.25],"tintindex":0,"rotation":0,"texture":"#0"},"north":{"uv":[0.0,6.625,0.5,8.25],"tintindex":0,"rotation":0,"texture":"#0"},"west":{"uv":[4.625,6.625,5.125,8.25],"tintindex":0,"rotation":0,"texture":"#0"},"up":{"uv":[4.625,9.5,4.125,9.0],"tintindex":0,"rotation":0,"texture":"#0"},"down":{"uv":[5.125,9.0,4.625,9.5],"tintindex":0,"rotation":0,"texture":"#0"}},"rotation":{"origin":[15.583334,3.8256512,2.2071338],"angle":45.0,"axis":"x"}},{"from":[6.5833335,7.2620277,3.3062525],"to":[9.583334,13.262028,6.3062525],"faces":{"east":{"uv":[8.75,8.625,9.125,9.375],"tintindex":0,"rotation":0,"texture":"#0"},"south":{"uv":[6.25,8.875,6.625,9.625],"tintindex":0,"rotation":0,"texture":"#0"},"north":{"uv":[8.75,7.875,9.125,8.625],"tintindex":0,"rotation":0,"texture":"#0"},"west":{"uv":[6.625,8.875,7.0,9.625],"tintindex":0,"rotation":0,"texture":"#0"},"up":{"uv":[3.5,9.625,3.125,9.25],"tintindex":0,"rotation":0,"texture":"#0"},"down":{"uv":[9.625,3.375,9.25,3.75],"tintindex":0,"rotation":0,"texture":"#0"}},"rotation":{"origin":[15.583334,3.8256512,2.2071338],"angle":45.0,"axis":"x"}},{"from":[6.66912,-0.5320654,2.9393396],"to":[10.669121,7.4679337,2.9393396],"faces":{"south":{"uv":[7.5,1.0,8.0,2.0],"tintindex":0,"rotation":0,"texture":"#0"},"north":{"uv":[1.0,7.5,1.5,8.5],"tintindex":0,"rotation":0,"texture":"#0"}},"rotation":{"origin":[8.669121,-0.5320654,2.9393396],"angle":-45.0,"axis":"z"}}],"display":{"gui":{"rotation":[30,225,0]}}}