{"textures":{"0":"modelengine:entity/zc_impaler"},"elements":[{"from":[8.0,-0.670372,8.480874],"to":[11.0,8.329628,11.480874],"faces":{"east":{"uv":[3.0,8.125,3.375,9.25],"tintindex":0,"rotation":0,"texture":"#0"},"south":{"uv":[3.375,8.125,3.75,9.25],"tintindex":0,"rotation":0,"texture":"#0"},"north":{"uv":[2.625,8.125,3.0,9.25],"tintindex":0,"rotation":0,"texture":"#0"},"west":{"uv":[3.75,8.125,4.125,9.25],"tintindex":0,"rotation":0,"texture":"#0"},"up":{"uv":[2.75,9.625,2.375,9.25],"tintindex":0,"rotation":0,"texture":"#0"},"down":{"uv":[3.125,9.25,2.75,9.625],"tintindex":0,"rotation":0,"texture":"#0"}},"rotation":{"origin":[9.5,5.829628,7.980874],"angle":-45.0,"axis":"x"}}],"display":{"gui":{"rotation":[30,225,0]}}}