{"textures":{"0":"modelengine:entity/zc_impaler"},"elements":[{"from":[6.5299997,0.77159166,4.0718613],"to":[9.48,10.771592,7.0718613],"faces":{"east":{"uv":[7.5,2.0,7.875,3.25],"tintindex":0,"rotation":0,"texture":"#0"},"south":{"uv":[5.75,7.5,6.125,8.75],"tintindex":0,"rotation":0,"texture":"#0"},"north":{"uv":[1.5,7.5,1.875,8.75],"tintindex":0,"rotation":0,"texture":"#0"},"west":{"uv":[6.125,7.5,6.5,8.75],"tintindex":0,"rotation":0,"texture":"#0"},"up":{"uv":[7.25,4.875,6.875,4.5],"tintindex":0,"rotation":0,"texture":"#0"},"down":{"uv":[8.125,9.125,7.75,9.5],"tintindex":0,"rotation":0,"texture":"#0"}},"rotation":{"origin":[5.0,16.016674,12.239128],"angle":-22.5,"axis":"x"}}],"display":{"gui":{"rotation":[30,225,0]}}}