{"textures":{"0":"modelengine:entity/zc_impaler"},"elements":[{"from":[8.375,5.0,5.5],"to":[13.375,11.0,9.5],"faces":{"east":{"uv":[8.25,2.25,8.75,3.0],"tintindex":0,"rotation":0,"texture":"#0"},"south":{"uv":[7.5,7.25,8.125,8.0],"tintindex":0,"rotation":0,"texture":"#0"},"north":{"uv":[7.5,6.5,8.125,7.25],"tintindex":0,"rotation":0,"texture":"#0"},"west":{"uv":[4.125,8.25,4.625,9.0],"tintindex":0,"rotation":0,"texture":"#0"},"up":{"uv":[9.125,7.25,8.5,6.75],"tintindex":0,"rotation":0,"texture":"#0"},"down":{"uv":[9.375,0.0,8.75,0.5],"tintindex":0,"rotation":0,"texture":"#0"}},"rotation":{"origin":[8.0,8.0,8.0],"angle":22.5,"axis":"x"}},{"from":[9.375,0.6588974,7.0995884],"to":[12.375,9.658897,10.099588],"faces":{"east":{"uv":[8.0,0.0,8.375,1.125],"tintindex":0,"rotation":0,"texture":"#0"},"south":{"uv":[1.875,8.0,2.25,9.125],"tintindex":0,"rotation":0,"texture":"#0"},"north":{"uv":[7.875,5.25,8.25,6.375],"tintindex":0,"rotation":0,"texture":"#0"},"west":{"uv":[2.25,8.0,2.625,9.125],"tintindex":0,"rotation":0,"texture":"#0"},"up":{"uv":[1.5,5.0,1.125,4.625],"tintindex":0,"rotation":0,"texture":"#0"},"down":{"uv":[5.75,4.25,5.375,4.625],"tintindex":0,"rotation":0,"texture":"#0"}},"rotation":{"origin":[7.875,9.813623,4.6508813],"angle":45.0,"axis":"x"}}],"display":{"gui":{"rotation":[30,225,0]}}}