{"textures":{"0":"modelengine:entity/zc_impaler"},"elements":[{"from":[4.0,9.0,-3.0],"to":[4.0,12.0,5.0],"faces":{"east":{"uv":[8.25,6.0,9.25,6.375],"tintindex":0,"rotation":0,"texture":"#0"},"west":{"uv":[8.5,6.375,9.5,6.75],"tintindex":0,"rotation":0,"texture":"#0"}}},{"from":[9.0,-1.000001,2.0],"to":[9.0,25.999998,12.0],"faces":{"east":{"uv":[0.0,0.0,1.25,3.375],"tintindex":0,"rotation":0,"texture":"#0"},"west":{"uv":[1.25,0.0,2.5,3.375],"tintindex":0,"rotation":0,"texture":"#0"}},"rotation":{"origin":[8.0,8.0,8.0],"angle":45.0,"axis":"x"}},{"from":[2.0,6.396799,6.3223677],"to":[14.0,16.3968,12.322367],"faces":{"east":{"uv":[6.25,0.0,7.0,1.25],"tintindex":0,"rotation":0,"texture":"#0"},"south":{"uv":[3.75,0.0,5.25,1.25],"tintindex":0,"rotation":0,"texture":"#0"},"north":{"uv":[0.0,3.375,1.5,4.625],"tintindex":0,"rotation":0,"texture":"#0"},"west":{"uv":[1.125,6.25,1.875,7.5],"tintindex":0,"rotation":0,"texture":"#0"},"up":{"uv":[5.75,5.625,4.25,4.875],"tintindex":0,"rotation":0,"texture":"#0"},"down":{"uv":[6.5,1.25,5.0,2.0],"tintindex":0,"rotation":0,"texture":"#0"}},"rotation":{"origin":[8.0,3.874405,4.6586094],"angle":-22.5,"axis":"x"}},{"from":[5.0,8.25,0.0],"to":[5.0,23.249998,10.0],"faces":{"east":{"uv":[2.5,0.0,3.75,1.875],"tintindex":0,"rotation":0,"texture":"#0"},"west":{"uv":[2.5,1.875,3.75,3.75],"tintindex":0,"rotation":0,"texture":"#0"}},"rotation":{"origin":[8.0,8.0,8.0],"angle":45.0,"axis":"x"}},{"from":[6.0,12.0,4.0],"to":[9.0,14.0,5.0],"faces":{"east":{"uv":[5.25,3.5,5.375,3.75],"tintindex":0,"rotation":0,"texture":"#0"},"south":{"uv":[0.625,9.375,1.0,9.625],"tintindex":0,"rotation":0,"texture":"#0"},"north":{"uv":[9.375,0.5,9.75,0.75],"tintindex":0,"rotation":0,"texture":"#0"},"west":{"uv":[2.625,5.5,2.75,5.75],"tintindex":0,"rotation":0,"texture":"#0"},"up":{"uv":[1.5,5.125,1.125,5.0],"tintindex":0,"rotation":0,"texture":"#0"},"down":{"uv":[5.625,1.125,5.25,1.25],"tintindex":0,"rotation":0,"texture":"#0"}},"rotation":{"origin":[3.0,7.0,3.0],"angle":-22.5,"axis":"x"}},{"from":[6.0,11.0,4.0],"to":[8.0,12.0,5.0],"faces":{"east":{"uv":[2.625,5.75,2.75,5.875],"tintindex":0,"rotation":0,"texture":"#0"},"south":{"uv":[5.75,6.625,6.0,6.75],"tintindex":0,"rotation":0,"texture":"#0"},"north":{"uv":[5.875,1.125,6.125,1.25],"tintindex":0,"rotation":0,"texture":"#0"},"west":{"uv":[2.625,5.875,2.75,6.0],"tintindex":0,"rotation":0,"texture":"#0"},"up":{"uv":[6.25,6.75,6.0,6.625],"tintindex":0,"rotation":0,"texture":"#0"},"down":{"uv":[6.75,7.5,6.5,7.625],"tintindex":0,"rotation":0,"texture":"#0"}},"rotation":{"origin":[3.0,7.0,3.0],"angle":-22.5,"axis":"x"}}],"display":{"gui":{"rotation":[30,225,0]}}}