{"textures":{"0":"modelengine:entity/pirate_zombie"},"elements":[{"from":[6.342857,4.0,6.285714],"to":[9.085714,4.5714283,9.142858],"rotation":{"angle":22.5,"axis":"x","origin":[8.0,8.0,8.0]},"faces":{"east":{"uv":[5.25,3.375,5.875,3.5],"rotation":0,"texture":"#0","tintindex":0},"south":{"uv":[5.875,3.375,6.5,3.5],"rotation":0,"texture":"#0","tintindex":0},"north":{"uv":[1.5,4.5,2.125,4.625],"rotation":0,"texture":"#0","tintindex":0},"west":{"uv":[6.375,2.625,7.0,2.75],"rotation":0,"texture":"#0","tintindex":0},"up":{"uv":[0.625,7.875,0.0,7.25],"rotation":0,"texture":"#0","tintindex":0},"down":{"uv":[8.0,3.75,7.375,4.375],"rotation":0,"texture":"#0","tintindex":0}}},{"from":[7.257143,4.5714283,7.142857],"to":[8.285714,6.857143,8.285714],"rotation":{"angle":22.5,"axis":"x","origin":[8.0,8.0,8.0]},"faces":{"east":{"uv":[4.75,4.125,5.0,4.625],"rotation":0,"texture":"#0","tintindex":0},"south":{"uv":[5.0,1.0,5.25,1.5],"rotation":0,"texture":"#0","tintindex":0},"north":{"uv":[4.5,3.5,4.75,4.0],"rotation":0,"texture":"#0","tintindex":0},"west":{"uv":[4.625,5.25,4.875,5.75],"rotation":0,"texture":"#0","tintindex":0},"up":{"uv":[4.875,6.0,4.625,5.75],"rotation":0,"texture":"#0","tintindex":0},"down":{"uv":[6.25,0.625,6.0,0.875],"rotation":0,"texture":"#0","tintindex":0}}},{"from":[7.714286,-5.714287,6.0571427],"to":[7.714286,4.0,9.485714],"rotation":{"angle":22.5,"axis":"x","origin":[8.0,8.0,8.0]},"faces":{"east":{"uv":[1.5,2.375,2.25,4.5],"rotation":0,"texture":"#0","tintindex":0},"south":{"uv":[0.0,0.0,0.0,2.125],"rotation":0,"texture":"#0","tintindex":0},"north":{"uv":[0.0,0.0,0.0,2.125],"rotation":0,"texture":"#0","tintindex":0},"west":{"uv":[2.25,2.5,3.0,4.625],"rotation":0,"texture":"#0","tintindex":0},"up":{"uv":[0.0,0.75,0.0,0.0],"rotation":0,"texture":"#0","tintindex":0},"down":{"uv":[0.0,0.0,0.0,0.75],"rotation":0,"texture":"#0","tintindex":0}}}],"display":{"head":{"translation":[0.0,-6.4,0.0],"scale":[4.0,4.0,4.0]}}}