{"textures":{"0":"modelengine:entity/pirate_zombie"},"elements":[{"from":[6.8,1.1428566,6.857143],"to":[9.085714,8.0,9.142858],"rotation":{"angle":0.0,"axis":"y","origin":[7.9428573,4.5714283,8.0]},"faces":{"east":{"uv":[0.0,5.75,0.5,7.25],"rotation":0,"texture":"#0","tintindex":0},"south":{"uv":[0.5,5.75,1.0,7.25],"rotation":0,"texture":"#0","tintindex":0},"north":{"uv":[4.125,5.25,4.625,6.75],"rotation":0,"texture":"#0","tintindex":0},"west":{"uv":[2.0,6.0,2.5,7.5],"rotation":0,"texture":"#0","tintindex":0},"up":{"uv":[8.25,3.625,7.75,3.125],"rotation":0,"texture":"#0","tintindex":0},"down":{"uv":[5.5,7.75,5.0,8.25],"rotation":0,"texture":"#0","tintindex":0}}}],"display":{"head":{"translation":[0.0,-6.4,0.0],"scale":[4.0,4.0,4.0]}}}