{"textures":{"0":"modelengine:entity/miner_zombie"},"elements":[{"from":[6.9142857,0.0,5.714286],"to":[8.514286,0.5714283,9.714286],"rotation":{"angle":22.5,"axis":"x","origin":[8.0,8.0,8.0]},"faces":{"east":{"uv":[12.25,9.5,14.0,9.75],"rotation":0,"texture":"#0","tintindex":0},"south":{"uv":[13.25,5.25,14.0,5.5],"rotation":0,"texture":"#0","tintindex":0},"north":{"uv":[5.0,13.25,5.75,13.5],"rotation":0,"texture":"#0","tintindex":0},"west":{"uv":[12.25,9.75,14.0,10.0],"rotation":0,"texture":"#0","tintindex":0},"up":{"uv":[13.25,4.75,12.5,3.0],"rotation":0,"texture":"#0","tintindex":0},"down":{"uv":[13.25,4.75,12.5,6.5],"rotation":0,"texture":"#0","tintindex":0}}},{"from":[6.9714284,-0.06446266,6.518924],"to":[8.457143,0.50696564,8.233211],"rotation":{"angle":0.0,"axis":"y","origin":[7.714286,0.19439077,6.7651377]},"faces":{"east":{"uv":[5.75,13.25,6.5,13.5],"rotation":0,"texture":"#0","tintindex":0},"south":{"uv":[13.25,5.75,14.0,6.0],"rotation":0,"texture":"#0","tintindex":0},"north":{"uv":[13.25,5.5,14.0,5.75],"rotation":0,"texture":"#0","tintindex":0},"west":{"uv":[13.25,6.0,14.0,6.25],"rotation":0,"texture":"#0","tintindex":0},"up":{"uv":[11.75,13.75,11.0,13.0],"rotation":0,"texture":"#0","tintindex":0},"down":{"uv":[14.0,3.0,13.25,3.75],"rotation":0,"texture":"#0","tintindex":0}}},{"from":[6.9714284,2.2293196,1.374816],"to":[8.457143,2.8007483,3.0891018],"rotation":{"angle":45.0,"axis":"x","origin":[7.714286,2.1721768,2.0605302]},"faces":{"east":{"uv":[10.0,13.25,10.75,13.5],"rotation":0,"texture":"#0","tintindex":0},"south":{"uv":[13.25,10.0,14.0,10.25],"rotation":0,"texture":"#0","tintindex":0},"north":{"uv":[13.25,6.25,14.0,6.5],"rotation":0,"texture":"#0","tintindex":0},"west":{"uv":[13.25,10.25,14.0,10.5],"rotation":0,"texture":"#0","tintindex":0},"up":{"uv":[14.0,4.5,13.25,3.75],"rotation":0,"texture":"#0","tintindex":0},"down":{"uv":[14.0,4.5,13.25,5.25],"rotation":0,"texture":"#0","tintindex":0}}},{"from":[7.257143,0.5714283,7.142857],"to":[8.285714,6.857143,8.285714],"rotation":{"angle":22.5,"axis":"x","origin":[8.0,8.0,8.0]},"faces":{"east":{"uv":[9.0,12.25,9.5,15.0],"rotation":0,"texture":"#0","tintindex":0},"south":{"uv":[9.5,12.25,10.0,15.0],"rotation":0,"texture":"#0","tintindex":0},"north":{"uv":[12.25,6.5,12.75,9.25],"rotation":0,"texture":"#0","tintindex":0},"west":{"uv":[12.25,11.5,12.75,14.25],"rotation":0,"texture":"#0","tintindex":0},"up":{"uv":[7.0,2.5,6.5,2.0],"rotation":0,"texture":"#0","tintindex":0},"down":{"uv":[7.0,2.5,6.5,3.0],"rotation":0,"texture":"#0","tintindex":0}}}],"display":{"head":{"translation":[0.0,-6.4,0.0],"scale":[4.0,4.0,4.0]}}}