{"textures":{"0":"modelengine:entity/miner_zombie"},"elements":[{"from":[6.8,1.1428566,6.857143],"to":[9.085714,8.0,9.142858],"rotation":{"angle":0.0,"axis":"y","origin":[7.9428573,4.5714283,8.0]},"faces":{"east":{"uv":[2.0,9.0,3.0,12.0],"rotation":0,"texture":"#0","tintindex":0},"south":{"uv":[9.0,4.5,10.0,7.5],"rotation":0,"texture":"#0","tintindex":0},"north":{"uv":[9.0,1.5,10.0,4.5],"rotation":0,"texture":"#0","tintindex":0},"west":{"uv":[9.25,7.5,10.25,10.5],"rotation":0,"texture":"#0","tintindex":0},"up":{"uv":[13.75,12.5,12.75,11.5],"rotation":0,"texture":"#0","tintindex":0},"down":{"uv":[13.75,12.5,12.75,13.5],"rotation":0,"texture":"#0","tintindex":0}}}],"display":{"head":{"translation":[0.0,-6.4,0.0],"scale":[4.0,4.0,4.0]}}}