{"textures":{"0":"modelengine:entity/miner_zombie"},"elements":[{"from":[7.4857144,2.2857141,6.857143],"to":[9.657143,6.285714,9.142858],"rotation":{"angle":22.5,"axis":"x","origin":[8.571428,5.714286,8.0]},"faces":{"east":{"uv":[9.0,10.5,10.0,12.25],"rotation":0,"texture":"#0","tintindex":0},"south":{"uv":[11.25,6.5,12.25,8.25],"rotation":0,"texture":"#0","tintindex":0},"north":{"uv":[10.25,10.0,11.25,11.75],"rotation":0,"texture":"#0","tintindex":0},"west":{"uv":[11.25,8.25,12.25,10.0],"rotation":0,"texture":"#0","tintindex":0},"up":{"uv":[5.0,13.75,4.0,12.75],"rotation":0,"texture":"#0","tintindex":0},"down":{"uv":[13.75,6.5,12.75,7.5],"rotation":0,"texture":"#0","tintindex":0}}},{"from":[7.428571,5.714286,6.857143],"to":[9.714286,9.142858,9.142858],"rotation":{"angle":0.0,"axis":"y","origin":[8.571428,5.714286,8.0]},"faces":{"east":{"uv":[1.0,12.0,2.0,13.5],"rotation":0,"texture":"#0","tintindex":0},"south":{"uv":[12.0,1.5,13.0,3.0],"rotation":0,"texture":"#0","tintindex":0},"north":{"uv":[0.0,12.0,1.0,13.5],"rotation":0,"texture":"#0","tintindex":0},"west":{"uv":[2.0,12.0,3.0,13.5],"rotation":0,"texture":"#0","tintindex":0},"up":{"uv":[13.75,8.5,12.75,7.5],"rotation":0,"texture":"#0","tintindex":0},"down":{"uv":[13.75,8.5,12.75,9.5],"rotation":0,"texture":"#0","tintindex":0}}}],"display":{"head":{"translation":[0.0,-6.4,0.0],"scale":[4.0,4.0,4.0]}}}