{"textures":{"0":"modelengine:entity/nether_zombie"},"elements":[{"from":[5.714286,8.0,5.714286],"to":[10.285714,12.571428,10.285714],"rotation":{"angle":0.0,"axis":"y","origin":[8.0,10.285714,8.0]},"faces":{"east":{"uv":[2.0,3.0,4.0,5.0],"rotation":0,"texture":"#0","tintindex":0},"south":{"uv":[4.0,0.0,6.0,2.0],"rotation":0,"texture":"#0","tintindex":0},"north":{"uv":[0.0,3.0,2.0,5.0],"rotation":0,"texture":"#0","tintindex":0},"west":{"uv":[4.0,2.0,6.0,4.0],"rotation":0,"texture":"#0","tintindex":0},"up":{"uv":[6.0,6.0,4.0,4.0],"rotation":0,"texture":"#0","tintindex":0},"down":{"uv":[2.0,5.0,0.0,7.0],"rotation":0,"texture":"#0","tintindex":0}}},{"from":[4.5714283,13.885715,5.714286],"to":[7.428571,15.028572,8.571428],"rotation":{"angle":22.5,"axis":"z","origin":[8.285714,12.571428,7.714286]},"faces":{"east":{"uv":[10.0,8.0,11.25,8.5],"rotation":0,"texture":"#0","tintindex":0},"south":{"uv":[10.25,1.5,11.5,2.0],"rotation":0,"texture":"#0","tintindex":0},"north":{"uv":[10.0,1.0,11.25,1.5],"rotation":0,"texture":"#0","tintindex":0},"west":{"uv":[10.25,2.0,11.5,2.5],"rotation":0,"texture":"#0","tintindex":0},"up":{"uv":[9.25,3.0,8.0,1.75],"rotation":0,"texture":"#0","tintindex":0},"down":{"uv":[9.25,8.5,8.0,9.75],"rotation":0,"texture":"#0","tintindex":0}}},{"from":[5.428571,12.742857,7.142857],"to":[6.5714283,13.885715,7.142857],"rotation":{"angle":22.5,"axis":"z","origin":[8.285714,12.571428,7.714286]},"faces":{"east":{"uv":[0.0,0.0,0.0,0.5],"rotation":0,"texture":"#0","tintindex":0},"south":{"uv":[6.0,10.5,6.5,11.0],"rotation":0,"texture":"#0","tintindex":0},"north":{"uv":[5.5,10.5,6.0,11.0],"rotation":0,"texture":"#0","tintindex":0},"west":{"uv":[0.0,0.0,0.0,0.5],"rotation":0,"texture":"#0","tintindex":0},"up":{"uv":[0.5,0.0,0.0,0.0],"rotation":0,"texture":"#0","tintindex":0},"down":{"uv":[0.5,0.0,0.0,0.0],"rotation":0,"texture":"#0","tintindex":0}}},{"from":[6.0,12.742857,6.5714283],"to":[6.0,13.885715,7.714286],"rotation":{"angle":22.5,"axis":"z","origin":[8.285714,12.571428,7.714286]},"faces":{"east":{"uv":[6.5,10.5,7.0,11.0],"rotation":0,"texture":"#0","tintindex":0},"south":{"uv":[0.0,0.0,0.0,0.5],"rotation":0,"texture":"#0","tintindex":0},"north":{"uv":[0.0,0.0,0.0,0.5],"rotation":0,"texture":"#0","tintindex":0},"west":{"uv":[9.0,10.5,9.5,11.0],"rotation":0,"texture":"#0","tintindex":0},"up":{"uv":[0.0,0.5,0.0,0.0],"rotation":0,"texture":"#0","tintindex":0},"down":{"uv":[0.0,0.0,0.0,0.5],"rotation":0,"texture":"#0","tintindex":0}}},{"from":[8.971429,11.828571,10.114286],"to":[8.971429,14.114286,11.257143],"rotation":{"angle":45.0,"axis":"x","origin":[8.285714,12.571428,7.714286]},"faces":{"east":{"uv":[4.5,10.5,5.0,11.5],"rotation":0,"texture":"#0","tintindex":0},"south":{"uv":[0.0,0.0,0.0,1.0],"rotation":0,"texture":"#0","tintindex":0},"north":{"uv":[0.0,0.0,0.0,1.0],"rotation":0,"texture":"#0","tintindex":0},"west":{"uv":[5.0,10.5,5.5,11.5],"rotation":0,"texture":"#0","tintindex":0},"up":{"uv":[0.0,0.5,0.0,0.0],"rotation":0,"texture":"#0","tintindex":0},"down":{"uv":[0.0,0.0,0.0,0.5],"rotation":0,"texture":"#0","tintindex":0}}},{"from":[7.8285713,14.114286,9.885715],"to":[10.114286,15.257143,12.171429],"rotation":{"angle":45.0,"axis":"x","origin":[8.285714,12.571428,7.714286]},"faces":{"east":{"uv":[7.0,10.25,8.0,10.75],"rotation":0,"texture":"#0","tintindex":0},"south":{"uv":[10.25,8.5,11.25,9.0],"rotation":0,"texture":"#0","tintindex":0},"north":{"uv":[10.25,2.5,11.25,3.0],"rotation":0,"texture":"#0","tintindex":0},"west":{"uv":[10.25,9.0,11.25,9.5],"rotation":0,"texture":"#0","tintindex":0},"up":{"uv":[10.0,8.5,9.0,7.5],"rotation":0,"texture":"#0","tintindex":0},"down":{"uv":[10.25,8.5,9.25,9.5],"rotation":0,"texture":"#0","tintindex":0}}},{"from":[8.4,11.828571,10.685715],"to":[9.542857,14.114286,10.685715],"rotation":{"angle":45.0,"axis":"x","origin":[8.285714,12.571428,7.714286]},"faces":{"east":{"uv":[0.0,0.0,0.0,1.0],"rotation":0,"texture":"#0","tintindex":0},"south":{"uv":[4.0,10.5,4.5,11.5],"rotation":0,"texture":"#0","tintindex":0},"north":{"uv":[10.25,9.5,10.75,10.5],"rotation":0,"texture":"#0","tintindex":0},"west":{"uv":[0.0,0.0,0.0,1.0],"rotation":0,"texture":"#0","tintindex":0},"up":{"uv":[0.5,0.0,0.0,0.0],"rotation":0,"texture":"#0","tintindex":0},"down":{"uv":[0.5,0.0,0.0,0.0],"rotation":0,"texture":"#0","tintindex":0}}}],"display":{"head":{"translation":[0.0,-6.4,0.0],"scale":[4.0,4.0,4.0]}}}