{"textures":{"0":"modelengine:entity/nether_zombie"},"elements":[{"from":[6.8,1.1428566,6.857143],"to":[9.085714,8.0,9.142858],"rotation":{"angle":0.0,"axis":"y","origin":[7.9428573,4.5714283,8.0]},"faces":{"east":{"uv":[6.0,3.0,7.0,6.0],"rotation":0,"texture":"#0","tintindex":0},"south":{"uv":[4.0,6.0,5.0,9.0],"rotation":0,"texture":"#0","tintindex":0},"north":{"uv":[6.0,0.0,7.0,3.0],"rotation":0,"texture":"#0","tintindex":0},"west":{"uv":[5.0,6.0,6.0,9.0],"rotation":0,"texture":"#0","tintindex":0},"up":{"uv":[11.0,5.0,10.0,4.0],"rotation":0,"texture":"#0","tintindex":0},"down":{"uv":[11.0,5.0,10.0,6.0],"rotation":0,"texture":"#0","tintindex":0}}}],"display":{"head":{"translation":[0.0,-6.4,0.0],"scale":[4.0,4.0,4.0]}}}