{"textures":{"0":"modelengine:entity/nether_zombie"},"elements":[{"from":[6.342857,2.2857141,6.857143],"to":[8.514286,6.285714,9.142858],"rotation":{"angle":22.5,"axis":"x","origin":[7.428571,5.714286,8.0]},"faces":{"east":{"uv":[7.0,6.75,8.0,8.5],"rotation":0,"texture":"#0","tintindex":0},"south":{"uv":[8.0,0.0,9.0,1.75],"rotation":0,"texture":"#0","tintindex":0},"north":{"uv":[7.0,5.0,8.0,6.75],"rotation":0,"texture":"#0","tintindex":0},"west":{"uv":[2.0,8.0,3.0,9.75],"rotation":0,"texture":"#0","tintindex":0},"up":{"uv":[10.25,10.5,9.25,9.5],"rotation":0,"texture":"#0","tintindex":0},"down":{"uv":[3.0,9.75,2.0,10.75],"rotation":0,"texture":"#0","tintindex":0}}},{"from":[6.285714,5.714286,6.857143],"to":[8.571428,9.142858,9.142858],"rotation":{"angle":0.0,"axis":"y","origin":[7.428571,5.714286,8.0]},"faces":{"east":{"uv":[9.0,3.0,10.0,4.5],"rotation":0,"texture":"#0","tintindex":0},"south":{"uv":[4.0,9.0,5.0,10.5],"rotation":0,"texture":"#0","tintindex":0},"north":{"uv":[9.0,0.0,10.0,1.5],"rotation":0,"texture":"#0","tintindex":0},"west":{"uv":[9.0,4.5,10.0,6.0],"rotation":0,"texture":"#0","tintindex":0},"up":{"uv":[4.0,10.75,3.0,9.75],"rotation":0,"texture":"#0","tintindex":0},"down":{"uv":[9.0,9.75,8.0,10.75],"rotation":0,"texture":"#0","tintindex":0}}}],"display":{"head":{"translation":[0.0,-6.4,0.0],"scale":[4.0,4.0,4.0]}}}