{"textures":{"0":"modelengine:entity/zc_scavenger"},"elements":[{"from":[7.428571,4.714286,7.428571],"to":[8.571428,8.714286,8.571428],"rotation":{"angle":0.0,"axis":"y","origin":[11.428572,7.5714283,8.285714]},"faces":{"east":{"uv":[8.5,5.5,9.0,7.25],"rotation":0,"texture":"#0","tintindex":0},"south":{"uv":[8.5,7.25,9.0,9.0],"rotation":0,"texture":"#0","tintindex":0},"north":{"uv":[8.0,8.25,8.5,10.0],"rotation":0,"texture":"#0","tintindex":0},"west":{"uv":[8.75,0.0,9.25,1.75],"rotation":0,"texture":"#0","tintindex":0},"up":{"uv":[9.0,11.0,8.5,10.5],"rotation":0,"texture":"#0","tintindex":0},"down":{"uv":[11.0,8.75,10.5,9.25],"rotation":0,"texture":"#0","tintindex":0}}}],"display":{"head":{"translation":[0.0,-6.4,0.0],"scale":[4.0,4.0,4.0]}}}