{"textures":{"0":"modelengine:entity/zc_scavenger"},"elements":[{"from":[7.428571,4.714286,7.428571],"to":[8.571428,8.714286,8.571428],"rotation":{"angle":0.0,"axis":"y","origin":[4.5714283,7.5714283,8.285714]},"faces":{"east":{"uv":[4.25,8.75,4.75,10.5],"rotation":0,"texture":"#0","tintindex":0},"south":{"uv":[9.0,1.75,9.5,3.5],"rotation":0,"texture":"#0","tintindex":0},"north":{"uv":[3.75,8.75,4.25,10.5],"rotation":0,"texture":"#0","tintindex":0},"west":{"uv":[9.0,3.5,9.5,5.25],"rotation":0,"texture":"#0","tintindex":0},"up":{"uv":[11.0,9.75,10.5,9.25],"rotation":0,"texture":"#0","tintindex":0},"down":{"uv":[11.0,9.75,10.5,10.25],"rotation":0,"texture":"#0","tintindex":0}}},{"from":[8.0,4.142857,8.0],"to":[9.142858,7.0,8.0],"rotation":{"angle":0.0,"axis":"y","origin":[8.0,8.0,8.0]},"faces":{"east":{"uv":[0.0,0.0,0.0,1.25],"rotation":0,"texture":"#0","tintindex":0},"south":{"uv":[6.25,10.0,6.75,11.25],"rotation":0,"texture":"#0","tintindex":0},"north":{"uv":[5.75,10.0,6.25,11.25],"rotation":0,"texture":"#0","tintindex":0},"west":{"uv":[0.0,0.0,0.0,1.25],"rotation":0,"texture":"#0","tintindex":0},"up":{"uv":[0.5,0.0,0.0,0.0],"rotation":0,"texture":"#0","tintindex":0},"down":{"uv":[0.5,0.0,0.0,0.0],"rotation":0,"texture":"#0","tintindex":0}}}],"display":{"head":{"translation":[0.0,-6.4,0.0],"scale":[4.0,4.0,4.0]}}}