{"textures":{"0":"modelengine:entity/zc_scavenger"},"elements":[{"from":[7.285714,5.044467,7.6592646],"to":[8.428572,8.473039,8.802121],"rotation":{"angle":-22.5,"axis":"x","origin":[7.5714283,7.3301816,8.230693]},"faces":{"east":{"uv":[9.5,8.0,10.0,9.5],"rotation":0,"texture":"#0","tintindex":0},"south":{"uv":[9.5,9.5,10.0,11.0],"rotation":0,"texture":"#0","tintindex":0},"north":{"uv":[9.5,6.5,10.0,8.0],"rotation":0,"texture":"#0","tintindex":0},"west":{"uv":[9.75,0.0,10.25,1.5],"rotation":0,"texture":"#0","tintindex":0},"up":{"uv":[11.25,6.75,10.75,6.25],"rotation":0,"texture":"#0","tintindex":0},"down":{"uv":[7.25,10.75,6.75,11.25],"rotation":0,"texture":"#0","tintindex":0}}}],"display":{"head":{"translation":[0.0,-6.4,0.0],"scale":[4.0,4.0,4.0]}}}