{"textures":{"0":"modelengine:entity/zc_scavenger"},"elements":[{"from":[5.142857,8.142858,7.428571],"to":[10.857143,12.142858,10.285714],"rotation":{"angle":-22.5,"axis":"x","origin":[8.0,6.428571,7.714286]},"faces":{"east":{"uv":[2.5,6.25,3.75,8.0],"rotation":0,"texture":"#0","tintindex":0},"south":{"uv":[4.25,1.75,6.75,3.5],"rotation":0,"texture":"#0","tintindex":0},"north":{"uv":[4.25,0.0,6.75,1.75],"rotation":0,"texture":"#0","tintindex":0},"west":{"uv":[6.25,3.5,7.5,5.25],"rotation":0,"texture":"#0","tintindex":0},"up":{"uv":[8.5,6.75,6.0,5.5],"rotation":0,"texture":"#0","tintindex":0},"down":{"uv":[2.5,6.25,0.0,7.5],"rotation":0,"texture":"#0","tintindex":0}}},{"from":[6.857143,8.693131,9.607937],"to":[8.0,10.407417,10.179365],"rotation":{"angle":-22.5,"axis":"x","origin":[5.714286,8.121703,7.3222227]},"faces":{"east":{"uv":[4.0,4.5,4.25,5.25],"rotation":0,"texture":"#0","tintindex":0},"south":{"uv":[11.0,4.75,11.5,5.5],"rotation":0,"texture":"#0","tintindex":0},"north":{"uv":[3.75,11.0,4.25,11.75],"rotation":0,"texture":"#0","tintindex":0},"west":{"uv":[3.75,6.25,4.0,7.0],"rotation":0,"texture":"#0","tintindex":0},"up":{"uv":[11.5,2.5,11.0,2.25],"rotation":0,"texture":"#0","tintindex":0},"down":{"uv":[11.5,5.5,11.0,5.75],"rotation":0,"texture":"#0","tintindex":0}}},{"from":[6.285714,10.285714,8.571428],"to":[9.142858,13.142858,8.571428],"rotation":{"angle":0.0,"axis":"y","origin":[8.0,8.0,8.0]},"faces":{"east":{"uv":[0.0,0.0,0.0,1.25],"rotation":0,"texture":"#0","tintindex":0},"south":{"uv":[11.0,8.75,12.25,10.0],"rotation":0,"texture":"#0","tintindex":0},"north":{"uv":[7.25,11.0,8.5,12.25],"rotation":0,"texture":"#0","tintindex":0},"west":{"uv":[0.0,0.0,0.0,1.25],"rotation":0,"texture":"#0","tintindex":0},"up":{"uv":[1.25,0.0,0.0,0.0],"rotation":0,"texture":"#0","tintindex":0},"down":{"uv":[1.25,0.0,0.0,0.0],"rotation":0,"texture":"#0","tintindex":0}}},{"from":[5.714286,9.857143,8.571428],"to":[9.142858,12.142858,8.571428],"rotation":{"angle":22.5,"axis":"x","origin":[8.0,8.0,8.0]},"faces":{"east":{"uv":[0.0,0.0,0.0,1.0],"rotation":0,"texture":"#0","tintindex":0},"south":{"uv":[11.0,10.0,12.5,11.0],"rotation":0,"texture":"#0","tintindex":0},"north":{"uv":[9.5,11.0,11.0,12.0],"rotation":0,"texture":"#0","tintindex":0},"west":{"uv":[0.0,0.0,0.0,1.0],"rotation":0,"texture":"#0","tintindex":0},"up":{"uv":[1.5,0.0,0.0,0.0],"rotation":0,"texture":"#0","tintindex":0},"down":{"uv":[1.5,0.0,0.0,0.0],"rotation":0,"texture":"#0","tintindex":0}}}],"display":{"head":{"translation":[0.0,-6.4,0.0],"scale":[4.0,4.0,4.0]}}}