{"parent":"minecraft:item/generated","textures":{"layer0":"minecraft:item/leather_horse_armor"},"overrides":[{"predicate":{"custom_model_data":1},"model":"modelengine:deepdiamgolem/head"},{"predicate":{"custom_model_data":2},"model":"modelengine:deepdiamgolem/bone"},{"predicate":{"custom_model_data":3},"model":"modelengine:deepdiamgolem/bone3"},{"predicate":{"custom_model_data":4},"model":"modelengine:deepdiamgolem/bone2"},{"predicate":{"custom_model_data":5},"model":"modelengine:deepdiamgolem/bone4"},{"predicate":{"custom_model_data":6},"model":"modelengine:deepdiamgolem/leftarm"},{"predicate":{"custom_model_data":7},"model":"modelengine:deepdiamgolem/rightarm"},{"predicate":{"custom_model_data":8},"model":"modelengine:deepdiamgolem/left_leg"},{"predicate":{"custom_model_data":9},"model":"modelengine:deepdiamgolem/right_leg"},{"predicate":{"custom_model_data":10},"model":"modelengine:madparrot/bone3"},{"predicate":{"custom_model_data":11},"model":"modelengine:madparrot/bone2"},{"predicate":{"custom_model_data":12},"model":"modelengine:madparrot/bone"},{"predicate":{"custom_model_data":13},"model":"modelengine:madparrot/bone4"},{"predicate":{"custom_model_data":14},"model":"modelengine:madparrot/bone5"},{"predicate":{"custom_model_data":15},"model":"modelengine:madparrot/head"},{"predicate":{"custom_model_data":16},"model":"modelengine:miner_zombie/head"},{"predicate":{"custom_model_data":17},"model":"modelengine:miner_zombie/body"},{"predicate":{"custom_model_data":18},"model":"modelengine:miner_zombie/left_arm"},{"predicate":{"custom_model_data":19},"model":"modelengine:miner_zombie/right_arm"},{"predicate":{"custom_model_data":20},"model":"modelengine:miner_zombie/bone"},{"predicate":{"custom_model_data":21},"model":"modelengine:miner_zombie/left_leg"},{"predicate":{"custom_model_data":22},"model":"modelengine:miner_zombie/right_leg"},{"predicate":{"custom_model_data":23},"model":"modelengine:nether_zombie/head"},{"predicate":{"custom_model_data":24},"model":"modelengine:nether_zombie/body"},{"predicate":{"custom_model_data":25},"model":"modelengine:nether_zombie/left_arm"},{"predicate":{"custom_model_data":26},"model":"modelengine:nether_zombie/bone2"},{"predicate":{"custom_model_data":27},"model":"modelengine:nether_zombie/right_arm"},{"predicate":{"custom_model_data":28},"model":"modelengine:nether_zombie/left_leg"},{"predicate":{"custom_model_data":29},"model":"modelengine:nether_zombie/right_leg"},{"predicate":{"custom_model_data":30},"model":"modelengine:pirate_zombie/head"},{"predicate":{"custom_model_data":31},"model":"modelengine:pirate_zombie/body"},{"predicate":{"custom_model_data":32},"model":"modelengine:pirate_zombie/left_arm"},{"predicate":{"custom_model_data":33},"model":"modelengine:pirate_zombie/right_arm"},{"predicate":{"custom_model_data":34},"model":"modelengine:pirate_zombie/bone"},{"predicate":{"custom_model_data":35},"model":"modelengine:pirate_zombie/left_leg"},{"predicate":{"custom_model_data":36},"model":"modelengine:pirate_zombie/right_leg"},{"predicate":{"custom_model_data":37},"model":"modelengine:toxishroom/bone"},{"predicate":{"custom_model_data":38},"model":"modelengine:toxishroom/bone2"},{"predicate":{"custom_model_data":39},"model":"modelengine:zc_corrupted_spike_1/bone"},{"predicate":{"custom_model_data":40},"model":"modelengine:zc_corrupted_spike_2/bone"},{"predicate":{"custom_model_data":41},"model":"modelengine:zc_corrupted_spire/bone"},{"predicate":{"custom_model_data":42},"model":"modelengine:zc_corrupted_spire/bone2"},{"predicate":{"custom_model_data":43},"model":"modelengine:zc_corrupted_spire/bone3"},{"predicate":{"custom_model_data":44},"model":"modelengine:zc_corrupted_spire/bone4"},{"predicate":{"custom_model_data":45},"model":"modelengine:zc_corrupted_spire/bone5"},{"predicate":{"custom_model_data":46},"model":"modelengine:zc_crusher/lower_body"},{"predicate":{"custom_model_data":47},"model":"modelengine:zc_crusher/upper_body"},{"predicate":{"custom_model_data":48},"model":"modelengine:zc_crusher/arm"},{"predicate":{"custom_model_data":49},"model":"modelengine:zc_crusher/arm_lower"},{"predicate":{"custom_model_data":50},"model":"modelengine:zc_crusher/r_arm"},{"predicate":{"custom_model_data":51},"model":"modelengine:zc_crusher/r_arm_lower"},{"predicate":{"custom_model_data":52},"model":"modelengine:zc_crusher/head"},{"predicate":{"custom_model_data":53},"model":"modelengine:zc_crusher/leg"},{"predicate":{"custom_model_data":54},"model":"modelengine:zc_crusher/leg_lower"},{"predicate":{"custom_model_data":55},"model":"modelengine:zc_crusher/foot"},{"predicate":{"custom_model_data":56},"model":"modelengine:zc_crusher/r_leg"},{"predicate":{"custom_model_data":57},"model":"modelengine:zc_crusher/r_leg_lower"},{"predicate":{"custom_model_data":58},"model":"modelengine:zc_crusher/r_foot"},{"predicate":{"custom_model_data":59},"model":"modelengine:zc_impaler/lower_body"},{"predicate":{"custom_model_data":60},"model":"modelengine:zc_impaler/upper_body"},{"predicate":{"custom_model_data":61},"model":"modelengine:zc_impaler/r_arm"},{"predicate":{"custom_model_data":62},"model":"modelengine:zc_impaler/r_arm_lower"},{"predicate":{"custom_model_data":63},"model":"modelengine:zc_impaler/arm"},{"predicate":{"custom_model_data":64},"model":"modelengine:zc_impaler/arm_lower"},{"predicate":{"custom_model_data":65},"model":"modelengine:zc_impaler/head"},{"predicate":{"custom_model_data":66},"model":"modelengine:zc_impaler/leg"},{"predicate":{"custom_model_data":67},"model":"modelengine:zc_impaler/leg_lower"},{"predicate":{"custom_model_data":68},"model":"modelengine:zc_impaler/foot"},{"predicate":{"custom_model_data":69},"model":"modelengine:zc_impaler/r_leg"},{"predicate":{"custom_model_data":70},"model":"modelengine:zc_impaler/r_leg_lower"},{"predicate":{"custom_model_data":71},"model":"modelengine:zc_impaler/r_foot"},{"predicate":{"custom_model_data":72},"model":"modelengine:zc_runner/lower_body"},{"predicate":{"custom_model_data":73},"model":"modelengine:zc_runner/upper_body"},{"predicate":{"custom_model_data":74},"model":"modelengine:zc_runner/head"},{"predicate":{"custom_model_data":75},"model":"modelengine:zc_runner/r_arm"},{"predicate":{"custom_model_data":76},"model":"modelengine:zc_runner/r_arm_lower"},{"predicate":{"custom_model_data":77},"model":"modelengine:zc_runner/arm"},{"predicate":{"custom_model_data":78},"model":"modelengine:zc_runner/arm_lower"},{"predicate":{"custom_model_data":79},"model":"modelengine:zc_runner/leg"},{"predicate":{"custom_model_data":80},"model":"modelengine:zc_runner/leg_lower"},{"predicate":{"custom_model_data":81},"model":"modelengine:zc_runner/foot"},{"predicate":{"custom_model_data":82},"model":"modelengine:zc_runner/r_leg"},{"predicate":{"custom_model_data":83},"model":"modelengine:zc_runner/r_leg_lower"},{"predicate":{"custom_model_data":84},"model":"modelengine:zc_runner/r_foot"},{"predicate":{"custom_model_data":85},"model":"modelengine:zc_scavenger/lower_body"},{"predicate":{"custom_model_data":86},"model":"modelengine:zc_scavenger/upper_body"},{"predicate":{"custom_model_data":87},"model":"modelengine:zc_scavenger/head"},{"predicate":{"custom_model_data":88},"model":"modelengine:zc_scavenger/arm"},{"predicate":{"custom_model_data":89},"model":"modelengine:zc_scavenger/arm_lower"},{"predicate":{"custom_model_data":90},"model":"modelengine:zc_scavenger/r_arm"},{"predicate":{"custom_model_data":91},"model":"modelengine:zc_scavenger/r_arm_lower"},{"predicate":{"custom_model_data":92},"model":"modelengine:zc_scavenger/leg"},{"predicate":{"custom_model_data":93},"model":"modelengine:zc_scavenger/leg_lower"},{"predicate":{"custom_model_data":94},"model":"modelengine:zc_scavenger/foot"},{"predicate":{"custom_model_data":95},"model":"modelengine:zc_scavenger/r_leg"},{"predicate":{"custom_model_data":96},"model":"modelengine:zc_scavenger/r_leg_lower"},{"predicate":{"custom_model_data":97},"model":"modelengine:zc_scavenger/r_foot"},{"predicate":{"custom_model_data":98},"model":"modelengine:zc_spitter/lower_body"},{"predicate":{"custom_model_data":99},"model":"modelengine:zc_spitter/upper_body"},{"predicate":{"custom_model_data":100},"model":"modelengine:zc_spitter/head"},{"predicate":{"custom_model_data":101},"model":"modelengine:zc_spitter/jaw"},{"predicate":{"custom_model_data":102},"model":"modelengine:zc_spitter/r_arm"},{"predicate":{"custom_model_data":103},"model":"modelengine:zc_spitter/r_arm_lower"},{"predicate":{"custom_model_data":104},"model":"modelengine:zc_spitter/arm"},{"predicate":{"custom_model_data":105},"model":"modelengine:zc_spitter/arm_lower"},{"predicate":{"custom_model_data":106},"model":"modelengine:zc_spitter/leg"},{"predicate":{"custom_model_data":107},"model":"modelengine:zc_spitter/leg_lower"},{"predicate":{"custom_model_data":108},"model":"modelengine:zc_spitter/foot"},{"predicate":{"custom_model_data":109},"model":"modelengine:zc_spitter/r_leg"},{"predicate":{"custom_model_data":110},"model":"modelengine:zc_spitter/r_leg_lower"},{"predicate":{"custom_model_data":111},"model":"modelengine:zc_spitter/r_foot"},{"predicate":{"custom_model_data":112},"model":"modelengine:zc_walker/lower_body"},{"predicate":{"custom_model_data":113},"model":"modelengine:zc_walker/upper_body"},{"predicate":{"custom_model_data":114},"model":"modelengine:zc_walker/head"},{"predicate":{"custom_model_data":115},"model":"modelengine:zc_walker/r_arm"},{"predicate":{"custom_model_data":116},"model":"modelengine:zc_walker/r_arm_lower"},{"predicate":{"custom_model_data":117},"model":"modelengine:zc_walker/arm"},{"predicate":{"custom_model_data":118},"model":"modelengine:zc_walker/arm_lower"},{"predicate":{"custom_model_data":119},"model":"modelengine:zc_walker/leg"},{"predicate":{"custom_model_data":120},"model":"modelengine:zc_walker/leg_lower"},{"predicate":{"custom_model_data":121},"model":"modelengine:zc_walker/foot"},{"predicate":{"custom_model_data":122},"model":"modelengine:zc_walker/r_leg"},{"predicate":{"custom_model_data":123},"model":"modelengine:zc_walker/r_leg_lower"},{"predicate":{"custom_model_data":124},"model":"modelengine:zc_walker/r_foot"},{"predicate":{"custom_model_data":125},"model":"modelengine:zombiebossz/head"},{"predicate":{"custom_model_data":126},"model":"modelengine:zombiebossz/body"},{"predicate":{"custom_model_data":127},"model":"modelengine:zombiebossz/body2"},{"predicate":{"custom_model_data":128},"model":"modelengine:zombiebossz/right_arm"},{"predicate":{"custom_model_data":129},"model":"modelengine:zombiebossz/left_arm"},{"predicate":{"custom_model_data":130},"model":"modelengine:zombiebossz/left_leg"},{"predicate":{"custom_model_data":131},"model":"modelengine:zombiebossz/right_leg"}]}