{"textures":{"0":"modelengine:entity/zc_runner"},"elements":[{"from":[10.5,10.0,7.5],"to":[14.5,18.0,7.5],"faces":{"south":{"uv":[6.25,2.0,7.25,4.0],"tintindex":0,"rotation":0,"texture":"#0"},"north":{"uv":[6.25,0.0,7.25,2.0],"tintindex":0,"rotation":0,"texture":"#0"}},"rotation":{"origin":[11.0,15.5,8.5],"angle":-22.5,"axis":"y"}},{"from":[12.0,13.0,7.5],"to":[14.0,13.0,10.5],"faces":{"up":{"uv":[11.0,9.0,10.5,8.25],"tintindex":0,"rotation":0,"texture":"#0"},"down":{"uv":[10.75,10.5,10.25,11.25],"tintindex":0,"rotation":0,"texture":"#0"}}},{"from":[4.0,8.0,3.5],"to":[12.0,16.0,12.5],"faces":{"east":{"uv":[0.0,0.0,2.25,2.0],"tintindex":0,"rotation":0,"texture":"#0"},"south":{"uv":[4.25,0.0,6.25,2.0],"tintindex":0,"rotation":0,"texture":"#0"},"north":{"uv":[0.0,4.0,2.0,6.0],"tintindex":0,"rotation":0,"texture":"#0"},"west":{"uv":[0.0,2.0,2.25,4.0],"tintindex":0,"rotation":0,"texture":"#0"},"up":{"uv":[4.25,2.25,2.25,0.0],"tintindex":0,"rotation":0,"texture":"#0"},"down":{"uv":[4.25,2.25,2.25,4.5],"tintindex":0,"rotation":0,"texture":"#0"}}}],"display":{"gui":{"rotation":[30,225,0]}}}