{"textures":{"0":"modelengine:entity/zc_runner"},"elements":[{"from":[6.5,6.0,4.5],"to":[9.5,8.0,9.5],"faces":{"east":{"uv":[9.25,8.5,10.5,9.0],"tintindex":0,"rotation":0,"texture":"#0"},"south":{"uv":[7.25,4.5,8.0,5.0],"tintindex":0,"rotation":0,"texture":"#0"},"north":{"uv":[5.25,6.5,6.0,7.0],"tintindex":0,"rotation":0,"texture":"#0"},"west":{"uv":[10.0,3.25,11.25,3.75],"tintindex":0,"rotation":0,"texture":"#0"},"up":{"uv":[10.0,7.25,9.25,6.0],"tintindex":0,"rotation":0,"texture":"#0"},"down":{"uv":[10.0,7.25,9.25,8.5],"tintindex":0,"rotation":0,"texture":"#0"}}}],"display":{"gui":{"rotation":[30,225,0]}}}