{"textures":{"0":"modelengine:entity/zc_runner"},"elements":[{"from":[8.75,2.0,9.5],"to":[8.75,3.0,10.5],"faces":{"east":{"uv":[3.75,9.25,4.0,9.5],"tintindex":0,"rotation":0,"texture":"#0"},"west":{"uv":[9.75,2.25,10.0,2.5],"tintindex":0,"rotation":0,"texture":"#0"}}},{"from":[7.75,2.0,6.5],"to":[10.75,8.0,9.5],"faces":{"east":{"uv":[8.25,1.5,9.0,3.0],"tintindex":0,"rotation":0,"texture":"#0"},"south":{"uv":[8.25,3.0,9.0,4.5],"tintindex":0,"rotation":0,"texture":"#0"},"north":{"uv":[8.25,0.0,9.0,1.5],"tintindex":0,"rotation":0,"texture":"#0"},"west":{"uv":[5.0,8.5,5.75,10.0],"tintindex":0,"rotation":0,"texture":"#0"},"up":{"uv":[10.75,8.25,10.0,7.5],"tintindex":0,"rotation":0,"texture":"#0"},"down":{"uv":[8.75,10.0,8.0,10.75],"tintindex":0,"rotation":0,"texture":"#0"}}},{"from":[9.75,2.0,9.5],"to":[10.75,2.0,10.5],"faces":{"up":{"uv":[10.0,2.75,9.75,2.5],"tintindex":0,"rotation":0,"texture":"#0"},"down":{"uv":[10.0,2.75,9.75,3.0],"tintindex":0,"rotation":0,"texture":"#0"}}}],"display":{"gui":{"rotation":[30,225,0]}}}