{"textures":{"0":"modelengine:entity/zc_runner"},"elements":[{"from":[6.5,4.0,6.5],"to":[9.5,8.0,9.5],"faces":{"east":{"uv":[9.75,4.0,10.5,5.0],"tintindex":0,"rotation":0,"texture":"#0"},"south":{"uv":[9.75,5.0,10.5,6.0],"tintindex":0,"rotation":0,"texture":"#0"},"north":{"uv":[9.75,1.25,10.5,2.25],"tintindex":0,"rotation":0,"texture":"#0"},"west":{"uv":[10.0,2.25,10.75,3.25],"tintindex":0,"rotation":0,"texture":"#0"},"up":{"uv":[10.25,10.75,9.5,10.0],"tintindex":0,"rotation":0,"texture":"#0"},"down":{"uv":[0.75,10.25,0.0,11.0],"tintindex":0,"rotation":0,"texture":"#0"}}}],"display":{"gui":{"rotation":[30,225,0]}}}