{"textures":{"0":"modelengine:entity/zc_runner"},"elements":[{"from":[6.0,2.0,6.0],"to":[10.0,8.0,10.0],"faces":{"east":{"uv":[0.0,7.25,1.0,8.75],"tintindex":0,"rotation":0,"texture":"#0"},"south":{"uv":[7.25,0.0,8.25,1.5],"tintindex":0,"rotation":0,"texture":"#0"},"north":{"uv":[6.5,7.0,7.5,8.5],"tintindex":0,"rotation":0,"texture":"#0"},"west":{"uv":[1.0,7.25,2.0,8.75],"tintindex":0,"rotation":0,"texture":"#0"},"up":{"uv":[7.25,5.0,6.25,4.0],"tintindex":0,"rotation":0,"texture":"#0"},"down":{"uv":[10.0,3.0,9.0,4.0],"tintindex":0,"rotation":0,"texture":"#0"}}}],"display":{"gui":{"rotation":[30,225,0]}}}