{"textures":{"0":"modelengine:entity/zc_impaler"},"elements":[{"from":[6.0,6.0,2.0],"to":[10.0,8.0,10.0],"faces":{"east":{"uv":[9.125,5.25,10.125,5.5],"tintindex":0,"rotation":0,"texture":"#0"},"south":{"uv":[9.125,9.25,9.625,9.5],"tintindex":0,"rotation":0,"texture":"#0"},"north":{"uv":[9.25,6.0,9.75,6.25],"tintindex":0,"rotation":0,"texture":"#0"},"west":{"uv":[9.125,5.5,10.125,5.75],"tintindex":0,"rotation":0,"texture":"#0"},"up":{"uv":[7.875,6.5,7.375,5.5],"tintindex":0,"rotation":0,"texture":"#0"},"down":{"uv":[8.0,0.0,7.5,1.0],"tintindex":0,"rotation":0,"texture":"#0"}}}],"display":{"gui":{"rotation":[30,225,0]}}}