{"textures":{"0":"modelengine:entity/zc_impaler"},"elements":[{"from":[3.625,0.6588974,7.0995884],"to":[6.625,9.658897,10.099588],"faces":{"east":{"uv":[0.0,8.25,0.375,9.375],"tintindex":0,"rotation":0,"texture":"#0"},"south":{"uv":[0.375,8.25,0.75,9.375],"tintindex":0,"rotation":0,"texture":"#0"},"north":{"uv":[8.125,6.375,8.5,7.5],"tintindex":0,"rotation":0,"texture":"#0"},"west":{"uv":[8.25,1.125,8.625,2.25],"tintindex":0,"rotation":0,"texture":"#0"},"up":{"uv":[3.875,9.625,3.5,9.25],"tintindex":0,"rotation":0,"texture":"#0"},"down":{"uv":[9.625,3.75,9.25,4.125],"tintindex":0,"rotation":0,"texture":"#0"}},"rotation":{"origin":[2.125,9.813623,4.6508813],"angle":45.0,"axis":"x"}},{"from":[2.625,5.0,5.5],"to":[7.625,11.0,9.5],"faces":{"east":{"uv":[4.625,8.25,5.125,9.0],"tintindex":0,"rotation":0,"texture":"#0"},"south":{"uv":[5.125,7.875,5.75,8.625],"tintindex":0,"rotation":0,"texture":"#0"},"north":{"uv":[7.75,4.5,8.375,5.25],"tintindex":0,"rotation":0,"texture":"#0"},"west":{"uv":[8.25,5.25,8.75,6.0],"tintindex":0,"rotation":0,"texture":"#0"},"up":{"uv":[9.375,1.0,8.75,0.5],"tintindex":0,"rotation":0,"texture":"#0"},"down":{"uv":[9.375,1.875,8.75,2.375],"tintindex":0,"rotation":0,"texture":"#0"}},"rotation":{"origin":[8.0,8.0,8.0],"angle":22.5,"axis":"x"}}],"display":{"gui":{"rotation":[30,225,0]}}}