{"textures":{"0":"modelengine:entity/zc_impaler"},"elements":[{"from":[3.5,6.4363766,4.8491187],"to":[12.5,13.436377,10.849119],"faces":{"east":{"uv":[6.75,6.75,7.5,7.625],"tintindex":0,"rotation":0,"texture":"#0"},"south":{"uv":[5.75,4.25,6.875,5.125],"tintindex":0,"rotation":0,"texture":"#0"},"north":{"uv":[0.0,5.75,1.125,6.625],"tintindex":0,"rotation":0,"texture":"#0"},"west":{"uv":[6.875,3.625,7.625,4.5],"tintindex":0,"rotation":0,"texture":"#0"},"up":{"uv":[7.375,6.75,6.25,6.0],"tintindex":0,"rotation":0,"texture":"#0"},"down":{"uv":[7.5,2.875,6.375,3.625],"tintindex":0,"rotation":0,"texture":"#0"}}}],"display":{"gui":{"rotation":[30,225,0]}}}