{"textures":{"0":"modelengine:entity/zc_impaler"},"elements":[{"from":[6.0,6.0,2.0],"to":[10.0,8.0,10.0],"faces":{"east":{"uv":[8.5,7.25,9.5,7.5],"tintindex":0,"rotation":0,"texture":"#0"},"south":{"uv":[9.25,4.875,9.75,5.125],"tintindex":0,"rotation":0,"texture":"#0"},"north":{"uv":[7.0,1.0,7.5,1.25],"tintindex":0,"rotation":0,"texture":"#0"},"west":{"uv":[9.0,1.0,10.0,1.25],"tintindex":0,"rotation":0,"texture":"#0"},"up":{"uv":[7.5,1.0,7.0,0.0],"tintindex":0,"rotation":0,"texture":"#0"},"down":{"uv":[7.75,4.5,7.25,5.5],"tintindex":0,"rotation":0,"texture":"#0"}}}],"display":{"gui":{"rotation":[30,225,0]}}}