{"textures":{"0":"modelengine:entity/lion"},"elements":[{"from":[7.7192755,6.03473,8.040045],"to":[8.3693905,7.588663,8.785447],"rotation":{"angle":22.5,"axis":"x","origin":[7.7034187,5.2348814,9.741214]},"faces":{"east":{"uv":[3.25,9.875,3.75,11.125],"rotation":0,"texture":"#0","tintindex":0},"south":{"uv":[3.75,9.875,4.25,11.125],"rotation":0,"texture":"#0","tintindex":0},"north":{"uv":[9.875,0.0,10.375,1.25],"rotation":0,"texture":"#0","tintindex":0},"west":{"uv":[6.375,10.0,6.875,11.25],"rotation":0,"texture":"#0","tintindex":0},"up":{"uv":[13.375,1.25,12.875,0.75],"rotation":0,"texture":"#0","tintindex":0},"down":{"uv":[13.375,1.25,12.875,1.75],"rotation":0,"texture":"#0","tintindex":0}}},{"from":[7.7668447,7.1812487,8.182509],"to":[8.305964,7.990077,9.577877],"rotation":{"angle":22.5,"axis":"x","origin":[11.223553,8.143871,9.595897]},"faces":{"east":{"uv":[10.375,0.75,11.5,1.25],"rotation":0,"texture":"#0","tintindex":0},"south":{"uv":[2.75,13.375,3.125,13.875],"rotation":0,"texture":"#0","tintindex":0},"north":{"uv":[0.75,13.375,1.125,13.875],"rotation":0,"texture":"#0","tintindex":0},"west":{"uv":[9.125,10.5,10.25,11.0],"rotation":0,"texture":"#0","tintindex":0},"up":{"uv":[8.625,13.25,8.25,12.125],"rotation":0,"texture":"#0","tintindex":0},"down":{"uv":[12.125,12.125,11.75,13.25],"rotation":0,"texture":"#0","tintindex":0}}},{"from":[7.592424,6.2636337,8.356787],"to":[8.527955,6.5966196,9.260605],"rotation":{"angle":0.0,"axis":"y","origin":[8.044776,6.203263,8.983057]},"faces":{"east":{"uv":[13.375,3.125,14.125,3.375],"rotation":0,"texture":"#0","tintindex":0},"south":{"uv":[13.375,3.375,14.125,3.625],"rotation":0,"texture":"#0","tintindex":0},"north":{"uv":[13.375,2.875,14.125,3.125],"rotation":0,"texture":"#0","tintindex":0},"west":{"uv":[13.375,3.625,14.125,3.875],"rotation":0,"texture":"#0","tintindex":0},"up":{"uv":[11.375,3.875,10.625,3.125],"rotation":0,"texture":"#0","tintindex":0},"down":{"uv":[11.375,3.875,10.625,4.625],"rotation":0,"texture":"#0","tintindex":0}}},{"from":[7.847665,6.239849,8.078326],"to":[7.942804,6.4301267,8.268603],"rotation":{"angle":22.5,"axis":"y","origin":[8.044776,6.203263,9.030626]},"faces":{"east":{"uv":[14.375,1.125,14.5,1.25],"rotation":0,"texture":"#0","tintindex":0},"south":{"uv":[14.375,2.0,14.5,2.125],"rotation":0,"texture":"#0","tintindex":0},"north":{"uv":[14.375,1.0,14.5,1.125],"rotation":0,"texture":"#0","tintindex":0},"west":{"uv":[14.375,2.125,14.5,2.25],"rotation":0,"texture":"#0","tintindex":0},"up":{"uv":[14.5,2.375,14.375,2.25],"rotation":0,"texture":"#0","tintindex":0},"down":{"uv":[2.5,14.375,2.375,14.5],"rotation":0,"texture":"#0","tintindex":0}}},{"from":[7.9729786,6.239849,8.055514],"to":[8.068117,6.4301267,8.245791],"rotation":{"angle":0.0,"axis":"y","origin":[8.044776,6.203263,9.030626]},"faces":{"east":{"uv":[2.5,14.375,2.625,14.5],"rotation":0,"texture":"#0","tintindex":0},"south":{"uv":[14.375,2.5,14.5,2.625],"rotation":0,"texture":"#0","tintindex":0},"north":{"uv":[14.375,2.375,14.5,2.5],"rotation":0,"texture":"#0","tintindex":0},"west":{"uv":[14.375,2.625,14.5,2.75],"rotation":0,"texture":"#0","tintindex":0},"up":{"uv":[3.625,14.5,3.5,14.375],"rotation":0,"texture":"#0","tintindex":0},"down":{"uv":[3.75,14.375,3.625,14.5],"rotation":0,"texture":"#0","tintindex":0}}},{"from":[8.1629925,6.239849,8.084733],"to":[8.258131,6.4301267,8.27501],"rotation":{"angle":-22.5,"axis":"y","origin":[8.044776,6.203263,9.030626]},"faces":{"east":{"uv":[3.875,14.375,4.0,14.5],"rotation":0,"texture":"#0","tintindex":0},"south":{"uv":[14.375,3.875,14.5,4.0],"rotation":0,"texture":"#0","tintindex":0},"north":{"uv":[3.75,14.375,3.875,14.5],"rotation":0,"texture":"#0","tintindex":0},"west":{"uv":[4.0,14.375,4.125,14.5],"rotation":0,"texture":"#0","tintindex":0},"up":{"uv":[14.5,4.125,14.375,4.0],"rotation":0,"texture":"#0","tintindex":0},"down":{"uv":[4.25,14.375,4.125,14.5],"rotation":0,"texture":"#0","tintindex":0}}},{"from":[8.044337,6.2794905,8.133739],"to":[8.424892,6.628332,8.609433],"rotation":{"angle":-22.5,"axis":"y","origin":[8.044776,6.203263,8.983057]},"faces":{"east":{"uv":[14.0,10.75,14.375,11.0],"rotation":0,"texture":"#0","tintindex":0},"south":{"uv":[13.875,14.125,14.125,14.375],"rotation":0,"texture":"#0","tintindex":0},"north":{"uv":[13.625,14.125,13.875,14.375],"rotation":0,"texture":"#0","tintindex":0},"west":{"uv":[14.0,11.375,14.375,11.625],"rotation":0,"texture":"#0","tintindex":0},"up":{"uv":[9.0,14.375,8.75,14.0],"rotation":0,"texture":"#0","tintindex":0},"down":{"uv":[10.125,14.0,9.875,14.375],"rotation":0,"texture":"#0","tintindex":0}}},{"from":[7.830271,6.2794905,8.103084],"to":[8.226682,6.628332,8.578777],"rotation":{"angle":0.0,"axis":"y","origin":[8.044776,6.203263,8.983057]},"faces":{"east":{"uv":[14.0,12.625,14.375,12.875],"rotation":0,"texture":"#0","tintindex":0},"south":{"uv":[14.0,12.875,14.375,13.125],"rotation":0,"texture":"#0","tintindex":0},"north":{"uv":[14.0,11.625,14.375,11.875],"rotation":0,"texture":"#0","tintindex":0},"west":{"uv":[13.0,14.0,13.375,14.25],"rotation":0,"texture":"#0","tintindex":0},"up":{"uv":[14.125,9.25,13.75,8.875],"rotation":0,"texture":"#0","tintindex":0},"down":{"uv":[9.875,13.75,9.5,14.125],"rotation":0,"texture":"#0","tintindex":0}}},{"from":[7.7126174,6.2794905,8.127333],"to":[8.029747,6.628332,8.603026],"rotation":{"angle":22.5,"axis":"y","origin":[8.044776,6.203263,8.983057]},"faces":{"east":{"uv":[14.125,0.0,14.5,0.25],"rotation":0,"texture":"#0","tintindex":0},"south":{"uv":[14.125,14.125,14.375,14.375],"rotation":0,"texture":"#0","tintindex":0},"north":{"uv":[14.125,13.875,14.375,14.125],"rotation":0,"texture":"#0","tintindex":0},"west":{"uv":[14.125,0.25,14.5,0.5],"rotation":0,"texture":"#0","tintindex":0},"up":{"uv":[14.375,0.875,14.125,0.5],"rotation":0,"texture":"#0","tintindex":0},"down":{"uv":[14.375,0.875,14.125,1.25],"rotation":0,"texture":"#0","tintindex":0}}}],"display":{"head":{"translation":[0.0,-6.4,0.0],"scale":[4.0,4.0,4.0]}}}