{"textures":{"0":"modelengine:entity/lion"},"elements":[{"from":[7.804544,6.929152,7.64352],"to":[8.407863,8.027502,8.478885],"rotation":{"angle":0.0,"axis":"y","origin":[8.732727,7.2230763,7.5507016]},"faces":{"east":{"uv":[8.125,11.25,8.75,12.125],"rotation":0,"texture":"#0","tintindex":0},"south":{"uv":[5.625,12.125,6.125,13.0],"rotation":0,"texture":"#0","tintindex":0},"north":{"uv":[12.0,2.75,12.5,3.625],"rotation":0,"texture":"#0","tintindex":0},"west":{"uv":[11.375,2.125,12.0,3.0],"rotation":0,"texture":"#0","tintindex":0},"up":{"uv":[11.375,13.125,10.875,12.5],"rotation":0,"texture":"#0","tintindex":0},"down":{"uv":[13.0,12.0,12.5,12.625],"rotation":0,"texture":"#0","tintindex":0}}},{"from":[7.7426653,7.470592,7.7672777],"to":[8.485211,8.460653,8.7573395],"rotation":{"angle":-45.0,"axis":"x","origin":[7.3404527,7.59435,8.0457325]},"faces":{"east":{"uv":[10.5,1.875,11.25,2.625],"rotation":0,"texture":"#0","tintindex":0},"south":{"uv":[9.125,11.75,9.75,12.5],"rotation":0,"texture":"#0","tintindex":0},"north":{"uv":[11.75,8.875,12.375,9.625],"rotation":0,"texture":"#0","tintindex":0},"west":{"uv":[6.875,10.5,7.625,11.25],"rotation":0,"texture":"#0","tintindex":0},"up":{"uv":[12.375,11.375,11.75,10.625],"rotation":0,"texture":"#0","tintindex":0},"down":{"uv":[12.375,11.375,11.75,12.125],"rotation":0,"texture":"#0","tintindex":0}}}],"display":{"head":{"translation":[0.0,-6.4,0.0],"scale":[4.0,4.0,4.0]}}}