{"textures":{"0":"modelengine:entity/lion"},"elements":[{"from":[8.021358,7.366647,6.571264],"to":[8.848512,8.635163,7.220992],"rotation":{"angle":22.5,"axis":"x","origin":[8.040457,5.881554,6.2618694]},"faces":{"east":{"uv":[2.25,11.75,2.75,12.75],"rotation":0,"texture":"#0","tintindex":0},"south":{"uv":[12.375,6.625,12.75,7.625],"rotation":0,"texture":"#0","tintindex":0},"north":{"uv":[12.375,5.625,12.75,6.625],"rotation":0,"texture":"#0","tintindex":0},"west":{"uv":[11.75,4.875,12.25,5.875],"rotation":0,"texture":"#0","tintindex":0},"up":{"uv":[3.875,13.75,3.5,13.25],"rotation":0,"texture":"#0","tintindex":0},"down":{"uv":[9.875,13.25,9.5,13.75],"rotation":0,"texture":"#0","tintindex":0}}},{"from":[9.107867,6.802002,6.6486125],"to":[9.2006855,6.987639,6.834249],"rotation":{"angle":-22.5,"axis":"y","origin":[8.875822,6.802002,6.014354]},"faces":{"east":{"uv":[8.875,13.875,9.0,14.0],"rotation":0,"texture":"#0","tintindex":0},"south":{"uv":[13.875,9.25,14.0,9.375],"rotation":0,"texture":"#0","tintindex":0},"north":{"uv":[8.25,13.875,8.375,14.0],"rotation":0,"texture":"#0","tintindex":0},"west":{"uv":[7.75,14.0,7.875,14.125],"rotation":0,"texture":"#0","tintindex":0},"up":{"uv":[13.25,14.375,13.125,14.25],"rotation":0,"texture":"#0","tintindex":0},"down":{"uv":[14.375,13.125,14.25,13.25],"rotation":0,"texture":"#0","tintindex":0}}},{"from":[8.690186,6.8406763,6.679552],"to":[9.061459,7.1810102,7.1436434],"rotation":{"angle":-22.5,"axis":"y","origin":[8.690186,6.8406763,6.679552]},"faces":{"east":{"uv":[6.0,14.0,6.375,14.25],"rotation":0,"texture":"#0","tintindex":0},"south":{"uv":[11.625,14.125,11.875,14.375],"rotation":0,"texture":"#0","tintindex":0},"north":{"uv":[11.375,14.125,11.625,14.375],"rotation":0,"texture":"#0","tintindex":0},"west":{"uv":[6.375,14.0,6.75,14.25],"rotation":0,"texture":"#0","tintindex":0},"up":{"uv":[7.0,14.375,6.75,14.0],"rotation":0,"texture":"#0","tintindex":0},"down":{"uv":[14.25,6.75,14.0,7.125],"rotation":0,"texture":"#0","tintindex":0}}},{"from":[7.560896,6.802002,6.6486125],"to":[7.653714,6.987639,6.834249],"rotation":{"angle":22.5,"axis":"y","origin":[7.8548207,6.802002,6.014354]},"faces":{"east":{"uv":[14.25,13.25,14.375,13.375],"rotation":0,"texture":"#0","tintindex":0},"south":{"uv":[14.25,13.375,14.375,13.5],"rotation":0,"texture":"#0","tintindex":0},"north":{"uv":[13.25,14.25,13.375,14.375],"rotation":0,"texture":"#0","tintindex":0},"west":{"uv":[14.25,13.5,14.375,13.625],"rotation":0,"texture":"#0","tintindex":0},"up":{"uv":[14.375,13.75,14.25,13.625],"rotation":0,"texture":"#0","tintindex":0},"down":{"uv":[14.375,13.75,14.25,13.875],"rotation":0,"texture":"#0","tintindex":0}}},{"from":[7.731063,6.8406763,6.679552],"to":[8.040457,7.1810102,7.1436434],"rotation":{"angle":22.5,"axis":"y","origin":[8.040457,6.8406763,6.679552]},"faces":{"east":{"uv":[7.0,14.0,7.375,14.25],"rotation":0,"texture":"#0","tintindex":0},"south":{"uv":[13.375,14.125,13.625,14.375],"rotation":0,"texture":"#0","tintindex":0},"north":{"uv":[12.625,14.125,12.875,14.375],"rotation":0,"texture":"#0","tintindex":0},"west":{"uv":[7.375,14.0,7.75,14.25],"rotation":0,"texture":"#0","tintindex":0},"up":{"uv":[8.5,14.375,8.25,14.0],"rotation":0,"texture":"#0","tintindex":0},"down":{"uv":[8.75,14.0,8.5,14.375],"rotation":0,"texture":"#0","tintindex":0}}},{"from":[8.164215,6.8406763,6.586734],"to":[8.550958,7.1810102,7.050825],"rotation":{"angle":0.0,"axis":"y","origin":[8.628306,6.8406763,6.586734]},"faces":{"east":{"uv":[14.0,9.5,14.375,9.75],"rotation":0,"texture":"#0","tintindex":0},"south":{"uv":[14.0,9.75,14.375,10.0],"rotation":0,"texture":"#0","tintindex":0},"north":{"uv":[14.0,9.25,14.375,9.5],"rotation":0,"texture":"#0","tintindex":0},"west":{"uv":[14.0,10.5,14.375,10.75],"rotation":0,"texture":"#0","tintindex":0},"up":{"uv":[14.125,8.5,13.75,8.125],"rotation":0,"texture":"#0","tintindex":0},"down":{"uv":[14.125,8.5,13.75,8.875],"rotation":0,"texture":"#0","tintindex":0}}},{"from":[8.303442,6.802002,6.5403247],"to":[8.39626,6.987639,6.725961],"rotation":{"angle":0.0,"axis":"y","origin":[8.597367,6.802002,5.921536]},"faces":{"east":{"uv":[14.375,0.5,14.5,0.625],"rotation":0,"texture":"#0","tintindex":0},"south":{"uv":[0.625,14.375,0.75,14.5],"rotation":0,"texture":"#0","tintindex":0},"north":{"uv":[0.5,14.375,0.625,14.5],"rotation":0,"texture":"#0","tintindex":0},"west":{"uv":[14.375,0.625,14.5,0.75],"rotation":0,"texture":"#0","tintindex":0},"up":{"uv":[14.5,0.875,14.375,0.75],"rotation":0,"texture":"#0","tintindex":0},"down":{"uv":[14.5,0.875,14.375,1.0],"rotation":0,"texture":"#0","tintindex":0}}},{"from":[7.932169,6.8252068,6.834249],"to":[8.844882,7.1500707,7.716023],"rotation":{"angle":0.0,"axis":"y","origin":[8.040457,5.355584,5.9524755]},"faces":{"east":{"uv":[13.375,1.0,14.125,1.25],"rotation":0,"texture":"#0","tintindex":0},"south":{"uv":[13.375,1.25,14.125,1.5],"rotation":0,"texture":"#0","tintindex":0},"north":{"uv":[13.375,0.75,14.125,1.0],"rotation":0,"texture":"#0","tintindex":0},"west":{"uv":[13.375,1.5,14.125,1.75],"rotation":0,"texture":"#0","tintindex":0},"up":{"uv":[8.375,11.25,7.625,10.5],"rotation":0,"texture":"#0","tintindex":0},"down":{"uv":[9.125,10.5,8.375,11.25],"rotation":0,"texture":"#0","tintindex":0}}}],"display":{"head":{"translation":[0.0,-6.4,0.0],"scale":[4.0,4.0,4.0]}}}