{"textures":{"0":"modelengine:entity/lion"},"elements":[{"from":[7.8552265,7.51119,7.354686],"to":[8.393356,7.9120364,9.197327],"rotation":{"angle":22.5,"axis":"x","origin":[7.266778,6.593552,8.820643]},"faces":{"east":{"uv":[12.75,10.25,13.75,10.5],"rotation":0,"texture":"#0","tintindex":0},"south":{"uv":[9.75,7.25,10.125,7.5],"rotation":0,"texture":"#0","tintindex":0},"north":{"uv":[4.375,9.25,4.75,9.5],"rotation":0,"texture":"#0","tintindex":0},"west":{"uv":[12.75,11.125,13.75,11.375],"rotation":0,"texture":"#0","tintindex":0},"up":{"uv":[3.125,13.375,2.75,12.375],"rotation":0,"texture":"#0","tintindex":0},"down":{"uv":[3.5,12.375,3.125,13.375],"rotation":0,"texture":"#0","tintindex":0}}},{"from":[7.895824,7.740242,9.385355],"to":[8.352758,8.177839,10.580201],"rotation":{"angle":-22.5,"axis":"x","origin":[8.26932,7.765669,10.44687]},"faces":{"east":{"uv":[13.25,11.625,14.0,11.875],"rotation":0,"texture":"#0","tintindex":0},"south":{"uv":[2.25,10.75,2.5,11.0],"rotation":0,"texture":"#0","tintindex":0},"north":{"uv":[6.5,8.75,6.75,9.0],"rotation":0,"texture":"#0","tintindex":0},"west":{"uv":[11.75,13.25,12.5,13.5],"rotation":0,"texture":"#0","tintindex":0},"up":{"uv":[1.375,6.25,1.125,5.5],"rotation":0,"texture":"#0","tintindex":0},"down":{"uv":[3.25,7.5,3.0,8.25],"rotation":0,"texture":"#0","tintindex":0}}},{"from":[7.9132376,8.864897,10.61535],"to":[8.316008,9.264461,11.663297],"rotation":{"angle":-45.0,"axis":"x","origin":[7.266778,8.24162,11.912756]},"faces":{"east":{"uv":[5.125,9.5,5.75,9.75],"rotation":0,"texture":"#0","tintindex":0},"south":{"uv":[5.75,14.125,6.0,14.375],"rotation":0,"texture":"#0","tintindex":0},"north":{"uv":[12.0,3.625,12.25,3.875],"rotation":0,"texture":"#0","tintindex":0},"west":{"uv":[11.75,9.625,12.375,9.875],"rotation":0,"texture":"#0","tintindex":0},"up":{"uv":[7.5,9.625,7.25,9.0],"rotation":0,"texture":"#0","tintindex":0},"down":{"uv":[11.0,5.375,10.75,6.0],"rotation":0,"texture":"#0","tintindex":0}}}],"display":{"head":{"translation":[0.0,-6.4,0.0],"scale":[4.0,4.0,4.0]}}}