{"textures":{"0":"modelengine:entity/lion"},"elements":[{"from":[7.644057,7.6325107,6.595704],"to":[8.673984,7.9387913,7.823148],"rotation":{"angle":22.5,"axis":"x","origin":[6.7725916,6.9358683,8.154295]},"faces":{"east":{"uv":[14.125,5.375,14.875,5.5],"rotation":0,"texture":"#0","tintindex":0},"south":{"uv":[9.0,14.125,9.625,14.25],"rotation":0,"texture":"#0","tintindex":0},"north":{"uv":[13.125,11.0,13.75,11.125],"rotation":0,"texture":"#0","tintindex":0},"west":{"uv":[13.625,12.375,14.25,12.625],"rotation":0,"texture":"#0","tintindex":0},"up":{"uv":[12.5,0.75,11.875,0.0],"rotation":0,"texture":"#0","tintindex":0},"down":{"uv":[12.5,1.125,11.875,1.875],"rotation":0,"texture":"#0","tintindex":0}}},{"from":[7.6057715,7.5942254,6.5574193],"to":[8.683265,7.9770765,6.8254147],"rotation":{"angle":22.5,"axis":"x","origin":[6.7725916,6.9358683,8.154295]},"faces":{"east":{"uv":[9.375,14.25,9.5,14.5],"rotation":0,"texture":"#0","tintindex":0},"south":{"uv":[13.75,3.875,14.375,4.125],"rotation":0,"texture":"#0","tintindex":0},"north":{"uv":[13.75,2.5,14.375,2.75],"rotation":0,"texture":"#0","tintindex":0},"west":{"uv":[9.5,14.25,9.625,14.5],"rotation":0,"texture":"#0","tintindex":0},"up":{"uv":[14.75,9.125,14.125,9.0],"rotation":0,"texture":"#0","tintindex":0},"down":{"uv":[14.75,9.125,14.125,9.25],"rotation":0,"texture":"#0","tintindex":0}}},{"from":[8.344427,7.951876,8.05911],"to":[8.489446,8.212911,8.204129],"rotation":{"angle":0.0,"axis":"y","origin":[6.7725916,6.9358683,8.154295]},"faces":{"east":{"uv":[14.375,7.25,14.5,7.375],"rotation":0,"texture":"#0","tintindex":0},"south":{"uv":[14.375,7.375,14.5,7.5],"rotation":0,"texture":"#0","tintindex":0},"north":{"uv":[14.375,7.125,14.5,7.25],"rotation":0,"texture":"#0","tintindex":0},"west":{"uv":[14.375,7.5,14.5,7.625],"rotation":0,"texture":"#0","tintindex":0},"up":{"uv":[14.5,7.75,14.375,7.625],"rotation":0,"texture":"#0","tintindex":0},"down":{"uv":[7.875,14.375,7.75,14.5],"rotation":0,"texture":"#0","tintindex":0}}},{"from":[8.344427,8.014897,7.5738254],"to":[8.489446,8.275932,7.718845],"rotation":{"angle":22.5,"axis":"x","origin":[8.134149,8.215585,7.6697254]},"faces":{"east":{"uv":[7.875,14.375,8.0,14.5],"rotation":0,"texture":"#0","tintindex":0},"south":{"uv":[14.375,7.875,14.5,8.0],"rotation":0,"texture":"#0","tintindex":0},"north":{"uv":[14.375,7.75,14.5,7.875],"rotation":0,"texture":"#0","tintindex":0},"west":{"uv":[8.0,14.375,8.125,14.5],"rotation":0,"texture":"#0","tintindex":0},"up":{"uv":[14.5,8.125,14.375,8.0],"rotation":0,"texture":"#0","tintindex":0},"down":{"uv":[8.25,14.375,8.125,14.5],"rotation":0,"texture":"#0","tintindex":0}}},{"from":[8.344427,7.991507,7.7141666],"to":[8.489446,8.252542,7.859186],"rotation":{"angle":22.5,"axis":"x","origin":[8.134149,8.122025,7.833457]},"faces":{"east":{"uv":[12.875,14.375,13.0,14.5],"rotation":0,"texture":"#0","tintindex":0},"south":{"uv":[14.375,12.875,14.5,13.0],"rotation":0,"texture":"#0","tintindex":0},"north":{"uv":[14.375,12.75,14.5,12.875],"rotation":0,"texture":"#0","tintindex":0},"west":{"uv":[14.375,13.0,14.5,13.125],"rotation":0,"texture":"#0","tintindex":0},"up":{"uv":[13.25,14.5,13.125,14.375],"rotation":0,"texture":"#0","tintindex":0},"down":{"uv":[14.5,13.125,14.375,13.25],"rotation":0,"texture":"#0","tintindex":0}}},{"from":[8.344427,8.101309,7.4393945],"to":[8.489446,8.362343,7.5844135],"rotation":{"angle":0.0,"axis":"y","origin":[6.7725916,6.9358683,8.154295]},"faces":{"east":{"uv":[8.375,14.375,8.5,14.5],"rotation":0,"texture":"#0","tintindex":0},"south":{"uv":[8.5,14.375,8.625,14.5],"rotation":0,"texture":"#0","tintindex":0},"north":{"uv":[8.25,14.375,8.375,14.5],"rotation":0,"texture":"#0","tintindex":0},"west":{"uv":[8.625,14.375,8.75,14.5],"rotation":0,"texture":"#0","tintindex":0},"up":{"uv":[8.875,14.5,8.75,14.375],"rotation":0,"texture":"#0","tintindex":0},"down":{"uv":[9.0,14.375,8.875,14.5],"rotation":0,"texture":"#0","tintindex":0}}},{"from":[8.2373,8.243625,7.2652197],"to":[8.338813,8.504659,7.410239],"rotation":{"angle":0.0,"axis":"y","origin":[6.7725916,6.9358683,8.154295]},"faces":{"east":{"uv":[14.375,9.375,14.5,9.5],"rotation":0,"texture":"#0","tintindex":0},"south":{"uv":[14.375,9.5,14.5,9.625],"rotation":0,"texture":"#0","tintindex":0},"north":{"uv":[14.375,9.25,14.5,9.375],"rotation":0,"texture":"#0","tintindex":0},"west":{"uv":[9.625,14.375,9.75,14.5],"rotation":0,"texture":"#0","tintindex":0},"up":{"uv":[14.5,9.75,14.375,9.625],"rotation":0,"texture":"#0","tintindex":0},"down":{"uv":[9.875,14.375,9.75,14.5],"rotation":0,"texture":"#0","tintindex":0}}},{"from":[8.09228,8.243625,7.2652197],"to":[8.208296,8.504659,7.410239],"rotation":{"angle":0.0,"axis":"y","origin":[6.7725916,6.9358683,8.154295]},"faces":{"east":{"uv":[9.875,14.375,10.0,14.5],"rotation":0,"texture":"#0","tintindex":0},"south":{"uv":[14.375,9.875,14.5,10.0],"rotation":0,"texture":"#0","tintindex":0},"north":{"uv":[14.375,9.75,14.5,9.875],"rotation":0,"texture":"#0","tintindex":0},"west":{"uv":[10.0,14.375,10.125,14.5],"rotation":0,"texture":"#0","tintindex":0},"up":{"uv":[10.25,14.5,10.125,14.375],"rotation":0,"texture":"#0","tintindex":0},"down":{"uv":[14.5,10.125,14.375,10.25],"rotation":0,"texture":"#0","tintindex":0}}},{"from":[7.961763,8.243625,7.2652197],"to":[8.063276,8.504659,7.410239],"rotation":{"angle":0.0,"axis":"y","origin":[6.7725916,6.9358683,8.154295]},"faces":{"east":{"uv":[14.375,10.25,14.5,10.375],"rotation":0,"texture":"#0","tintindex":0},"south":{"uv":[10.375,14.375,10.5,14.5],"rotation":0,"texture":"#0","tintindex":0},"north":{"uv":[10.25,14.375,10.375,14.5],"rotation":0,"texture":"#0","tintindex":0},"west":{"uv":[10.5,14.375,10.625,14.5],"rotation":0,"texture":"#0","tintindex":0},"up":{"uv":[14.5,10.625,14.375,10.5],"rotation":0,"texture":"#0","tintindex":0},"down":{"uv":[10.75,14.375,10.625,14.5],"rotation":0,"texture":"#0","tintindex":0}}},{"from":[8.2976465,7.8448853,6.766638],"to":[8.442666,8.255617,6.9116573],"rotation":{"angle":22.5,"axis":"x","origin":[6.7725916,6.9358683,8.154295]},"faces":{"east":{"uv":[12.125,14.25,12.25,14.5],"rotation":0,"texture":"#0","tintindex":0},"south":{"uv":[14.25,12.125,14.375,12.375],"rotation":0,"texture":"#0","tintindex":0},"north":{"uv":[14.25,11.875,14.375,12.125],"rotation":0,"texture":"#0","tintindex":0},"west":{"uv":[12.25,14.25,12.375,14.5],"rotation":0,"texture":"#0","tintindex":0},"up":{"uv":[14.5,10.75,14.375,10.625],"rotation":0,"texture":"#0","tintindex":0},"down":{"uv":[10.875,14.375,10.75,14.5],"rotation":0,"texture":"#0","tintindex":0}}},{"from":[7.825632,7.8448853,6.766638],"to":[7.970651,8.255617,6.9116573],"rotation":{"angle":22.5,"axis":"x","origin":[6.7725916,6.9358683,8.154295]},"faces":{"east":{"uv":[14.25,12.375,14.375,12.625],"rotation":0,"texture":"#0","tintindex":0},"south":{"uv":[12.5,14.25,12.625,14.5],"rotation":0,"texture":"#0","tintindex":0},"north":{"uv":[12.375,14.25,12.5,14.5],"rotation":0,"texture":"#0","tintindex":0},"west":{"uv":[13.0,14.25,13.125,14.5],"rotation":0,"texture":"#0","tintindex":0},"up":{"uv":[14.5,10.875,14.375,10.75],"rotation":0,"texture":"#0","tintindex":0},"down":{"uv":[11.0,14.375,10.875,14.5],"rotation":0,"texture":"#0","tintindex":0}}},{"from":[7.7788515,8.106858,7.4259963],"to":[7.923871,8.367892,7.5710154],"rotation":{"angle":0.0,"axis":"y","origin":[6.7725916,6.9358683,8.154295]},"faces":{"east":{"uv":[11.0,14.375,11.125,14.5],"rotation":0,"texture":"#0","tintindex":0},"south":{"uv":[14.375,11.0,14.5,11.125],"rotation":0,"texture":"#0","tintindex":0},"north":{"uv":[14.375,10.875,14.5,11.0],"rotation":0,"texture":"#0","tintindex":0},"west":{"uv":[11.125,14.375,11.25,14.5],"rotation":0,"texture":"#0","tintindex":0},"up":{"uv":[14.5,11.25,14.375,11.125],"rotation":0,"texture":"#0","tintindex":0},"down":{"uv":[11.375,14.375,11.25,14.5],"rotation":0,"texture":"#0","tintindex":0}}},{"from":[7.7788515,8.014897,7.5738254],"to":[7.923871,8.275932,7.718845],"rotation":{"angle":22.5,"axis":"x","origin":[8.134149,8.215585,7.6697254]},"faces":{"east":{"uv":[14.375,11.375,14.5,11.5],"rotation":0,"texture":"#0","tintindex":0},"south":{"uv":[11.5,14.375,11.625,14.5],"rotation":0,"texture":"#0","tintindex":0},"north":{"uv":[11.375,14.375,11.5,14.5],"rotation":0,"texture":"#0","tintindex":0},"west":{"uv":[14.375,11.5,14.5,11.625],"rotation":0,"texture":"#0","tintindex":0},"up":{"uv":[11.75,14.5,11.625,14.375],"rotation":0,"texture":"#0","tintindex":0},"down":{"uv":[14.5,11.625,14.375,11.75],"rotation":0,"texture":"#0","tintindex":0}}},{"from":[7.7788515,7.991507,7.7141666],"to":[7.923871,8.252542,7.859186],"rotation":{"angle":22.5,"axis":"x","origin":[8.134149,8.122025,7.833457]},"faces":{"east":{"uv":[14.375,12.375,14.5,12.5],"rotation":0,"texture":"#0","tintindex":0},"south":{"uv":[14.375,12.5,14.5,12.625],"rotation":0,"texture":"#0","tintindex":0},"north":{"uv":[14.375,12.25,14.5,12.375],"rotation":0,"texture":"#0","tintindex":0},"west":{"uv":[12.625,14.375,12.75,14.5],"rotation":0,"texture":"#0","tintindex":0},"up":{"uv":[14.5,12.75,14.375,12.625],"rotation":0,"texture":"#0","tintindex":0},"down":{"uv":[12.875,14.375,12.75,14.5],"rotation":0,"texture":"#0","tintindex":0}}},{"from":[7.7788515,7.951876,8.05911],"to":[7.923871,8.212911,8.204129],"rotation":{"angle":0.0,"axis":"y","origin":[6.7725916,6.9358683,8.154295]},"faces":{"east":{"uv":[14.375,11.75,14.5,11.875],"rotation":0,"texture":"#0","tintindex":0},"south":{"uv":[11.875,14.375,12.0,14.5],"rotation":0,"texture":"#0","tintindex":0},"north":{"uv":[11.75,14.375,11.875,14.5],"rotation":0,"texture":"#0","tintindex":0},"west":{"uv":[14.375,11.875,14.5,12.0],"rotation":0,"texture":"#0","tintindex":0},"up":{"uv":[14.5,12.125,14.375,12.0],"rotation":0,"texture":"#0","tintindex":0},"down":{"uv":[14.5,12.125,14.375,12.25],"rotation":0,"texture":"#0","tintindex":0}}}],"display":{"head":{"translation":[0.0,-6.4,0.0],"scale":[4.0,4.0,4.0]}}}