{"textures":{"0":"modelengine:entity/zc_corrupted_spire"},"elements":[{"from":[8.261441,2.7002792,5.333333],"to":[10.261441,2.7002792,8.333333],"faces":{"up":{"uv":[7.25,3.625,7.0,3.25],"tintindex":0,"rotation":0,"texture":"#0"},"down":{"uv":[6.75,7.0,6.5,7.375],"tintindex":0,"rotation":0,"texture":"#0"}},"rotation":{"origin":[9.261441,8.700279,5.333333],"angle":22.5,"axis":"z"}},{"from":[0.6420436,3.7868614,7.3333335],"to":[4.642043,13.786861,7.3333335],"faces":{"south":{"uv":[1.75,9.25,2.25,10.5],"tintindex":0,"rotation":0,"texture":"#0"},"north":{"uv":[1.25,9.25,1.75,10.5],"tintindex":0,"rotation":0,"texture":"#0"}},"rotation":{"origin":[4.642043,6.7868614,9.333333],"angle":22.5,"axis":"z"}},{"from":[5.153933,4.076721,6.3333335],"to":[8.153933,20.076721,9.333333],"faces":{"east":{"uv":[8.25,3.0,8.625,5.0],"tintindex":0,"rotation":0,"texture":"#0"},"south":{"uv":[9.375,3.0,9.75,5.0],"tintindex":0,"rotation":0,"texture":"#0"},"north":{"uv":[8.625,3.0,9.0,5.0],"tintindex":0,"rotation":0,"texture":"#0"},"west":{"uv":[9.0,3.0,9.375,5.0],"tintindex":0,"rotation":0,"texture":"#0"},"up":{"uv":[9.0,3.0,8.625,2.625],"tintindex":0,"rotation":0,"texture":"#0"},"down":{"uv":[9.375,2.625,9.0,3.0],"tintindex":0,"rotation":0,"texture":"#0"}}},{"from":[10.52239,-8.385065,4.333333],"to":[15.52239,6.614933,10.333333],"faces":{"east":{"uv":[4.0,7.75,4.75,9.625],"tintindex":0,"rotation":0,"texture":"#0"},"south":{"uv":[6.125,7.75,6.75,9.625],"tintindex":0,"rotation":0,"texture":"#0"},"north":{"uv":[4.75,7.75,5.375,9.625],"tintindex":0,"rotation":0,"texture":"#0"},"west":{"uv":[5.375,7.75,6.125,9.625],"tintindex":0,"rotation":0,"texture":"#0"},"up":{"uv":[5.375,7.75,4.75,7.0],"tintindex":0,"rotation":0,"texture":"#0"},"down":{"uv":[6.0,7.0,5.375,7.75],"tintindex":0,"rotation":0,"texture":"#0"}},"rotation":{"origin":[10.163712,-10.094023,8.083333],"angle":22.5,"axis":"z"}},{"from":[6.153933,19.076721,8.333333],"to":[9.153933,27.076721,8.333333],"faces":{"south":{"uv":[6.25,0.0,6.625,1.0],"tintindex":0,"rotation":0,"texture":"#0"},"north":{"uv":[6.0,2.625,6.375,3.625],"tintindex":0,"rotation":0,"texture":"#0"}}},{"from":[15.832718,0.6095619,9.333333],"to":[17.832718,5.609562,11.333333],"faces":{"east":{"uv":[6.75,2.625,7.0,3.25],"tintindex":0,"rotation":0,"texture":"#0"},"south":{"uv":[0.0,6.875,0.25,7.5],"tintindex":0,"rotation":0,"texture":"#0"},"north":{"uv":[6.625,0.375,6.875,1.0],"tintindex":0,"rotation":0,"texture":"#0"},"west":{"uv":[0.25,6.875,0.5,7.5],"tintindex":0,"rotation":0,"texture":"#0"},"up":{"uv":[4.0,5.125,3.75,4.875],"tintindex":0,"rotation":0,"texture":"#0"},"down":{"uv":[4.25,4.875,4.0,5.125],"tintindex":0,"rotation":0,"texture":"#0"}},"rotation":{"origin":[15.832718,-12.390436,9.333333],"angle":22.5,"axis":"z"}}],"display":{"gui":{"rotation":[30,225,0]}}}