{"textures":{"0":"modelengine:entity/deepdiamgolem"},"elements":[{"from":[7.623382,8.704774,7.457143],"to":[8.766239,9.276202,8.6],"rotation":{"angle":22.5,"axis":"z","origin":[9.394811,7.619059,8.428572]},"faces":{"east":{"uv":[1.0,14.5,2.0,15.0],"rotation":0,"texture":"#0","tintindex":0},"south":{"uv":[14.5,1.0,15.5,1.5],"rotation":0,"texture":"#0","tintindex":0},"north":{"uv":[14.5,0.5,15.5,1.0],"rotation":0,"texture":"#0","tintindex":0},"west":{"uv":[14.5,1.5,15.5,2.0],"rotation":0,"texture":"#0","tintindex":0},"up":{"uv":[8.0,14.5,7.0,13.5],"rotation":0,"texture":"#0","tintindex":0},"down":{"uv":[9.0,13.5,8.0,14.5],"rotation":0,"texture":"#0","tintindex":0}}},{"from":[7.4519534,7.1619163,7.1142855],"to":[9.166239,8.876202,8.828571],"rotation":{"angle":22.5,"axis":"z","origin":[9.394811,7.619059,8.428572]},"faces":{"east":{"uv":[12.0,1.5,13.5,3.0],"rotation":0,"texture":"#0","tintindex":0},"south":{"uv":[3.0,12.0,4.5,13.5],"rotation":0,"texture":"#0","tintindex":0},"north":{"uv":[1.5,12.0,3.0,13.5],"rotation":0,"texture":"#0","tintindex":0},"west":{"uv":[4.5,12.0,6.0,13.5],"rotation":0,"texture":"#0","tintindex":0},"up":{"uv":[7.5,13.5,6.0,12.0],"rotation":0,"texture":"#0","tintindex":0},"down":{"uv":[9.0,12.0,7.5,13.5],"rotation":0,"texture":"#0","tintindex":0}}}],"display":{"head":{"translation":[0.0,-6.4,0.0],"scale":[4.0,4.0,4.0]}}}