{"textures":{"0":"modelengine:entity/deepdiamgolem"},"elements":[{"from":[5.714286,10.285714,5.714286],"to":[10.285714,14.857143,10.285714],"rotation":{"angle":0.0,"axis":"y","origin":[8.0,8.0,8.0]},"faces":{"east":{"uv":[0.0,4.0,4.0,8.0],"rotation":0,"texture":"#0","tintindex":0},"south":{"uv":[4.0,0.0,8.0,4.0],"rotation":0,"texture":"#0","tintindex":0},"north":{"uv":[0.0,0.0,4.0,4.0],"rotation":0,"texture":"#0","tintindex":0},"west":{"uv":[4.0,4.0,8.0,8.0],"rotation":0,"texture":"#0","tintindex":0},"up":{"uv":[4.0,12.0,0.0,8.0],"rotation":0,"texture":"#0","tintindex":0},"down":{"uv":[12.0,0.0,8.0,4.0],"rotation":0,"texture":"#0","tintindex":0}}},{"from":[7.428571,10.857143,4.8571424],"to":[8.571428,13.142858,6.0],"rotation":{"angle":0.0,"axis":"y","origin":[8.0,8.0,8.0]},"faces":{"east":{"uv":[10.0,12.0,11.0,14.0],"rotation":0,"texture":"#0","tintindex":0},"south":{"uv":[13.0,3.0,14.0,5.0],"rotation":0,"texture":"#0","tintindex":0},"north":{"uv":[9.0,12.0,10.0,14.0],"rotation":0,"texture":"#0","tintindex":0},"west":{"uv":[13.0,5.0,14.0,7.0],"rotation":0,"texture":"#0","tintindex":0},"up":{"uv":[13.0,4.0,12.0,3.0],"rotation":0,"texture":"#0","tintindex":0},"down":{"uv":[2.0,13.5,1.0,14.5],"rotation":0,"texture":"#0","tintindex":0}}}],"display":{"head":{"translation":[0.0,-6.4,0.0],"scale":[4.0,4.0,4.0]}}}