{"textures":{"0":"modelengine:entity/elytrabeetle"},"elements":[{"from":[7.142857,4.5714283,7.142857],"to":[8.857143,8.0,8.857143],"rotation":{"angle":0.0,"axis":"y","origin":[10.0,10.285714,16.285715]},"faces":{"east":{"uv":[7.125,4.125,6.75,4.875],"rotation":0,"texture":"#0","tintindex":0},"south":{"uv":[6.375,4.125,6.75,4.875],"rotation":0,"texture":"#0","tintindex":0},"north":{"uv":[6.75,4.125,6.375,4.875],"rotation":0,"texture":"#0","tintindex":0},"west":{"uv":[6.375,4.125,6.0,4.875],"rotation":0,"texture":"#0","tintindex":0},"up":{"uv":[6.375,4.125,6.75,3.75],"rotation":0,"texture":"#0","tintindex":0},"down":{"uv":[6.75,3.75,7.125,4.125],"rotation":0,"texture":"#0","tintindex":0}}}],"display":{"head":{"translation":[0.0,-6.4,0.0],"scale":[4.0,4.0,4.0]}}}