{"textures":{"0":"modelengine:entity/elytrabeetle"},"elements":[{"from":[4.5714283,5.714286,3.4285712],"to":[11.428572,10.285714,8.0],"rotation":{"angle":0.0,"axis":"y","origin":[8.0,4.0,8.571428]},"faces":{"east":{"uv":[4.5,2.5,5.5,3.5],"rotation":0,"texture":"#0","tintindex":0},"south":{"uv":[8.0,2.5,9.5,3.5],"rotation":0,"texture":"#0","tintindex":0},"north":{"uv":[5.5,2.5,7.0,3.5],"rotation":0,"texture":"#0","tintindex":0},"west":{"uv":[7.0,2.5,8.0,3.5],"rotation":0,"texture":"#0","tintindex":0},"up":{"uv":[7.0,2.5,5.5,1.5],"rotation":0,"texture":"#0","tintindex":0},"down":{"uv":[8.5,1.5,7.0,2.5],"rotation":0,"texture":"#0","tintindex":0}}}],"display":{"head":{"translation":[0.0,-6.4,0.0],"scale":[4.0,4.0,4.0]}}}