{"textures":{"0":"modelengine:entity/elytrabeetle"},"elements":[{"from":[6.857143,4.5714283,6.857143],"to":[9.142858,8.0,9.142858],"rotation":{"angle":0.0,"axis":"y","origin":[9.714286,10.285714,10.857143]},"faces":{"east":{"uv":[1.5,6.5,1.0,7.25],"rotation":0,"texture":"#0","tintindex":0},"south":{"uv":[2.0,6.5,1.5,7.25],"rotation":0,"texture":"#0","tintindex":0},"north":{"uv":[1.0,6.5,0.5,7.25],"rotation":0,"texture":"#0","tintindex":0},"west":{"uv":[0.5,6.5,0.0,7.25],"rotation":0,"texture":"#0","tintindex":0},"up":{"uv":[0.5,6.5,1.0,6.0],"rotation":0,"texture":"#0","tintindex":0},"down":{"uv":[1.0,6.0,1.5,6.5],"rotation":0,"texture":"#0","tintindex":0}}}],"display":{"head":{"translation":[0.0,-6.4,0.0],"scale":[4.0,4.0,4.0]}}}