{"textures":{"0":"modelengine:entity/zc_spitter"},"elements":[{"from":[6.0,4.3695126,6.4592943],"to":[10.0,7.2266555,10.459294],"rotation":{"angle":-22.5,"axis":"x","origin":[7.857143,1.4314733,7.285714]},"faces":{"east":{"uv":[0.0,1.75,1.75,3.0],"rotation":0,"texture":"#0","tintindex":0},"south":{"uv":[5.25,1.75,7.0,3.0],"rotation":0,"texture":"#0","tintindex":0},"north":{"uv":[1.75,1.75,3.5,3.0],"rotation":0,"texture":"#0","tintindex":0},"west":{"uv":[3.5,1.75,5.25,3.0],"rotation":0,"texture":"#0","tintindex":0},"up":{"uv":[3.5,1.75,1.75,0.0],"rotation":0,"texture":"#0","tintindex":0},"down":{"uv":[5.25,0.0,3.5,1.75],"rotation":0,"texture":"#0","tintindex":0}}},{"from":[6.0,7.2266555,6.4592943],"to":[10.0,7.798084,6.4592943],"rotation":{"angle":-22.5,"axis":"x","origin":[7.857143,1.4314733,7.285714]},"faces":{"east":{"uv":[5.25,1.5,5.25,1.75],"rotation":0,"texture":"#0","tintindex":0},"south":{"uv":[7.0,1.5,8.75,1.75],"rotation":0,"texture":"#0","tintindex":0},"north":{"uv":[5.25,1.5,7.0,1.75],"rotation":0,"texture":"#0","tintindex":0},"west":{"uv":[7.0,1.5,7.0,1.75],"rotation":0,"texture":"#0","tintindex":0},"up":{"uv":[7.0,1.5,5.25,1.5],"rotation":0,"texture":"#0","tintindex":0},"down":{"uv":[8.75,1.5,7.0,1.5],"rotation":0,"texture":"#0","tintindex":0}}},{"from":[3.7142854,5.5123696,8.17358],"to":[6.0,8.369513,8.17358],"rotation":{"angle":-22.5,"axis":"x","origin":[7.857143,1.4314733,7.285714]},"faces":{"east":{"uv":[10.75,0.0,10.75,1.25],"rotation":0,"texture":"#0","tintindex":0},"south":{"uv":[11.75,0.0,12.75,1.25],"rotation":0,"texture":"#0","tintindex":0},"north":{"uv":[10.75,0.0,11.75,1.25],"rotation":0,"texture":"#0","tintindex":0},"west":{"uv":[11.75,0.0,11.75,1.25],"rotation":0,"texture":"#0","tintindex":0},"up":{"uv":[11.75,0.0,10.75,0.0],"rotation":0,"texture":"#0","tintindex":0},"down":{"uv":[12.75,0.0,11.75,0.0],"rotation":0,"texture":"#0","tintindex":0}}},{"from":[5.428571,3.7980838,7.030723],"to":[7.714286,6.0837984,9.316438],"rotation":{"angle":-22.5,"axis":"x","origin":[7.857143,1.4314733,7.285714]},"faces":{"east":{"uv":[6.5,5.75,7.5,6.75],"rotation":0,"texture":"#0","tintindex":0},"south":{"uv":[9.5,5.75,10.5,6.75],"rotation":0,"texture":"#0","tintindex":0},"north":{"uv":[7.5,5.75,8.5,6.75],"rotation":0,"texture":"#0","tintindex":0},"west":{"uv":[8.5,5.75,9.5,6.75],"rotation":0,"texture":"#0","tintindex":0},"up":{"uv":[8.5,5.75,7.5,4.75],"rotation":0,"texture":"#0","tintindex":0},"down":{"uv":[9.5,4.75,8.5,5.75],"rotation":0,"texture":"#0","tintindex":0}}},{"from":[10.0,4.3695126,7.030723],"to":[11.714286,6.0837984,7.030723],"rotation":{"angle":-22.5,"axis":"x","origin":[7.857143,1.4314733,7.285714]},"faces":{"east":{"uv":[0.0,0.75,0.0,1.5],"rotation":0,"texture":"#0","tintindex":0},"south":{"uv":[0.75,0.75,1.5,1.5],"rotation":0,"texture":"#0","tintindex":0},"north":{"uv":[0.0,0.75,0.75,1.5],"rotation":0,"texture":"#0","tintindex":0},"west":{"uv":[0.75,0.75,0.75,1.5],"rotation":0,"texture":"#0","tintindex":0},"up":{"uv":[0.75,0.75,0.0,0.75],"rotation":0,"texture":"#0","tintindex":0},"down":{"uv":[1.5,0.75,0.75,0.75],"rotation":0,"texture":"#0","tintindex":0}}},{"from":[10.0,4.940941,6.4592943],"to":[11.142858,4.940941,8.17358],"rotation":{"angle":-22.5,"axis":"x","origin":[7.857143,1.4314733,7.285714]},"faces":{"east":{"uv":[0.0,0.75,0.75,0.75],"rotation":0,"texture":"#0","tintindex":0},"south":{"uv":[2.0,0.75,2.5,0.75],"rotation":0,"texture":"#0","tintindex":0},"north":{"uv":[0.75,0.75,1.25,0.75],"rotation":0,"texture":"#0","tintindex":0},"west":{"uv":[1.25,0.75,2.0,0.75],"rotation":0,"texture":"#0","tintindex":0},"up":{"uv":[1.25,0.75,0.75,0.0],"rotation":0,"texture":"#0","tintindex":0},"down":{"uv":[1.75,0.0,1.25,0.75],"rotation":0,"texture":"#0","tintindex":0}}},{"from":[6.5714283,6.0837984,5.3164372],"to":[9.428572,6.0837984,7.030723],"rotation":{"angle":-22.5,"axis":"x","origin":[7.857143,1.4314733,7.285714]},"faces":{"east":{"uv":[8.0,7.5,8.75,7.5],"rotation":0,"texture":"#0","tintindex":0},"south":{"uv":[10.75,7.5,12.0,7.5],"rotation":0,"texture":"#0","tintindex":0},"north":{"uv":[8.75,7.5,10.0,7.5],"rotation":0,"texture":"#0","tintindex":0},"west":{"uv":[10.0,7.5,10.75,7.5],"rotation":0,"texture":"#0","tintindex":0},"up":{"uv":[10.0,7.5,8.75,6.75],"rotation":0,"texture":"#0","tintindex":0},"down":{"uv":[11.25,6.75,10.0,7.5],"rotation":0,"texture":"#0","tintindex":0}}},{"from":[6.0,4.940941,5.3164372],"to":[7.714286,4.940941,6.4592943],"rotation":{"angle":-22.5,"axis":"x","origin":[7.857143,1.4314733,7.285714]},"faces":{"east":{"uv":[8.5,0.5,9.0,0.5],"rotation":0,"texture":"#0","tintindex":0},"south":{"uv":[10.25,0.5,11.0,0.5],"rotation":0,"texture":"#0","tintindex":0},"north":{"uv":[9.0,0.5,9.75,0.5],"rotation":0,"texture":"#0","tintindex":0},"west":{"uv":[9.75,0.5,10.25,0.5],"rotation":0,"texture":"#0","tintindex":0},"up":{"uv":[9.75,0.5,9.0,0.0],"rotation":0,"texture":"#0","tintindex":0},"down":{"uv":[10.5,0.0,9.75,0.5],"rotation":0,"texture":"#0","tintindex":0}}},{"from":[8.857143,3.7980838,7.602152],"to":[10.0,4.3695126,7.602152],"rotation":{"angle":-22.5,"axis":"x","origin":[7.857143,1.4314733,7.285714]},"faces":{"east":{"uv":[0.0,3.5,0.0,3.75],"rotation":0,"texture":"#0","tintindex":0},"south":{"uv":[0.5,3.5,1.0,3.75],"rotation":0,"texture":"#0","tintindex":0},"north":{"uv":[0.0,3.5,0.5,3.75],"rotation":0,"texture":"#0","tintindex":0},"west":{"uv":[0.5,3.5,0.5,3.75],"rotation":0,"texture":"#0","tintindex":0},"up":{"uv":[0.5,3.5,0.0,3.5],"rotation":0,"texture":"#0","tintindex":0},"down":{"uv":[1.0,3.5,0.5,3.5],"rotation":0,"texture":"#0","tintindex":0}}},{"from":[4.285714,2.6552262,7.602152],"to":[7.142857,4.940941,7.602152],"rotation":{"angle":-22.5,"axis":"x","origin":[7.857143,1.4314733,7.285714]},"faces":{"east":{"uv":[10.0,2.0,10.0,3.0],"rotation":0,"texture":"#0","tintindex":0},"south":{"uv":[11.25,2.0,12.5,3.0],"rotation":0,"texture":"#0","tintindex":0},"north":{"uv":[10.0,2.0,11.25,3.0],"rotation":0,"texture":"#0","tintindex":0},"west":{"uv":[11.25,2.0,11.25,3.0],"rotation":0,"texture":"#0","tintindex":0},"up":{"uv":[11.25,2.0,10.0,2.0],"rotation":0,"texture":"#0","tintindex":0},"down":{"uv":[12.5,2.0,11.25,2.0],"rotation":0,"texture":"#0","tintindex":0}}},{"from":[7.142857,5.3264093,4.3044815],"to":[8.285714,6.469266,4.3044815],"rotation":{"angle":0.0,"axis":"y","origin":[7.857143,1.4314733,7.285714]},"faces":{"east":{"uv":[0.0,3.0,0.0,3.5],"rotation":0,"texture":"#0","tintindex":0},"south":{"uv":[0.5,3.0,1.0,3.5],"rotation":0,"texture":"#0","tintindex":0},"north":{"uv":[0.0,3.0,0.5,3.5],"rotation":0,"texture":"#0","tintindex":0},"west":{"uv":[0.5,3.0,0.5,3.5],"rotation":0,"texture":"#0","tintindex":0},"up":{"uv":[0.5,3.0,0.0,3.0],"rotation":0,"texture":"#0","tintindex":0},"down":{"uv":[1.0,3.0,0.5,3.0],"rotation":0,"texture":"#0","tintindex":0}}}],"display":{"head":{"translation":[0.0,-6.4,0.0],"scale":[4.0,4.0,4.0]}}}