{"textures":{"0":"modelengine:entity/zc_spitter"},"elements":[{"from":[7.428571,4.5772324,7.38377],"to":[8.571428,8.005804,8.526628],"rotation":{"angle":0.0,"axis":"y","origin":[9.0,11.717188,5.714286]},"faces":{"east":{"uv":[7.0,9.5,7.5,11.0],"rotation":0,"texture":"#0","tintindex":0},"south":{"uv":[8.5,9.5,9.0,11.0],"rotation":0,"texture":"#0","tintindex":0},"north":{"uv":[7.5,9.5,8.0,11.0],"rotation":0,"texture":"#0","tintindex":0},"west":{"uv":[8.0,9.5,8.5,11.0],"rotation":0,"texture":"#0","tintindex":0},"up":{"uv":[8.0,9.5,7.5,9.0],"rotation":0,"texture":"#0","tintindex":0},"down":{"uv":[8.5,9.0,8.0,9.5],"rotation":0,"texture":"#0","tintindex":0}}}],"display":{"head":{"translation":[0.0,-6.4,0.0],"scale":[4.0,4.0,4.0]}}}