{"textures":{"0":"modelengine:entity/zc_spitter"},"elements":[{"from":[7.428571,3.4285712,7.428571],"to":[8.571428,8.0,8.571428],"rotation":{"angle":0.0,"axis":"y","origin":[5.0,6.5743303,5.5714283]},"faces":{"east":{"uv":[5.0,9.25,5.5,11.25],"rotation":0,"texture":"#0","tintindex":0},"south":{"uv":[6.5,9.25,7.0,11.25],"rotation":0,"texture":"#0","tintindex":0},"north":{"uv":[5.5,9.25,6.0,11.25],"rotation":0,"texture":"#0","tintindex":0},"west":{"uv":[6.0,9.25,6.5,11.25],"rotation":0,"texture":"#0","tintindex":0},"up":{"uv":[6.0,9.25,5.5,8.75],"rotation":0,"texture":"#0","tintindex":0},"down":{"uv":[6.5,8.75,6.0,9.25],"rotation":0,"texture":"#0","tintindex":0}}}],"display":{"head":{"translation":[0.0,-6.4,0.0],"scale":[4.0,4.0,4.0]}}}