{"textures":{"0":"modelengine:entity/zc_spitter"},"elements":[{"from":[8.0,5.142857,7.428571],"to":[9.142858,8.0,8.571428],"rotation":{"angle":0.0,"axis":"y","origin":[5.5714283,3.7171874,5.5714283]},"faces":{"east":{"uv":[10.75,7.5,11.25,8.75],"rotation":0,"texture":"#0","tintindex":0},"south":{"uv":[12.25,7.5,12.75,8.75],"rotation":0,"texture":"#0","tintindex":0},"north":{"uv":[11.25,7.5,11.75,8.75],"rotation":0,"texture":"#0","tintindex":0},"west":{"uv":[11.75,7.5,12.25,8.75],"rotation":0,"texture":"#0","tintindex":0},"up":{"uv":[11.75,7.5,11.25,7.0],"rotation":0,"texture":"#0","tintindex":0},"down":{"uv":[12.25,7.0,11.75,7.5],"rotation":0,"texture":"#0","tintindex":0}}},{"from":[8.0,8.0,8.0],"to":[9.142858,8.571428,8.0],"rotation":{"angle":0.0,"axis":"y","origin":[5.5714283,3.7171874,5.5714283]},"faces":{"east":{"uv":[0.0,1.5,0.0,1.75],"rotation":0,"texture":"#0","tintindex":0},"south":{"uv":[0.5,1.5,1.0,1.75],"rotation":0,"texture":"#0","tintindex":0},"north":{"uv":[0.0,1.5,0.5,1.75],"rotation":0,"texture":"#0","tintindex":0},"west":{"uv":[0.5,1.5,0.5,1.75],"rotation":0,"texture":"#0","tintindex":0},"up":{"uv":[0.5,1.5,0.0,1.5],"rotation":0,"texture":"#0","tintindex":0},"down":{"uv":[1.0,1.5,0.5,1.5],"rotation":0,"texture":"#0","tintindex":0}}}],"display":{"head":{"translation":[0.0,-6.4,0.0],"scale":[4.0,4.0,4.0]}}}