{"textures":{"0":"modelengine:entity/zc_spitter"},"elements":[{"from":[7.142857,5.960719,7.4130077],"to":[8.857143,9.389291,9.127294],"rotation":{"angle":22.5,"axis":"x","origin":[6.714286,8.8600445,4.714286]},"faces":{"east":{"uv":[0.0,9.5,0.75,11.0],"rotation":0,"texture":"#0","tintindex":0},"south":{"uv":[2.25,9.5,3.0,11.0],"rotation":0,"texture":"#0","tintindex":0},"north":{"uv":[0.75,9.5,1.5,11.0],"rotation":0,"texture":"#0","tintindex":0},"west":{"uv":[1.5,9.5,2.25,11.0],"rotation":0,"texture":"#0","tintindex":0},"up":{"uv":[1.5,9.5,0.75,8.75],"rotation":0,"texture":"#0","tintindex":0},"down":{"uv":[2.25,8.75,1.5,9.5],"rotation":0,"texture":"#0","tintindex":0}}}],"display":{"head":{"translation":[0.0,-6.4,0.0],"scale":[4.0,4.0,4.0]}}}