{"textures":{"0":"modelengine:entity/zc_corrupted_spike_1"},"elements":[{"from":[-3.0,-6.0,8.0],"to":[19.0,16.0,8.0],"faces":{"south":{"uv":[5.5,5.5,11.0,11.0],"tintindex":0,"rotation":0,"texture":"#0"},"north":{"uv":[5.5,0.0,11.0,5.5],"tintindex":0,"rotation":0,"texture":"#0"}},"rotation":{"origin":[8.0,-6.0,8.0],"angle":-45.0,"axis":"y"}},{"from":[-3.0,-6.0,8.0],"to":[19.0,16.0,8.0],"faces":{"south":{"uv":[0.0,5.5,5.5,11.0],"tintindex":0,"rotation":0,"texture":"#0"},"north":{"uv":[0.0,0.0,5.5,5.5],"tintindex":0,"rotation":0,"texture":"#0"}},"rotation":{"origin":[8.0,-6.0,8.0],"angle":45.0,"axis":"y"}}],"display":{"gui":{"rotation":[30,225,0]}}}