{"textures":{"0":"modelengine:entity/gazelle"},"elements":[{"from":[7.3956513,7.4973917,7.2923183],"to":[8.628377,8.642065,8.378115],"rotation":{"angle":0.0,"axis":"y","origin":[8.028424,6.0577626,9.226277]},"faces":{"east":{"uv":[11.25,4.0,10.25,5.0],"rotation":180,"texture":"#0","tintindex":0},"south":{"uv":[9.5,0.0,8.75,1.0],"rotation":0,"texture":"#0","tintindex":0},"north":{"uv":[7.0,3.5,6.0,5.0],"rotation":0,"texture":"#0","tintindex":0},"west":{"uv":[11.25,4.0,10.25,5.0],"rotation":0,"texture":"#0","tintindex":0},"up":{"uv":[2.5,0.0,1.0,1.5],"rotation":0,"texture":"#0","tintindex":0},"down":{"uv":[7.25,3.5,6.25,5.0],"rotation":0,"texture":"#0","tintindex":0}}},{"from":[7.3075995,8.014923,7.5564737],"to":[8.716429,8.465961,8.172836],"rotation":{"angle":0.0,"axis":"y","origin":[8.028424,6.0577626,9.226277]},"faces":{"east":{"uv":[15.25,4.5,16.0,5.0],"rotation":0,"texture":"#0","tintindex":0},"south":{"uv":[15.25,4.5,16.0,5.0],"rotation":0,"texture":"#0","tintindex":0},"north":{"uv":[15.25,4.5,16.0,5.0],"rotation":0,"texture":"#0","tintindex":0},"west":{"uv":[15.25,4.5,16.0,5.0],"rotation":0,"texture":"#0","tintindex":0},"up":{"uv":[7.5,5.0,6.0,6.25],"rotation":0,"texture":"#0","tintindex":0},"down":{"uv":[7.5,5.0,6.0,6.25],"rotation":0,"texture":"#0","tintindex":0}}},{"from":[7.3075995,8.465961,7.2042665],"to":[7.7038326,8.68609,8.172836],"rotation":{"angle":0.0,"axis":"y","origin":[8.028424,6.0577626,9.226277]},"faces":{"east":{"uv":[7.5,5.0,6.0,6.25],"rotation":0,"texture":"#0","tintindex":0},"south":{"uv":[15.25,4.5,16.0,5.0],"rotation":0,"texture":"#0","tintindex":0},"north":{"uv":[7.5,5.0,6.0,6.25],"rotation":0,"texture":"#0","tintindex":0},"west":{"uv":[15.0,4.75,16.0,5.0],"rotation":0,"texture":"#0","tintindex":0},"up":{"uv":[13.75,3.5,14.25,4.5],"rotation":180,"texture":"#0","tintindex":0},"down":{"uv":[7.5,5.0,6.0,6.25],"rotation":0,"texture":"#0","tintindex":0}}},{"from":[7.285587,8.465961,7.1602407],"to":[7.68182,8.465961,7.5564737],"rotation":{"angle":0.0,"axis":"y","origin":[8.028424,6.0577626,9.226277]},"faces":{"east":{"uv":[9.75,5.5,9.5,5.75],"rotation":0,"texture":"#0","tintindex":0},"south":{"uv":[9.75,5.5,9.5,5.75],"rotation":0,"texture":"#0","tintindex":0},"north":{"uv":[9.75,5.5,9.5,5.75],"rotation":0,"texture":"#0","tintindex":0},"west":{"uv":[9.75,5.5,9.5,5.75],"rotation":0,"texture":"#0","tintindex":0},"up":{"uv":[9.75,5.5,9.5,5.75],"rotation":0,"texture":"#0","tintindex":0},"down":{"uv":[9.75,5.5,9.5,5.75],"rotation":0,"texture":"#0","tintindex":0}}},{"from":[8.342209,8.465961,7.1602407],"to":[8.738441,8.465961,7.5564737],"rotation":{"angle":0.0,"axis":"y","origin":[8.028424,6.0577626,9.226277]},"faces":{"east":{"uv":[9.75,5.5,9.5,5.75],"rotation":0,"texture":"#0","tintindex":0},"south":{"uv":[9.75,5.5,9.5,5.75],"rotation":0,"texture":"#0","tintindex":0},"north":{"uv":[9.75,5.5,9.5,5.75],"rotation":0,"texture":"#0","tintindex":0},"west":{"uv":[9.75,5.5,9.5,5.75],"rotation":0,"texture":"#0","tintindex":0},"up":{"uv":[9.75,5.5,9.5,5.75],"rotation":0,"texture":"#0","tintindex":0},"down":{"uv":[9.75,5.5,9.5,5.75],"rotation":0,"texture":"#0","tintindex":0}}},{"from":[7.3075995,7.4882774,7.2042665],"to":[7.7038326,8.014923,8.172836],"rotation":{"angle":0.0,"axis":"y","origin":[8.023021,7.8230286,7.6885514]},"faces":{"east":{"uv":[10.75,3.5,9.75,4.5],"rotation":0,"texture":"#0","tintindex":0},"south":{"uv":[10.25,3.5,9.75,4.5],"rotation":0,"texture":"#0","tintindex":0},"north":{"uv":[1.75,1.75,1.25,2.5],"rotation":0,"texture":"#0","tintindex":0},"west":{"uv":[14.75,4.25,15.75,5.0],"rotation":0,"texture":"#0","tintindex":0},"up":{"uv":[10.75,3.5,9.75,4.5],"rotation":0,"texture":"#0","tintindex":0},"down":{"uv":[13.75,3.75,14.75,4.75],"rotation":0,"texture":"#0","tintindex":0}}},{"from":[8.320195,8.465961,7.2042665],"to":[8.716429,8.68609,8.172836],"rotation":{"angle":0.0,"axis":"y","origin":[8.028424,6.0577626,9.226277]},"faces":{"east":{"uv":[15.0,4.75,16.0,5.0],"rotation":180,"texture":"#0","tintindex":0},"south":{"uv":[15.25,4.5,16.0,5.0],"rotation":0,"texture":"#0","tintindex":0},"north":{"uv":[7.5,5.0,6.0,6.25],"rotation":0,"texture":"#0","tintindex":0},"west":{"uv":[7.5,5.0,6.0,6.25],"rotation":0,"texture":"#0","tintindex":0},"up":{"uv":[13.75,3.5,14.25,4.5],"rotation":180,"texture":"#0","tintindex":0},"down":{"uv":[7.5,5.0,6.0,6.25],"rotation":0,"texture":"#0","tintindex":0}}},{"from":[8.364222,7.4882774,7.2042665],"to":[8.716429,8.014923,8.172836],"rotation":{"angle":0.0,"axis":"y","origin":[8.023021,7.8230286,7.6885514]},"faces":{"east":{"uv":[15.75,4.25,14.75,5.0],"rotation":0,"texture":"#0","tintindex":0},"south":{"uv":[10.25,3.5,9.75,4.5],"rotation":0,"texture":"#0","tintindex":0},"north":{"uv":[1.75,1.75,1.25,2.5],"rotation":0,"texture":"#0","tintindex":0},"west":{"uv":[10.75,3.5,9.75,4.5],"rotation":0,"texture":"#0","tintindex":0},"up":{"uv":[10.75,3.5,9.75,4.5],"rotation":0,"texture":"#0","tintindex":0},"down":{"uv":[14.75,3.75,13.75,4.75],"rotation":0,"texture":"#0","tintindex":0}}},{"from":[7.3516254,7.8720655,7.2482924],"to":[7.714612,8.608818,7.5564737],"rotation":{"angle":0.0,"axis":"y","origin":[8.028424,6.0577626,9.226277]},"faces":{"east":{"uv":[4.5,2.75,3.5,3.5],"rotation":0,"texture":"#0","tintindex":0},"south":{"uv":[4.5,2.75,3.5,3.5],"rotation":0,"texture":"#0","tintindex":0},"north":{"uv":[4.25,3.5,3.25,2.75],"rotation":0,"texture":"#0","tintindex":0},"west":{"uv":[3.5,3.5,4.25,2.75],"rotation":0,"texture":"#0","tintindex":0},"up":{"uv":[4.5,2.75,3.5,3.5],"rotation":0,"texture":"#0","tintindex":0},"down":{"uv":[4.5,2.75,3.5,3.5],"rotation":0,"texture":"#0","tintindex":0}}},{"from":[8.309416,7.8720655,7.2482924],"to":[8.672402,8.608818,7.5564737],"rotation":{"angle":0.0,"axis":"y","origin":[8.028424,6.0577626,9.226277]},"faces":{"east":{"uv":[4.25,3.5,3.5,2.75],"rotation":0,"texture":"#0","tintindex":0},"south":{"uv":[4.5,2.75,3.5,3.5],"rotation":0,"texture":"#0","tintindex":0},"north":{"uv":[3.25,3.5,4.25,2.75],"rotation":0,"texture":"#0","tintindex":0},"west":{"uv":[4.5,2.75,3.5,3.5],"rotation":0,"texture":"#0","tintindex":0},"up":{"uv":[4.5,2.75,3.5,3.5],"rotation":0,"texture":"#0","tintindex":0},"down":{"uv":[4.5,2.75,3.5,3.5],"rotation":0,"texture":"#0","tintindex":0}}},{"from":[6.8029494,8.286888,7.8532953],"to":[7.506414,9.726471,8.029399],"rotation":{"angle":45.0,"axis":"z","origin":[7.5495844,8.751815,7.9520764]},"faces":{"east":{"uv":[8.5,3.5,8.25,4.0],"rotation":0,"texture":"#0","tintindex":0},"south":{"uv":[8.75,3.5,8.25,4.0],"rotation":0,"texture":"#0","tintindex":0},"north":{"uv":[10.25,5.75,9.25,7.25],"rotation":0,"texture":"#0","tintindex":0},"west":{"uv":[8.5,3.5,8.25,4.0],"rotation":0,"texture":"#0","tintindex":0},"up":{"uv":[8.5,3.5,8.25,4.0],"rotation":90,"texture":"#0","tintindex":0},"down":{"uv":[7.25,3.5,6.25,5.0],"rotation":0,"texture":"#0","tintindex":0}}},{"from":[8.517614,8.286888,7.8532953],"to":[9.221079,9.726471,8.029399],"rotation":{"angle":-45.0,"axis":"z","origin":[8.474443,8.751815,7.9520764]},"faces":{"east":{"uv":[8.5,3.5,8.25,4.0],"rotation":0,"texture":"#0","tintindex":0},"south":{"uv":[8.75,3.5,8.25,4.0],"rotation":0,"texture":"#0","tintindex":0},"north":{"uv":[10.25,5.75,9.25,7.25],"rotation":0,"texture":"#0","tintindex":0},"west":{"uv":[8.5,3.5,8.25,4.0],"rotation":0,"texture":"#0","tintindex":0},"up":{"uv":[8.5,3.5,8.25,4.0],"rotation":90,"texture":"#0","tintindex":0},"down":{"uv":[7.25,3.5,6.25,5.0],"rotation":0,"texture":"#0","tintindex":0}}},{"from":[7.7534213,7.843118,6.815394],"to":[8.270607,8.35944,7.63773],"rotation":{"angle":-22.5,"axis":"x","origin":[8.012014,7.9959993,7.1094193]},"faces":{"east":{"uv":[11.0,3.5,12.0,5.0],"rotation":0,"texture":"#0","tintindex":0},"south":{"uv":[7.0,3.5,6.0,5.0],"rotation":0,"texture":"#0","tintindex":0},"north":{"uv":[7.0,3.5,6.0,5.0],"rotation":0,"texture":"#0","tintindex":0},"west":{"uv":[12.0,3.5,11.0,5.0],"rotation":0,"texture":"#0","tintindex":0},"up":{"uv":[10.0,5.0,9.25,6.25],"rotation":0,"texture":"#0","tintindex":0},"down":{"uv":[12.0,4.5,11.0,5.0],"rotation":0,"texture":"#0","tintindex":0}}},{"from":[7.7534213,7.424816,6.8278036],"to":[8.270607,7.9011383,7.741568],"rotation":{"angle":0.0,"axis":"y","origin":[8.012014,7.754406,7.258971]},"faces":{"east":{"uv":[7.25,5.0,6.25,5.5],"rotation":0,"texture":"#0","tintindex":0},"south":{"uv":[7.25,5.0,6.25,5.5],"rotation":0,"texture":"#0","tintindex":0},"north":{"uv":[7.25,5.0,6.25,5.5],"rotation":0,"texture":"#0","tintindex":0},"west":{"uv":[7.25,5.0,6.25,5.5],"rotation":0,"texture":"#0","tintindex":0},"up":{"uv":[7.25,5.0,6.25,5.5],"rotation":0,"texture":"#0","tintindex":0},"down":{"uv":[7.25,5.0,6.25,5.5],"rotation":0,"texture":"#0","tintindex":0}}},{"from":[7.709238,7.69663,6.456397],"to":[8.314791,8.220146,6.8852654],"rotation":{"angle":0.0,"axis":"y","origin":[8.012014,8.004103,6.6708307]},"faces":{"east":{"uv":[10.75,3.75,12.0,5.25],"rotation":0,"texture":"#0","tintindex":0},"south":{"uv":[7.0,3.5,6.0,5.0],"rotation":0,"texture":"#0","tintindex":0},"north":{"uv":[1.0,3.25,1.75,4.25],"rotation":0,"texture":"#0","tintindex":0},"west":{"uv":[12.0,3.75,10.75,5.25],"rotation":0,"texture":"#0","tintindex":0},"up":{"uv":[10.0,5.0,9.25,6.25],"rotation":0,"texture":"#0","tintindex":0},"down":{"uv":[7.25,3.5,6.25,5.0],"rotation":0,"texture":"#0","tintindex":0}}},{"from":[7.7093954,7.4098277,6.5070596],"to":[8.314632,7.859008,6.8305006],"rotation":{"angle":0.0,"axis":"y","origin":[8.028424,6.149191,9.324951]},"faces":{"east":{"uv":[2.75,3.75,1.75,4.25],"rotation":0,"texture":"#0","tintindex":0},"south":{"uv":[7.25,5.0,6.25,5.5],"rotation":0,"texture":"#0","tintindex":0},"north":{"uv":[2.75,3.75,1.75,4.25],"rotation":0,"texture":"#0","tintindex":0},"west":{"uv":[2.75,3.75,1.75,4.25],"rotation":0,"texture":"#0","tintindex":0},"up":{"uv":[7.25,5.0,6.25,5.5],"rotation":0,"texture":"#0","tintindex":0},"down":{"uv":[7.25,5.0,6.25,5.5],"rotation":0,"texture":"#0","tintindex":0}}},{"from":[7.83976,8.073784,6.328974],"to":[8.184268,8.331938,6.677174],"rotation":{"angle":-22.5,"axis":"x","origin":[8.012014,8.248575,6.548788]},"faces":{"east":{"uv":[15.5,0.25,14.75,1.25],"rotation":0,"texture":"#0","tintindex":0},"south":{"uv":[15.75,0.5,15.0,1.0],"rotation":0,"texture":"#0","tintindex":0},"north":{"uv":[15.75,1.25,14.75,2.25],"rotation":0,"texture":"#0","tintindex":0},"west":{"uv":[15.75,0.25,15.0,1.25],"rotation":0,"texture":"#0","tintindex":0},"up":{"uv":[15.75,1.5,14.75,2.5],"rotation":0,"texture":"#0","tintindex":0},"down":{"uv":[15.75,0.5,15.0,1.0],"rotation":0,"texture":"#0","tintindex":0}}}],"display":{"head":{"translation":[0.0,-6.4,0.0],"scale":[4.0,4.0,4.0]}}}