{"textures":{"0":"modelengine:entity/gazelle"},"elements":[{"from":[7.4783506,5.300808,7.0345464],"to":[8.281227,7.084978,7.810663],"rotation":{"angle":-22.5,"axis":"x","origin":[8.788499,8.448929,5.511812]},"faces":{"east":{"uv":[16.0,3.5,15.25,5.0],"rotation":0,"texture":"#0","tintindex":0},"south":{"uv":[16.0,3.5,15.25,5.0],"rotation":0,"texture":"#0","tintindex":0},"north":{"uv":[16.0,3.5,15.25,5.0],"rotation":0,"texture":"#0","tintindex":0},"west":{"uv":[16.0,3.5,15.25,5.0],"rotation":0,"texture":"#0","tintindex":0},"up":{"uv":[16.0,3.5,15.25,5.0],"rotation":0,"texture":"#0","tintindex":0},"down":{"uv":[16.0,3.5,15.25,5.0],"rotation":0,"texture":"#0","tintindex":0}}},{"from":[7.4337463,7.44363,7.4523425],"to":[8.593457,8.647945,8.406877],"rotation":{"angle":0.0,"axis":"y","origin":[8.788499,8.448929,5.511812]},"faces":{"east":{"uv":[9.5,0.0,8.75,1.0],"rotation":0,"texture":"#0","tintindex":0},"south":{"uv":[9.5,0.0,8.75,1.0],"rotation":0,"texture":"#0","tintindex":0},"north":{"uv":[9.5,0.0,8.75,1.0],"rotation":0,"texture":"#0","tintindex":0},"west":{"uv":[9.5,0.0,8.75,1.0],"rotation":0,"texture":"#0","tintindex":0},"up":{"uv":[9.5,0.0,8.75,1.0],"rotation":0,"texture":"#0","tintindex":0},"down":{"uv":[10.75,3.5,9.75,4.5],"rotation":0,"texture":"#0","tintindex":0}}}],"display":{"head":{"translation":[0.0,-6.4,0.0],"scale":[4.0,4.0,4.0]}}}