{"textures":{"0":"modelengine:entity/gazelle"},"elements":[{"from":[7.1265044,7.2117057,7.7114296],"to":[8.866071,8.642371,9.584808],"rotation":{"angle":0.0,"axis":"y","origin":[7.9962873,7.985915,8.648119]},"faces":{"east":{"uv":[16.0,3.5,13.75,5.0],"rotation":0,"texture":"#0","tintindex":0},"south":{"uv":[7.5,3.5,9.0,5.0],"rotation":0,"texture":"#0","tintindex":0},"north":{"uv":[6.0,3.5,7.5,5.0],"rotation":0,"texture":"#0","tintindex":0},"west":{"uv":[12.0,3.5,9.75,5.0],"rotation":0,"texture":"#0","tintindex":0},"up":{"uv":[9.0,5.0,10.5,7.25],"rotation":0,"texture":"#0","tintindex":0},"down":{"uv":[6.0,7.25,7.5,5.0],"rotation":0,"texture":"#0","tintindex":0}}},{"from":[7.0819,7.1964183,6.2823076],"to":[8.910675,8.776183,7.889847],"rotation":{"angle":0.0,"axis":"y","origin":[7.9460063,8.53615,6.644608]},"faces":{"east":{"uv":[5.5,1.5,7.0,3.25],"rotation":0,"texture":"#0","tintindex":0},"south":{"uv":[9.0,0.0,11.0,1.75],"rotation":0,"texture":"#0","tintindex":0},"north":{"uv":[7.0,0.0,9.0,1.75],"rotation":0,"texture":"#0","tintindex":0},"west":{"uv":[12.75,1.5,14.25,3.25],"rotation":0,"texture":"#0","tintindex":0},"up":{"uv":[10.75,1.75,12.75,3.25],"rotation":0,"texture":"#0","tintindex":0},"down":{"uv":[7.25,5.75,6.25,7.25],"rotation":0,"texture":"#0","tintindex":0}}},{"from":[7.6171513,7.110478,9.057894],"to":[8.330819,8.039358,10.017936],"rotation":{"angle":-22.5,"axis":"x","origin":[7.9460063,9.016454,7.941474]},"faces":{"east":{"uv":[1.0,5.25,0.0,7.0],"rotation":0,"texture":"#0","tintindex":0},"south":{"uv":[1.25,5.25,0.25,7.0],"rotation":0,"texture":"#0","tintindex":0},"north":{"uv":[1.0,5.25,0.0,7.0],"rotation":0,"texture":"#0","tintindex":0},"west":{"uv":[1.0,5.25,0.0,7.0],"rotation":0,"texture":"#0","tintindex":0},"up":{"uv":[1.0,5.25,0.0,7.0],"rotation":0,"texture":"#0","tintindex":0},"down":{"uv":[1.0,5.25,0.0,7.0],"rotation":0,"texture":"#0","tintindex":0}}}],"display":{"head":{"translation":[0.0,-6.4,0.0],"scale":[4.0,4.0,4.0]}}}