{"textures":{"0":"modelengine:entity/giraffe"},"elements":[{"from":[6.639935,6.737541,6.5941286],"to":[9.304042,9.211355,8.940701],"rotation":{"angle":0.0,"axis":"y","origin":[8.007452,0.39626598,10.400011]},"faces":{"east":{"uv":[5.9375,5.8125,6.4375,6.3125],"rotation":0,"texture":"#0","tintindex":0},"south":{"uv":[3.125,2.4375,4.0,3.125],"rotation":0,"texture":"#0","tintindex":0},"north":{"uv":[5.25,2.75,5.8125,3.25],"rotation":0,"texture":"#0","tintindex":0},"west":{"uv":[3.125,2.4375,4.0,3.125],"rotation":0,"texture":"#0","tintindex":0},"up":{"uv":[1.5625,6.1875,1.0,5.6875],"rotation":0,"texture":"#0","tintindex":0},"down":{"uv":[6.25,3.25,5.6875,3.75],"rotation":0,"texture":"#0","tintindex":0}}},{"from":[6.9084263,7.73004,6.130331],"to":[7.784774,9.373048,7.0811405],"rotation":{"angle":22.5,"axis":"x","origin":[8.084678,5.248045,7.660287]},"faces":{"east":{"uv":[2.875,7.3125,3.0625,7.6875],"rotation":0,"texture":"#0","tintindex":0},"south":{"uv":[3.0625,7.3125,3.25,7.6875],"rotation":0,"texture":"#0","tintindex":0},"north":{"uv":[2.6875,7.3125,2.875,7.6875],"rotation":0,"texture":"#0","tintindex":0},"west":{"uv":[5.375,7.3125,5.5625,7.6875],"rotation":0,"texture":"#0","tintindex":0},"up":{"uv":[7.6875,6.5,7.5,6.3125],"rotation":0,"texture":"#0","tintindex":0},"down":{"uv":[7.6875,6.5,7.5,6.6875],"rotation":0,"texture":"#0","tintindex":0}}},{"from":[7.0762405,8.317902,8.042462],"to":[7.6573863,9.638077,8.698215],"rotation":{"angle":22.5,"axis":"x","origin":[7.972705,9.698042,8.683246]},"faces":{"east":{"uv":[1.5,2.1875,1.625,2.4375],"rotation":0,"texture":"#0","tintindex":0},"south":{"uv":[1.375,2.8125,1.5,3.0625],"rotation":0,"texture":"#0","tintindex":0},"north":{"uv":[1.5,1.9375,1.625,2.1875],"rotation":0,"texture":"#0","tintindex":0},"west":{"uv":[1.375,3.0625,1.5,3.3125],"rotation":0,"texture":"#0","tintindex":0},"up":{"uv":[7.0625,5.9375,6.9375,5.8125],"rotation":0,"texture":"#0","tintindex":0},"down":{"uv":[7.0625,5.9375,6.9375,6.0625],"rotation":0,"texture":"#0","tintindex":0}}},{"from":[8.160635,7.6791434,6.130331],"to":[9.0369835,9.322151,7.0811405],"rotation":{"angle":22.5,"axis":"x","origin":[9.484344,5.1971483,7.660287]},"faces":{"east":{"uv":[7.3125,5.8125,7.5,6.1875],"rotation":0,"texture":"#0","tintindex":0},"south":{"uv":[7.3125,6.1875,7.5,6.5625],"rotation":0,"texture":"#0","tintindex":0},"north":{"uv":[5.5625,7.3125,5.75,7.6875],"rotation":0,"texture":"#0","tintindex":0},"west":{"uv":[7.3125,6.5625,7.5,6.9375],"rotation":0,"texture":"#0","tintindex":0},"up":{"uv":[6.8125,7.6875,6.625,7.5],"rotation":0,"texture":"#0","tintindex":0},"down":{"uv":[7.6875,6.6875,7.5,6.875],"rotation":0,"texture":"#0","tintindex":0}}},{"from":[8.288023,8.281912,8.078452],"to":[8.869168,9.602087,8.734204],"rotation":{"angle":22.5,"axis":"x","origin":[7.972705,9.698042,8.683246]},"faces":{"east":{"uv":[0.75,3.5,0.875,3.75],"rotation":0,"texture":"#0","tintindex":0},"south":{"uv":[0.75,3.75,0.875,4.0],"rotation":0,"texture":"#0","tintindex":0},"north":{"uv":[3.0,3.375,3.125,3.625],"rotation":0,"texture":"#0","tintindex":0},"west":{"uv":[3.875,4.5,4.0,4.75],"rotation":0,"texture":"#0","tintindex":0},"up":{"uv":[7.0625,6.1875,6.9375,6.0625],"rotation":0,"texture":"#0","tintindex":0},"down":{"uv":[3.625,7.0625,3.5,7.1875],"rotation":0,"texture":"#0","tintindex":0}}},{"from":[8.214294,9.507008,7.944629],"to":[8.942897,10.163631,8.600382],"rotation":{"angle":-22.5,"axis":"x","origin":[7.972705,10.068618,8.597368]},"faces":{"east":{"uv":[1.4375,7.5625,1.5625,7.6875],"rotation":0,"texture":"#0","tintindex":0},"south":{"uv":[6.5,7.5625,6.625,7.6875],"rotation":0,"texture":"#0","tintindex":0},"north":{"uv":[4.875,7.5,5.0,7.625],"rotation":0,"texture":"#0","tintindex":0},"west":{"uv":[4.875,7.625,5.0,7.75],"rotation":0,"texture":"#0","tintindex":0},"up":{"uv":[5.3125,7.75,5.1875,7.625],"rotation":0,"texture":"#0","tintindex":0},"down":{"uv":[7.75,5.25,7.625,5.375],"rotation":0,"texture":"#0","tintindex":0}}},{"from":[7.002513,9.572489,7.90864],"to":[7.7311144,10.229112,8.564392],"rotation":{"angle":-22.5,"axis":"x","origin":[7.972705,10.068618,8.597368]},"faces":{"east":{"uv":[2.125,7.125,2.25,7.25],"rotation":0,"texture":"#0","tintindex":0},"south":{"uv":[5.375,7.1875,5.5,7.3125],"rotation":0,"texture":"#0","tintindex":0},"north":{"uv":[6.125,7.0625,6.25,7.1875],"rotation":0,"texture":"#0","tintindex":0},"west":{"uv":[4.875,7.25,5.0,7.375],"rotation":0,"texture":"#0","tintindex":0},"up":{"uv":[5.875,7.4375,5.75,7.3125],"rotation":0,"texture":"#0","tintindex":0},"down":{"uv":[5.0,7.375,4.875,7.5],"rotation":0,"texture":"#0","tintindex":0}}},{"from":[6.4496417,7.8904557,7.165009],"to":[9.494335,8.830768,8.497063],"rotation":{"angle":0.0,"axis":"y","origin":[8.007452,0.39626598,10.400011]},"faces":{"east":{"uv":[7.5,2.125,7.8125,2.25],"rotation":0,"texture":"#0","tintindex":0},"south":{"uv":[7.0625,2.8125,7.6875,2.9375],"rotation":0,"texture":"#0","tintindex":0},"north":{"uv":[7.0625,2.6875,7.6875,2.8125],"rotation":0,"texture":"#0","tintindex":0},"west":{"uv":[7.5,2.25,7.8125,2.375],"rotation":0,"texture":"#0","tintindex":0},"up":{"uv":[3.8125,1.6875,3.1875,1.375],"rotation":0,"texture":"#0","tintindex":0},"down":{"uv":[7.3125,2.9375,6.6875,3.25],"rotation":0,"texture":"#0","tintindex":0}}},{"from":[6.4496417,8.830768,6.4038353],"to":[7.3937335,9.306501,8.497063],"rotation":{"angle":0.0,"axis":"y","origin":[8.007452,0.39626598,10.400011]},"faces":{"east":{"uv":[5.8125,3.125,6.25,3.25],"rotation":0,"texture":"#0","tintindex":0},"south":{"uv":[5.0,5.75,5.1875,5.875],"rotation":0,"texture":"#0","tintindex":0},"north":{"uv":[4.6875,0.5625,4.875,0.6875],"rotation":0,"texture":"#0","tintindex":0},"west":{"uv":[7.3125,2.5625,7.75,2.6875],"rotation":0,"texture":"#0","tintindex":0},"up":{"uv":[5.375,7.625,5.1875,7.1875],"rotation":0,"texture":"#0","tintindex":0},"down":{"uv":[0.625,7.25,0.4375,7.6875],"rotation":0,"texture":"#0","tintindex":0}}},{"from":[6.4020686,8.683312,6.308689],"to":[7.4339314,8.830768,7.165009],"rotation":{"angle":0.0,"axis":"y","origin":[8.007452,0.39626598,10.400011]},"faces":{"east":{"uv":[4.0625,1.1875,4.375,1.25],"rotation":0,"texture":"#0","tintindex":0},"south":{"uv":[4.0625,1.1875,4.375,1.25],"rotation":0,"texture":"#0","tintindex":0},"north":{"uv":[4.0625,1.1875,4.375,1.25],"rotation":0,"texture":"#0","tintindex":0},"west":{"uv":[4.0625,1.1875,4.375,1.25],"rotation":0,"texture":"#0","tintindex":0},"up":{"uv":[4.0625,1.1875,4.375,1.25],"rotation":0,"texture":"#0","tintindex":0},"down":{"uv":[4.0625,1.1875,4.375,1.25],"rotation":0,"texture":"#0","tintindex":0}}},{"from":[8.510046,8.683312,6.308689],"to":[9.541909,8.830768,7.165009],"rotation":{"angle":0.0,"axis":"y","origin":[8.007452,0.39626598,10.400011]},"faces":{"east":{"uv":[4.0625,1.1875,4.375,1.25],"rotation":0,"texture":"#0","tintindex":0},"south":{"uv":[4.0625,1.1875,4.375,1.25],"rotation":0,"texture":"#0","tintindex":0},"north":{"uv":[4.0625,1.1875,4.375,1.25],"rotation":0,"texture":"#0","tintindex":0},"west":{"uv":[4.0625,1.1875,4.375,1.25],"rotation":0,"texture":"#0","tintindex":0},"up":{"uv":[4.0625,1.1875,4.375,1.25],"rotation":0,"texture":"#0","tintindex":0},"down":{"uv":[4.0625,1.1875,4.375,1.25],"rotation":0,"texture":"#0","tintindex":0}}},{"from":[6.4496417,6.892299,6.4038353],"to":[7.305962,8.044284,8.497063],"rotation":{"angle":0.0,"axis":"y","origin":[8.007452,0.39626598,10.400011]},"faces":{"east":{"uv":[6.75,5.0625,7.1875,5.3125],"rotation":0,"texture":"#0","tintindex":0},"south":{"uv":[0.1875,7.5,0.375,7.75],"rotation":0,"texture":"#0","tintindex":0},"north":{"uv":[0.8125,7.375,1.0,7.625],"rotation":0,"texture":"#0","tintindex":0},"west":{"uv":[5.0,6.9375,5.4375,7.1875],"rotation":0,"texture":"#0","tintindex":0},"up":{"uv":[7.4375,1.8125,7.25,1.375],"rotation":0,"texture":"#0","tintindex":0},"down":{"uv":[2.3125,7.25,2.125,7.6875],"rotation":0,"texture":"#0","tintindex":0}}},{"from":[8.550244,8.830768,6.4038353],"to":[9.494335,9.306501,8.497063],"rotation":{"angle":0.0,"axis":"y","origin":[8.007452,0.39626598,10.400011]},"faces":{"east":{"uv":[7.0625,7.4375,7.5,7.5625],"rotation":0,"texture":"#0","tintindex":0},"south":{"uv":[0.8125,7.625,1.0,7.75],"rotation":0,"texture":"#0","tintindex":0},"north":{"uv":[7.3125,7.5625,7.5,7.6875],"rotation":0,"texture":"#0","tintindex":0},"west":{"uv":[7.5,0.25,7.9375,0.375],"rotation":0,"texture":"#0","tintindex":0},"up":{"uv":[0.8125,7.6875,0.625,7.25],"rotation":0,"texture":"#0","tintindex":0},"down":{"uv":[7.4375,0.9375,7.25,1.375],"rotation":0,"texture":"#0","tintindex":0}}},{"from":[8.733162,6.892299,6.4038353],"to":[9.494335,8.044284,8.497063],"rotation":{"angle":0.0,"axis":"y","origin":[8.007452,0.39626598,10.400011]},"faces":{"east":{"uv":[6.9375,5.3125,7.375,5.5625],"rotation":0,"texture":"#0","tintindex":0},"south":{"uv":[7.5,0.625,7.6875,0.875],"rotation":0,"texture":"#0","tintindex":0},"north":{"uv":[7.5,0.375,7.6875,0.625],"rotation":0,"texture":"#0","tintindex":0},"west":{"uv":[6.9375,5.5625,7.375,5.8125],"rotation":0,"texture":"#0","tintindex":0},"up":{"uv":[2.5,7.6875,2.3125,7.25],"rotation":0,"texture":"#0","tintindex":0},"down":{"uv":[4.875,7.25,4.6875,7.6875],"rotation":0,"texture":"#0","tintindex":0}}},{"from":[6.5447884,8.044284,6.4989824],"to":[7.371608,8.973625,7.165009],"rotation":{"angle":0.0,"axis":"y","origin":[8.007452,0.39626598,10.400011]},"faces":{"east":{"uv":[0.0,6.5625,0.125,6.625],"rotation":0,"texture":"#0","tintindex":0},"south":{"uv":[7.75,7.3125,8.0,7.625],"rotation":0,"texture":"#0","tintindex":0},"north":{"uv":[7.75,7.3125,8.0,7.625],"rotation":0,"texture":"#0","tintindex":0},"west":{"uv":[0.0,6.5625,0.125,6.625],"rotation":0,"texture":"#0","tintindex":0},"up":{"uv":[7.75,7.3125,8.0,7.625],"rotation":0,"texture":"#0","tintindex":0},"down":{"uv":[7.75,7.3125,8.0,7.625],"rotation":0,"texture":"#0","tintindex":0}}},{"from":[8.57237,8.044284,6.4989824],"to":[9.399189,8.973625,7.165009],"rotation":{"angle":0.0,"axis":"y","origin":[8.007452,0.39626598,10.400011]},"faces":{"east":{"uv":[0.0,6.5625,0.125,6.625],"rotation":0,"texture":"#0","tintindex":0},"south":{"uv":[7.75,7.3125,8.0,7.625],"rotation":0,"texture":"#0","tintindex":0},"north":{"uv":[7.75,7.3125,8.0,7.625],"rotation":0,"texture":"#0","tintindex":0},"west":{"uv":[0.0,6.5625,0.125,6.625],"rotation":0,"texture":"#0","tintindex":0},"up":{"uv":[7.75,7.3125,8.0,7.625],"rotation":0,"texture":"#0","tintindex":0},"down":{"uv":[7.75,7.3125,8.0,7.625],"rotation":0,"texture":"#0","tintindex":0}}},{"from":[7.6568074,7.940082,7.8064857],"to":[8.868366,9.857765,8.187072],"rotation":{"angle":45.0,"axis":"z","origin":[6.972608,6.6608906,7.6462693]},"faces":{"east":{"uv":[1.0,5.1875,1.0625,5.625],"rotation":0,"texture":"#0","tintindex":0},"south":{"uv":[7.0625,1.8125,7.3125,2.25],"rotation":0,"texture":"#0","tintindex":0},"north":{"uv":[4.4375,6.9375,4.6875,7.375],"rotation":0,"texture":"#0","tintindex":0},"west":{"uv":[1.0625,5.1875,1.125,5.625],"rotation":0,"texture":"#0","tintindex":0},"up":{"uv":[6.25,2.625,6.0,2.5625],"rotation":0,"texture":"#0","tintindex":0},"down":{"uv":[7.1875,0.9375,6.9375,1.0],"rotation":0,"texture":"#0","tintindex":0}}},{"from":[7.0756116,7.940082,7.8064857],"to":[8.287169,9.857765,8.187072],"rotation":{"angle":-45.0,"axis":"z","origin":[8.97137,6.6608906,7.6462693]},"faces":{"east":{"uv":[4.25,4.75,4.3125,5.1875],"rotation":0,"texture":"#0","tintindex":0},"south":{"uv":[4.1875,6.9375,4.4375,7.375],"rotation":0,"texture":"#0","tintindex":0},"north":{"uv":[6.9375,3.6875,7.1875,4.125],"rotation":0,"texture":"#0","tintindex":0},"west":{"uv":[4.3125,4.75,4.375,5.1875],"rotation":0,"texture":"#0","tintindex":0},"up":{"uv":[3.4375,1.75,3.1875,1.6875],"rotation":0,"texture":"#0","tintindex":0},"down":{"uv":[3.6875,1.6875,3.4375,1.75],"rotation":0,"texture":"#0","tintindex":0}}},{"from":[7.4131303,6.5266504,6.9784117],"to":[8.530847,8.470283,8.400788],"rotation":{"angle":-22.5,"axis":"x","origin":[7.9719887,4.3875,5.8251586]},"faces":{"east":{"uv":[6.0,2.125,6.3125,2.5625],"rotation":0,"texture":"#0","tintindex":0},"south":{"uv":[7.0625,5.8125,7.3125,6.25],"rotation":0,"texture":"#0","tintindex":0},"north":{"uv":[7.0625,2.25,7.3125,2.6875],"rotation":0,"texture":"#0","tintindex":0},"west":{"uv":[4.6875,6.8125,5.0,7.25],"rotation":0,"texture":"#0","tintindex":0},"up":{"uv":[6.375,7.5625,6.125,7.25],"rotation":0,"texture":"#0","tintindex":0},"down":{"uv":[6.625,7.25,6.375,7.5625],"rotation":0,"texture":"#0","tintindex":0}}},{"from":[7.4131303,8.55129,5.119652],"to":[8.530847,9.315273,6.099661],"rotation":{"angle":-45.0,"axis":"x","origin":[7.9719887,8.011681,6.6787124]},"faces":{"east":{"uv":[7.5,7.4375,7.6875,7.625],"rotation":0,"texture":"#0","tintindex":0},"south":{"uv":[1.0,7.5,1.25,7.6875],"rotation":0,"texture":"#0","tintindex":0},"north":{"uv":[6.4375,4.125,6.6875,4.3125],"rotation":0,"texture":"#0","tintindex":0},"west":{"uv":[1.25,7.5625,1.4375,7.75],"rotation":0,"texture":"#0","tintindex":0},"up":{"uv":[7.75,1.9375,7.5,1.75],"rotation":0,"texture":"#0","tintindex":0},"down":{"uv":[7.75,1.9375,7.5,2.125],"rotation":0,"texture":"#0","tintindex":0}}},{"from":[7.317643,7.2478933,4.6288233],"to":[8.626334,7.839602,6.074718],"rotation":{"angle":0.0,"axis":"y","origin":[7.9719887,7.9123874,5.462363]},"faces":{"east":{"uv":[7.5,2.375,7.8125,2.5],"rotation":0,"texture":"#0","tintindex":0},"south":{"uv":[4.4375,7.625,4.6875,7.75],"rotation":0,"texture":"#0","tintindex":0},"north":{"uv":[4.1875,7.625,4.4375,7.75],"rotation":0,"texture":"#0","tintindex":0},"west":{"uv":[7.5,3.9375,7.8125,4.0625],"rotation":0,"texture":"#0","tintindex":0},"up":{"uv":[3.875,5.625,3.625,5.3125],"rotation":0,"texture":"#0","tintindex":0},"down":{"uv":[7.4375,4.9375,7.1875,5.25],"rotation":0,"texture":"#0","tintindex":0}}},{"from":[7.3179836,6.628069,5.009632],"to":[8.625994,7.2301755,6.103819],"rotation":{"angle":0.0,"axis":"y","origin":[8.007452,0.67362404,10.725826]},"faces":{"east":{"uv":[7.0625,7.5625,7.3125,7.6875],"rotation":0,"texture":"#0","tintindex":0},"south":{"uv":[1.8125,7.625,2.0625,7.75],"rotation":0,"texture":"#0","tintindex":0},"north":{"uv":[6.4375,6.1875,6.6875,6.3125],"rotation":0,"texture":"#0","tintindex":0},"west":{"uv":[3.25,7.625,3.5,7.75],"rotation":0,"texture":"#0","tintindex":0},"up":{"uv":[7.625,7.1875,7.375,6.9375],"rotation":0,"texture":"#0","tintindex":0},"down":{"uv":[7.625,7.1875,7.375,7.4375],"rotation":0,"texture":"#0","tintindex":0}}}],"display":{"head":{"translation":[0.0,-6.4,0.0],"scale":[4.0,4.0,4.0]}}}