{"textures":{"0":"modelengine:entity/giraffe"},"elements":[{"from":[7.9904475,2.656281,6.0672097],"to":[9.60423,6.2424636,8.038633],"rotation":{"angle":-22.5,"axis":"x","origin":[6.970831,8.984003,3.417943]},"faces":{"east":{"uv":[2.5625,4.5,2.125,5.3125],"rotation":0,"texture":"#0","tintindex":0},"south":{"uv":[1.5,4.875,1.125,5.6875],"rotation":0,"texture":"#0","tintindex":0},"north":{"uv":[5.25,0.875,4.875,1.6875],"rotation":0,"texture":"#0","tintindex":0},"west":{"uv":[4.875,2.4375,4.4375,3.25],"rotation":0,"texture":"#0","tintindex":0},"up":{"uv":[6.6875,7.0625,7.0625,6.625],"rotation":0,"texture":"#0","tintindex":0},"down":{"uv":[6.75,0.0,7.125,0.4375],"rotation":0,"texture":"#0","tintindex":0}}},{"from":[7.3628654,6.963353,6.90698],"to":[9.693885,9.384027,9.237022],"rotation":{"angle":0.0,"axis":"y","origin":[6.970831,8.984003,3.417943]},"faces":{"east":{"uv":[5.6875,3.25,5.1875,3.8125],"rotation":0,"texture":"#0","tintindex":0},"south":{"uv":[1.0,5.1875,0.5,5.75],"rotation":0,"texture":"#0","tintindex":0},"north":{"uv":[1.375,2.8125,0.875,3.375],"rotation":0,"texture":"#0","tintindex":0},"west":{"uv":[5.75,4.3125,5.1875,4.8125],"rotation":0,"texture":"#0","tintindex":0},"up":{"uv":[5.75,5.3125,6.25,4.8125],"rotation":0,"texture":"#0","tintindex":0},"down":{"uv":[5.75,4.3125,5.1875,4.8125],"rotation":0,"texture":"#0","tintindex":0}}}],"display":{"head":{"translation":[0.0,-6.4,0.0],"scale":[4.0,4.0,4.0]}}}