{"textures":{"0":"modelengine:entity/giraffe"},"elements":[{"from":[7.627147,2.2158523,6.4875665],"to":[8.654356,4.0754614,7.4767203],"rotation":{"angle":45.0,"axis":"x","origin":[8.140752,3.8313713,7.1302576]},"faces":{"east":{"uv":[7.0625,6.25,7.3125,6.6875],"rotation":0,"texture":"#0","tintindex":0},"south":{"uv":[6.625,7.0625,6.875,7.5],"rotation":0,"texture":"#0","tintindex":0},"north":{"uv":[5.875,7.0625,6.125,7.5],"rotation":0,"texture":"#0","tintindex":0},"west":{"uv":[7.0625,6.6875,7.3125,7.125],"rotation":0,"texture":"#0","tintindex":0},"up":{"uv":[7.6875,0.25,7.4375,0.0],"rotation":0,"texture":"#0","tintindex":0},"down":{"uv":[7.6875,0.9375,7.4375,1.1875],"rotation":0,"texture":"#0","tintindex":0}}},{"from":[7.6235256,5.790104,7.573382],"to":[8.665111,8.319025,8.40419],"rotation":{"angle":0.0,"axis":"y","origin":[8.144319,6.6417646,7.5170145]},"faces":{"east":{"uv":[0.8125,6.8125,1.0,7.375],"rotation":0,"texture":"#0","tintindex":0},"south":{"uv":[6.875,7.0625,7.0625,7.625],"rotation":0,"texture":"#0","tintindex":0},"north":{"uv":[4.6875,0.0,4.875,0.5625],"rotation":0,"texture":"#0","tintindex":0},"west":{"uv":[0.0,7.125,0.1875,7.6875],"rotation":0,"texture":"#0","tintindex":0},"up":{"uv":[7.75,3.125,7.5625,2.9375],"rotation":0,"texture":"#0","tintindex":0},"down":{"uv":[3.6875,7.5625,3.5,7.75],"rotation":0,"texture":"#0","tintindex":0}}},{"from":[7.6920967,3.9935322,7.8092675],"to":[8.5965395,6.1960535,8.571505],"rotation":{"angle":22.5,"axis":"x","origin":[8.144319,6.6417646,7.5170145]},"faces":{"east":{"uv":[1.5625,7.1875,1.75,7.6875],"rotation":0,"texture":"#0","tintindex":0},"south":{"uv":[3.75,7.1875,3.9375,7.6875],"rotation":0,"texture":"#0","tintindex":0},"north":{"uv":[5.5,5.875,5.6875,6.375],"rotation":0,"texture":"#0","tintindex":0},"west":{"uv":[5.0,7.1875,5.1875,7.6875],"rotation":0,"texture":"#0","tintindex":0},"up":{"uv":[6.3125,7.75,6.125,7.5625],"rotation":0,"texture":"#0","tintindex":0},"down":{"uv":[6.5,7.5625,6.3125,7.75],"rotation":0,"texture":"#0","tintindex":0}}}],"display":{"head":{"translation":[0.0,-6.4,0.0],"scale":[4.0,4.0,4.0]}}}