{"textures":{"0":"modelengine:entity/zc_walker"},"elements":[{"from":[7.142857,6.857143,6.0],"to":[8.857143,8.0,8.857143],"rotation":{"angle":0.0,"axis":"y","origin":[9.142858,10.285714,7.714286]},"faces":{"east":{"uv":[9.75,7.75,11.0,8.25],"rotation":0,"texture":"#0","tintindex":0},"south":{"uv":[6.75,10.5,7.5,11.0],"rotation":0,"texture":"#0","tintindex":0},"north":{"uv":[8.5,4.5,9.25,5.0],"rotation":0,"texture":"#0","tintindex":0},"west":{"uv":[10.0,4.25,11.25,4.75],"rotation":0,"texture":"#0","tintindex":0},"up":{"uv":[10.0,2.25,9.25,1.0],"rotation":0,"texture":"#0","tintindex":0},"down":{"uv":[10.0,2.25,9.25,3.5],"rotation":0,"texture":"#0","tintindex":0}}}],"display":{"head":{"translation":[0.0,-6.4,0.0],"scale":[4.0,4.0,4.0]}}}