{"textures":{"0":"modelengine:entity/zc_walker"},"elements":[{"from":[7.857143,4.5714283,7.142857],"to":[9.571428,8.0,8.857143],"rotation":{"angle":0.0,"axis":"y","origin":[5.5714283,3.7142854,8.0]},"faces":{"east":{"uv":[8.0,7.25,8.75,8.75],"rotation":0,"texture":"#0","tintindex":0},"south":{"uv":[8.25,0.0,9.0,1.5],"rotation":0,"texture":"#0","tintindex":0},"north":{"uv":[8.0,5.75,8.75,7.25],"rotation":0,"texture":"#0","tintindex":0},"west":{"uv":[8.5,1.5,9.25,3.0],"rotation":0,"texture":"#0","tintindex":0},"up":{"uv":[10.75,9.0,10.0,8.25],"rotation":0,"texture":"#0","tintindex":0},"down":{"uv":[0.75,10.25,0.0,11.0],"rotation":0,"texture":"#0","tintindex":0}}},{"from":[8.428572,4.5714283,8.857143],"to":[8.428572,5.142857,9.428572],"rotation":{"angle":0.0,"axis":"y","origin":[8.0,8.0,8.0]},"faces":{"east":{"uv":[8.75,8.25,9.0,8.5],"rotation":0,"texture":"#0","tintindex":0},"south":{"uv":[0.0,0.0,0.0,0.25],"rotation":0,"texture":"#0","tintindex":0},"north":{"uv":[0.0,0.0,0.0,0.25],"rotation":0,"texture":"#0","tintindex":0},"west":{"uv":[8.75,8.5,9.0,8.75],"rotation":0,"texture":"#0","tintindex":0},"up":{"uv":[0.0,0.25,0.0,0.0],"rotation":0,"texture":"#0","tintindex":0},"down":{"uv":[0.0,0.0,0.0,0.25],"rotation":0,"texture":"#0","tintindex":0}}},{"from":[9.0,4.5714283,8.857143],"to":[9.571428,4.5714283,9.428572],"rotation":{"angle":0.0,"axis":"y","origin":[8.714286,4.0,8.0]},"faces":{"east":{"uv":[0.0,0.0,0.25,0.0],"rotation":0,"texture":"#0","tintindex":0},"south":{"uv":[0.0,0.0,0.25,0.0],"rotation":0,"texture":"#0","tintindex":0},"north":{"uv":[0.0,0.0,0.25,0.0],"rotation":0,"texture":"#0","tintindex":0},"west":{"uv":[0.0,0.0,0.25,0.0],"rotation":0,"texture":"#0","tintindex":0},"up":{"uv":[9.25,1.25,9.0,1.0],"rotation":0,"texture":"#0","tintindex":0},"down":{"uv":[9.25,1.25,9.0,1.5],"rotation":0,"texture":"#0","tintindex":0}}},{"from":[9.5605545,4.5714283,8.340384],"to":[10.703411,7.428571,8.340384],"rotation":{"angle":-22.5,"axis":"y","origin":[9.703411,6.0,8.340384]},"faces":{"east":{"uv":[0.0,0.0,0.0,1.25],"rotation":0,"texture":"#0","tintindex":0},"south":{"uv":[10.0,3.0,10.5,4.25],"rotation":0,"texture":"#0","tintindex":0},"north":{"uv":[5.25,8.75,5.75,10.0],"rotation":0,"texture":"#0","tintindex":0},"west":{"uv":[0.0,0.0,0.0,1.25],"rotation":0,"texture":"#0","tintindex":0},"up":{"uv":[0.5,0.0,0.0,0.0],"rotation":0,"texture":"#0","tintindex":0},"down":{"uv":[0.5,0.0,0.0,0.0],"rotation":0,"texture":"#0","tintindex":0}}}],"display":{"head":{"translation":[0.0,-6.4,0.0],"scale":[4.0,4.0,4.0]}}}