{"textures":{"0":"modelengine:entity/zc_walker"},"elements":[{"from":[7.142857,6.857143,6.0],"to":[8.857143,8.0,8.857143],"rotation":{"angle":0.0,"axis":"y","origin":[6.857143,10.285714,7.714286]},"faces":{"east":{"uv":[5.25,10.0,6.5,10.5],"rotation":0,"texture":"#0","tintindex":0},"south":{"uv":[8.75,10.5,9.5,11.0],"rotation":0,"texture":"#0","tintindex":0},"north":{"uv":[10.5,7.0,11.25,7.5],"rotation":0,"texture":"#0","tintindex":0},"west":{"uv":[6.5,10.0,7.75,10.5],"rotation":0,"texture":"#0","tintindex":0},"up":{"uv":[10.0,4.75,9.25,3.5],"rotation":0,"texture":"#0","tintindex":0},"down":{"uv":[9.75,9.25,9.0,10.5],"rotation":0,"texture":"#0","tintindex":0}}}],"display":{"head":{"translation":[0.0,-6.4,0.0],"scale":[4.0,4.0,4.0]}}}