{"textures":{"0":"modelengine:entity/zc_corrupted_spire"},"elements":[{"from":[13.889757,1.775877,11.625089],"to":[15.889757,3.775877,13.625088],"faces":{"east":{"uv":[0.25,1.125,0.5,1.375],"tintindex":0,"rotation":0,"texture":"#0"},"south":{"uv":[0.5,1.125,0.75,1.375],"tintindex":0,"rotation":0,"texture":"#0"},"north":{"uv":[0.0,1.125,0.25,1.375],"tintindex":0,"rotation":0,"texture":"#0"},"west":{"uv":[0.75,1.125,1.0,1.375],"tintindex":0,"rotation":0,"texture":"#0"},"up":{"uv":[1.25,1.375,1.0,1.125],"tintindex":0,"rotation":0,"texture":"#0"},"down":{"uv":[1.0,4.875,0.75,5.125],"tintindex":0,"rotation":0,"texture":"#0"}}},{"from":[6.8897567,-8.224123,6.6250887],"to":[14.889757,2.775878,14.625088],"faces":{"east":{"uv":[0.0,7.875,1.0,9.25],"tintindex":0,"rotation":0,"texture":"#0"},"south":{"uv":[3.0,7.875,4.0,9.25],"tintindex":0,"rotation":0,"texture":"#0"},"north":{"uv":[1.0,7.875,2.0,9.25],"tintindex":0,"rotation":0,"texture":"#0"},"west":{"uv":[2.0,7.875,3.0,9.25],"tintindex":0,"rotation":0,"texture":"#0"},"up":{"uv":[2.0,7.875,1.0,6.875],"tintindex":0,"rotation":0,"texture":"#0"},"down":{"uv":[3.0,6.875,2.0,7.875],"tintindex":0,"rotation":0,"texture":"#0"}}},{"from":[12.930152,11.178732,0.6250882],"to":[12.930152,14.178732,11.625089],"faces":{"east":{"uv":[0.0,0.0,1.375,0.375],"tintindex":0,"rotation":0,"texture":"#0"},"west":{"uv":[0.0,0.375,1.375,0.75],"tintindex":0,"rotation":0,"texture":"#0"}},"rotation":{"origin":[12.930152,12.678732,6.1250887],"angle":-45.0,"axis":"z"}},{"from":[-1.1298008,-7.382635,0.6250882],"to":[11.870199,11.617365,11.625089],"faces":{"east":{"uv":[0.0,1.375,1.375,3.75],"tintindex":0,"rotation":0,"texture":"#0"},"south":{"uv":[4.375,1.375,6.0,3.75],"tintindex":0,"rotation":0,"texture":"#0"},"north":{"uv":[1.375,1.375,3.0,3.75],"tintindex":0,"rotation":0,"texture":"#0"},"west":{"uv":[3.0,1.375,4.375,3.75],"tintindex":0,"rotation":0,"texture":"#0"},"up":{"uv":[3.0,1.375,1.375,0.0],"tintindex":0,"rotation":0,"texture":"#0"},"down":{"uv":[4.625,0.0,3.0,1.375],"tintindex":0,"rotation":0,"texture":"#0"}}},{"from":[-2.1904612,11.178024,0.6250882],"to":[-2.1904612,14.178024,11.625089],"faces":{"east":{"uv":[0.0,0.75,1.375,1.125],"tintindex":0,"rotation":0,"texture":"#0"},"west":{"uv":[0.0,3.75,1.375,4.125],"tintindex":0,"rotation":0,"texture":"#0"}},"rotation":{"origin":[-2.1904612,12.678024,6.1250887],"angle":45.0,"axis":"z"}},{"from":[-1.1298008,11.178024,-0.43557167],"to":[11.870199,14.178024,-0.43557167],"faces":{"south":{"uv":[4.625,0.375,6.25,0.75],"tintindex":0,"rotation":0,"texture":"#0"},"north":{"uv":[4.625,0.0,6.25,0.375],"tintindex":0,"rotation":0,"texture":"#0"}},"rotation":{"origin":[5.370199,12.678024,-0.43557167],"angle":-45.0,"axis":"x"}},{"from":[-2.1298008,10.617365,6.6250887],"to":[-1.1298008,12.617365,8.625089],"faces":{"east":{"uv":[4.875,1.125,5.125,1.375],"tintindex":0,"rotation":0,"texture":"#0"},"south":{"uv":[1.25,4.125,1.375,4.375],"tintindex":0,"rotation":0,"texture":"#0"},"north":{"uv":[1.25,1.125,1.375,1.375],"tintindex":0,"rotation":0,"texture":"#0"},"west":{"uv":[3.375,4.875,3.625,5.125],"tintindex":0,"rotation":0,"texture":"#0"},"up":{"uv":[1.125,5.125,1.0,4.875],"tintindex":0,"rotation":0,"texture":"#0"},"down":{"uv":[3.75,4.875,3.625,5.125],"tintindex":0,"rotation":0,"texture":"#0"}}},{"from":[-1.1298008,11.178732,12.685041],"to":[11.870199,14.178732,12.685041],"faces":{"south":{"uv":[3.375,4.125,5.0,4.5],"tintindex":0,"rotation":0,"texture":"#0"},"north":{"uv":[3.375,3.75,5.0,4.125],"tintindex":0,"rotation":0,"texture":"#0"}},"rotation":{"origin":[5.370199,12.678732,12.685041],"angle":45.0,"axis":"x"}},{"from":[9.870199,9.617365,7.625088],"to":[12.870199,12.617365,12.625088],"faces":{"east":{"uv":[0.0,4.125,0.625,4.5],"tintindex":0,"rotation":0,"texture":"#0"},"south":{"uv":[3.375,4.5,3.75,4.875],"tintindex":0,"rotation":0,"texture":"#0"},"north":{"uv":[0.75,4.5,1.125,4.875],"tintindex":0,"rotation":0,"texture":"#0"},"west":{"uv":[0.625,4.125,1.25,4.5],"tintindex":0,"rotation":0,"texture":"#0"},"up":{"uv":[0.375,5.125,0.0,4.5],"tintindex":0,"rotation":0,"texture":"#0"},"down":{"uv":[0.75,4.5,0.375,5.125],"tintindex":0,"rotation":0,"texture":"#0"}}}],"display":{"gui":{"rotation":[30,225,0]}}}