{"textures":{"0":"modelengine:entity/madparrot"},"elements":[{"from":[7.714286,6.857143,8.142858],"to":[8.285714,9.142858,8.142858],"rotation":{"angle":0.0,"axis":"y","origin":[7.428571,6.857143,9.0]},"faces":{"east":{"uv":[0.0,0.0,0.0,1.0],"rotation":0,"texture":"#0","tintindex":0},"south":{"uv":[7.25,7.75,7.5,8.75],"rotation":0,"texture":"#0","tintindex":0},"north":{"uv":[7.75,4.75,8.0,5.75],"rotation":0,"texture":"#0","tintindex":0},"west":{"uv":[0.0,0.0,0.0,1.0],"rotation":0,"texture":"#0","tintindex":0},"up":{"uv":[0.25,0.0,0.0,0.0],"rotation":0,"texture":"#0","tintindex":0},"down":{"uv":[0.25,0.0,0.0,0.0],"rotation":0,"texture":"#0","tintindex":0}}},{"from":[7.714286,6.857143,7.5714283],"to":[8.285714,6.857143,8.142858],"rotation":{"angle":0.0,"axis":"y","origin":[7.428571,6.857143,9.0]},"faces":{"east":{"uv":[0.0,0.0,0.25,0.0],"rotation":0,"texture":"#0","tintindex":0},"south":{"uv":[0.0,0.0,0.25,0.0],"rotation":0,"texture":"#0","tintindex":0},"north":{"uv":[0.0,0.0,0.25,0.0],"rotation":0,"texture":"#0","tintindex":0},"west":{"uv":[0.0,0.0,0.25,0.0],"rotation":0,"texture":"#0","tintindex":0},"up":{"uv":[0.75,3.75,0.5,3.5],"rotation":0,"texture":"#0","tintindex":0},"down":{"uv":[1.0,3.5,0.75,3.75],"rotation":0,"texture":"#0","tintindex":0}}}],"display":{"head":{"translation":[0.0,-6.4,0.0],"scale":[4.0,4.0,4.0]}}}