{"textures":{"0":"modelengine:entity/madparrot"},"elements":[{"from":[6.5714283,9.142858,4.5714283],"to":[9.428572,11.428572,9.714286],"rotation":{"angle":22.5,"axis":"x","origin":[8.0,8.0,8.0]},"faces":{"east":{"uv":[5.5,3.75,7.75,4.75],"rotation":0,"texture":"#0","tintindex":0},"south":{"uv":[4.25,6.0,5.5,7.0],"rotation":0,"texture":"#0","tintindex":0},"north":{"uv":[3.0,6.0,4.25,7.0],"rotation":0,"texture":"#0","tintindex":0},"west":{"uv":[5.5,4.75,7.75,5.75],"rotation":0,"texture":"#0","tintindex":0},"up":{"uv":[4.25,6.0,3.0,3.75],"rotation":0,"texture":"#0","tintindex":0},"down":{"uv":[5.5,3.75,4.25,6.0],"rotation":0,"texture":"#0","tintindex":0}}},{"from":[7.142857,9.142858,9.714286],"to":[8.857143,10.285714,13.714286],"rotation":{"angle":0.0,"axis":"y","origin":[8.0,8.0,8.0]},"faces":{"east":{"uv":[6.25,5.75,8.0,6.25],"rotation":0,"texture":"#0","tintindex":0},"south":{"uv":[3.25,7.75,4.0,8.25],"rotation":0,"texture":"#0","tintindex":0},"north":{"uv":[7.75,3.0,8.5,3.5],"rotation":0,"texture":"#0","tintindex":0},"west":{"uv":[6.25,6.25,8.0,6.75],"rotation":0,"texture":"#0","tintindex":0},"up":{"uv":[3.0,6.75,2.25,5.0],"rotation":0,"texture":"#0","tintindex":0},"down":{"uv":[6.25,5.75,5.5,7.5],"rotation":0,"texture":"#0","tintindex":0}}}],"display":{"head":{"translation":[0.0,-6.4,0.0],"scale":[4.0,4.0,4.0]}}}