{"textures":{"0":"modelengine:entity/zc_walker"},"elements":[{"from":[7.5,5.0,5.5],"to":[9.5,5.0,6.5],"faces":{"up":{"uv":[9.75,5.0,9.25,4.75],"tintindex":0,"rotation":0,"texture":"#0"},"down":{"uv":[8.0,10.5,7.5,10.75],"tintindex":0,"rotation":0,"texture":"#0"}}},{"from":[5.5,4.0,7.5],"to":[6.5,6.0,7.5],"faces":{"south":{"uv":[8.25,1.5,8.5,2.0],"tintindex":0,"rotation":0,"texture":"#0"},"north":{"uv":[5.75,8.0,6.0,8.5],"tintindex":0,"rotation":0,"texture":"#0"}},"rotation":{"origin":[6.5,5.0,7.5],"angle":22.5,"axis":"y"}},{"from":[6.5,4.0,6.5],"to":[9.5,8.0,9.5],"faces":{"east":{"uv":[10.0,0.0,10.75,1.0],"tintindex":0,"rotation":0,"texture":"#0"},"south":{"uv":[10.0,1.0,10.75,2.0],"tintindex":0,"rotation":0,"texture":"#0"},"north":{"uv":[9.75,9.25,10.5,10.25],"tintindex":0,"rotation":0,"texture":"#0"},"west":{"uv":[10.0,2.0,10.75,3.0],"tintindex":0,"rotation":0,"texture":"#0"},"up":{"uv":[4.5,11.0,3.75,10.25],"tintindex":0,"rotation":0,"texture":"#0"},"down":{"uv":[5.25,10.25,4.5,11.0],"tintindex":0,"rotation":0,"texture":"#0"}}}],"display":{"gui":{"rotation":[30,225,0]}}}