{"textures":{"0":"modelengine:entity/zc_walker"},"elements":[{"from":[7.5,6.0,9.5],"to":[7.5,8.0,10.5],"faces":{"east":{"uv":[2.0,4.0,2.25,4.5],"tintindex":0,"rotation":0,"texture":"#0"},"west":{"uv":[4.0,4.5,4.25,5.0],"tintindex":0,"rotation":0,"texture":"#0"}}},{"from":[6.5,2.0,6.5],"to":[9.5,8.0,9.5],"faces":{"east":{"uv":[5.75,8.5,6.5,10.0],"tintindex":0,"rotation":0,"texture":"#0"},"south":{"uv":[6.5,8.5,7.25,10.0],"tintindex":0,"rotation":0,"texture":"#0"},"north":{"uv":[8.5,3.0,9.25,4.5],"tintindex":0,"rotation":0,"texture":"#0"},"west":{"uv":[7.25,8.5,8.0,10.0],"tintindex":0,"rotation":0,"texture":"#0"},"up":{"uv":[1.5,11.0,0.75,10.25],"tintindex":0,"rotation":0,"texture":"#0"},"down":{"uv":[2.25,10.25,1.5,11.0],"tintindex":0,"rotation":0,"texture":"#0"}}}],"display":{"gui":{"rotation":[30,225,0]}}}