{"textures":{"0":"modelengine:entity/zc_walker"},"elements":[{"from":[8.75,2.0,9.5],"to":[8.75,3.0,10.5],"faces":{"east":{"uv":[8.75,8.25,9.0,8.5],"tintindex":0,"rotation":0,"texture":"#0"},"west":{"uv":[8.75,8.5,9.0,8.75],"tintindex":0,"rotation":0,"texture":"#0"}}},{"from":[10.73097,2.0,8.595671],"to":[12.730969,7.0,8.595671],"faces":{"south":{"uv":[10.0,3.0,10.5,4.25],"tintindex":0,"rotation":0,"texture":"#0"},"north":{"uv":[5.25,8.75,5.75,10.0],"tintindex":0,"rotation":0,"texture":"#0"}},"rotation":{"origin":[10.98097,4.5,8.595671],"angle":-22.5,"axis":"y"}},{"from":[7.75,2.0,6.5],"to":[10.75,8.0,9.5],"faces":{"east":{"uv":[8.0,7.25,8.75,8.75],"tintindex":0,"rotation":0,"texture":"#0"},"south":{"uv":[8.25,0.0,9.0,1.5],"tintindex":0,"rotation":0,"texture":"#0"},"north":{"uv":[8.0,5.75,8.75,7.25],"tintindex":0,"rotation":0,"texture":"#0"},"west":{"uv":[8.5,1.5,9.25,3.0],"tintindex":0,"rotation":0,"texture":"#0"},"up":{"uv":[10.75,9.0,10.0,8.25],"tintindex":0,"rotation":0,"texture":"#0"},"down":{"uv":[0.75,10.25,0.0,11.0],"tintindex":0,"rotation":0,"texture":"#0"}}},{"from":[9.75,2.0,9.5],"to":[10.75,2.0,10.5],"faces":{"up":{"uv":[9.25,1.25,9.0,1.0],"tintindex":0,"rotation":0,"texture":"#0"},"down":{"uv":[9.25,1.25,9.0,1.5],"tintindex":0,"rotation":0,"texture":"#0"}}}],"display":{"gui":{"rotation":[30,225,0]}}}