{"textures":{"0":"modelengine:entity/zc_walker"},"elements":[{"from":[6.5,6.0,4.5],"to":[9.5,8.0,9.5],"faces":{"east":{"uv":[5.25,10.0,6.5,10.5],"tintindex":0,"rotation":0,"texture":"#0"},"south":{"uv":[8.75,10.5,9.5,11.0],"tintindex":0,"rotation":0,"texture":"#0"},"north":{"uv":[10.5,7.0,11.25,7.5],"tintindex":0,"rotation":0,"texture":"#0"},"west":{"uv":[6.5,10.0,7.75,10.5],"tintindex":0,"rotation":0,"texture":"#0"},"up":{"uv":[10.0,4.75,9.25,3.5],"tintindex":0,"rotation":0,"texture":"#0"},"down":{"uv":[9.75,9.25,9.0,10.5],"tintindex":0,"rotation":0,"texture":"#0"}}}],"display":{"gui":{"rotation":[30,225,0]}}}