{"textures":{"0":"modelengine:entity/zc_walker"},"elements":[{"from":[6.5,4.0,6.5],"to":[9.5,8.0,9.5],"faces":{"east":{"uv":[9.75,4.75,10.5,5.75],"tintindex":0,"rotation":0,"texture":"#0"},"south":{"uv":[9.75,6.75,10.5,7.75],"tintindex":0,"rotation":0,"texture":"#0"},"north":{"uv":[9.5,5.75,10.25,6.75],"tintindex":0,"rotation":0,"texture":"#0"},"west":{"uv":[8.0,9.75,8.75,10.75],"tintindex":0,"rotation":0,"texture":"#0"},"up":{"uv":[3.0,11.0,2.25,10.25],"tintindex":0,"rotation":0,"texture":"#0"},"down":{"uv":[3.75,10.25,3.0,11.0],"tintindex":0,"rotation":0,"texture":"#0"}}}],"display":{"gui":{"rotation":[30,225,0]}}}