{"textures":{"0":"modelengine:entity/madparrot"},"elements":[{"from":[7.4564605,5.695608,6.870155],"to":[7.4564605,8.552752,13.727298],"rotation":{"angle":22.5,"axis":"x","origin":[10.142175,4.152751,10.013012]},"faces":{"east":{"uv":[2.25,0.0,5.25,1.25],"rotation":0,"texture":"#0","tintindex":0},"south":{"uv":[0.0,0.0,0.0,1.25],"rotation":0,"texture":"#0","tintindex":0},"north":{"uv":[0.0,0.0,0.0,1.25],"rotation":0,"texture":"#0","tintindex":0},"west":{"uv":[2.25,1.25,5.25,2.5],"rotation":0,"texture":"#0","tintindex":0},"up":{"uv":[0.0,3.0,0.0,0.0],"rotation":0,"texture":"#0","tintindex":0},"down":{"uv":[0.0,0.0,0.0,3.0],"rotation":0,"texture":"#0","tintindex":0}}},{"from":[7.5707464,5.2956085,6.5844407],"to":[8.142175,8.152751,11.727298],"rotation":{"angle":22.5,"axis":"x","origin":[10.142175,4.152751,10.013012]},"faces":{"east":{"uv":[5.25,1.25,7.5,2.5],"rotation":0,"texture":"#0","tintindex":0},"south":{"uv":[4.25,7.75,4.5,9.0],"rotation":0,"texture":"#0","tintindex":0},"north":{"uv":[4.0,7.75,4.25,9.0],"rotation":0,"texture":"#0","tintindex":0},"west":{"uv":[5.25,2.5,7.5,3.75],"rotation":0,"texture":"#0","tintindex":0},"up":{"uv":[1.75,9.75,1.5,7.5],"rotation":0,"texture":"#0","tintindex":0},"down":{"uv":[7.75,1.5,7.5,3.75],"rotation":0,"texture":"#0","tintindex":0}}}],"display":{"head":{"translation":[0.0,-6.4,0.0],"scale":[4.0,4.0,4.0]}}}