{"textures":{"0":"modelengine:entity/madparrot"},"elements":[{"from":[7.8578253,5.2956085,6.5844407],"to":[8.429254,8.152751,11.727298],"rotation":{"angle":22.5,"axis":"x","origin":[5.8578253,4.152751,10.013012]},"faces":{"east":{"uv":[0.0,5.0,2.25,6.25],"rotation":0,"texture":"#0","tintindex":0},"south":{"uv":[7.75,3.5,8.0,4.75],"rotation":0,"texture":"#0","tintindex":0},"north":{"uv":[7.0,7.5,7.25,8.75],"rotation":0,"texture":"#0","tintindex":0},"west":{"uv":[5.25,0.0,7.5,1.25],"rotation":0,"texture":"#0","tintindex":0},"up":{"uv":[5.25,9.25,5.0,7.0],"rotation":0,"texture":"#0","tintindex":0},"down":{"uv":[5.5,7.0,5.25,9.25],"rotation":0,"texture":"#0","tintindex":0}}},{"from":[8.486397,5.5813227,6.9272976],"to":[8.486397,8.438466,13.784441],"rotation":{"angle":22.5,"axis":"x","origin":[5.8578253,4.152751,10.013012]},"faces":{"east":{"uv":[2.25,2.5,5.25,3.75],"rotation":0,"texture":"#0","tintindex":0},"south":{"uv":[0.0,0.0,0.0,1.25],"rotation":0,"texture":"#0","tintindex":0},"north":{"uv":[0.0,0.0,0.0,1.25],"rotation":0,"texture":"#0","tintindex":0},"west":{"uv":[0.0,3.75,3.0,5.0],"rotation":0,"texture":"#0","tintindex":0},"up":{"uv":[0.0,3.0,0.0,0.0],"rotation":0,"texture":"#0","tintindex":0},"down":{"uv":[0.0,0.0,0.0,3.0],"rotation":0,"texture":"#0","tintindex":0}}}],"display":{"head":{"translation":[0.0,-6.4,0.0],"scale":[4.0,4.0,4.0]}}}