{"textures":{"0":"modelengine:entity/zc_runner"},"elements":[{"from":[6.5,2.0,6.5],"to":[9.5,8.0,9.5],"faces":{"east":{"uv":[3.0,8.75,3.75,10.25],"tintindex":0,"rotation":0,"texture":"#0"},"south":{"uv":[9.0,0.0,9.75,1.5],"tintindex":0,"rotation":0,"texture":"#0"},"north":{"uv":[2.25,8.75,3.0,10.25],"tintindex":0,"rotation":0,"texture":"#0"},"west":{"uv":[9.0,1.5,9.75,3.0],"tintindex":0,"rotation":0,"texture":"#0"},"up":{"uv":[11.0,10.5,10.25,9.75],"tintindex":0,"rotation":0,"texture":"#0"},"down":{"uv":[11.25,0.0,10.5,0.75],"tintindex":0,"rotation":0,"texture":"#0"}}}],"display":{"gui":{"rotation":[30,225,0]}}}