{"textures":{"0":"modelengine:entity/zc_runner"},"elements":[{"from":[5.0,2.0,6.5],"to":[8.0,8.0,9.5],"faces":{"east":{"uv":[0.0,8.75,0.75,10.25],"tintindex":0,"rotation":0,"texture":"#0"},"south":{"uv":[0.75,8.75,1.5,10.25],"tintindex":0,"rotation":0,"texture":"#0"},"north":{"uv":[8.5,7.5,9.25,9.0],"tintindex":0,"rotation":0,"texture":"#0"},"west":{"uv":[1.5,8.75,2.25,10.25],"tintindex":0,"rotation":0,"texture":"#0"},"up":{"uv":[3.0,11.0,2.25,10.25],"tintindex":0,"rotation":0,"texture":"#0"},"down":{"uv":[3.75,10.25,3.0,11.0],"tintindex":0,"rotation":0,"texture":"#0"}}}],"display":{"gui":{"rotation":[30,225,0]}}}