{"textures":{"0":"modelengine:entity/zc_runner"},"elements":[{"from":[6.0,5.0,6.0],"to":[8.0,7.0,8.0],"faces":{"east":{"uv":[4.5,9.5,5.0,10.0],"tintindex":0,"rotation":0,"texture":"#0"},"south":{"uv":[10.75,2.25,11.25,2.75],"tintindex":0,"rotation":0,"texture":"#0"},"north":{"uv":[8.0,8.5,8.5,9.0],"tintindex":0,"rotation":0,"texture":"#0"},"west":{"uv":[10.75,2.75,11.25,3.25],"tintindex":0,"rotation":0,"texture":"#0"},"up":{"uv":[4.25,11.25,3.75,10.75],"tintindex":0,"rotation":0,"texture":"#0"},"down":{"uv":[11.25,6.0,10.75,6.5],"tintindex":0,"rotation":0,"texture":"#0"}}},{"from":[8.5,5.0,5.5],"to":[10.5,5.0,6.5],"faces":{"up":{"uv":[8.5,7.0,8.0,6.75],"tintindex":0,"rotation":0,"texture":"#0"},"down":{"uv":[10.5,3.75,10.0,4.0],"tintindex":0,"rotation":0,"texture":"#0"}}},{"from":[5.195518,4.0,7.9692664],"to":[6.195518,6.0,7.9692664],"faces":{"south":{"uv":[3.75,8.75,4.0,9.25],"tintindex":0,"rotation":0,"texture":"#0"},"north":{"uv":[5.0,8.0,5.25,8.5],"tintindex":0,"rotation":0,"texture":"#0"}},"rotation":{"origin":[10.1955185,5.0,7.9692664],"angle":22.5,"axis":"y"}},{"from":[6.5,4.0,6.5],"to":[9.5,8.0,9.5],"faces":{"east":{"uv":[5.25,10.0,6.0,11.0],"tintindex":0,"rotation":0,"texture":"#0"},"south":{"uv":[6.0,10.0,6.75,11.0],"tintindex":0,"rotation":0,"texture":"#0"},"north":{"uv":[4.5,10.0,5.25,11.0],"tintindex":0,"rotation":0,"texture":"#0"},"west":{"uv":[10.0,6.0,10.75,7.0],"tintindex":0,"rotation":0,"texture":"#0"},"up":{"uv":[1.5,11.0,0.75,10.25],"tintindex":0,"rotation":0,"texture":"#0"},"down":{"uv":[2.25,10.25,1.5,11.0],"tintindex":0,"rotation":0,"texture":"#0"}}}],"display":{"gui":{"rotation":[30,225,0]}}}