{"textures":{"0":"modelengine:entity/zc_runner"},"elements":[{"from":[8.0,13.0,4.0],"to":[12.0,13.0,6.0],"faces":{"up":{"uv":[11.5,4.25,10.5,3.75],"tintindex":0,"rotation":0,"texture":"#0"},"down":{"uv":[11.5,4.25,10.5,4.75],"tintindex":0,"rotation":0,"texture":"#0"}}},{"from":[4.0,8.0,6.0],"to":[12.0,14.0,10.0],"faces":{"east":{"uv":[7.25,1.5,8.25,3.0],"tintindex":0,"rotation":0,"texture":"#0"},"south":{"uv":[4.0,5.0,6.0,6.5],"tintindex":0,"rotation":0,"texture":"#0"},"north":{"uv":[2.0,4.5,4.0,6.0],"tintindex":0,"rotation":0,"texture":"#0"},"west":{"uv":[2.0,7.25,3.0,8.75],"tintindex":0,"rotation":0,"texture":"#0"},"up":{"uv":[8.0,6.0,6.0,5.0],"tintindex":0,"rotation":0,"texture":"#0"},"down":{"uv":[8.0,6.0,6.0,7.0],"tintindex":0,"rotation":0,"texture":"#0"}}},{"from":[11.0,11.0,3.0],"to":[11.0,14.0,6.0],"faces":{"east":{"uv":[10.5,0.75,11.25,1.5],"tintindex":0,"rotation":0,"texture":"#0"},"west":{"uv":[10.5,1.5,11.25,2.25],"tintindex":0,"rotation":0,"texture":"#0"}}}],"display":{"gui":{"rotation":[30,225,0]}}}