{"textures":{"0":"modelengine:entity/zc_runner"},"elements":[{"from":[6.5,6.0,4.5],"to":[9.5,8.0,9.5],"faces":{"east":{"uv":[6.75,10.0,8.0,10.5],"tintindex":0,"rotation":0,"texture":"#0"},"south":{"uv":[10.5,4.75,11.25,5.25],"tintindex":0,"rotation":0,"texture":"#0"},"north":{"uv":[9.0,4.0,9.75,4.5],"tintindex":0,"rotation":0,"texture":"#0"},"west":{"uv":[10.0,7.0,11.25,7.5],"tintindex":0,"rotation":0,"texture":"#0"},"up":{"uv":[4.5,10.75,3.75,9.5],"tintindex":0,"rotation":0,"texture":"#0"},"down":{"uv":[10.5,0.0,9.75,1.25],"tintindex":0,"rotation":0,"texture":"#0"}}}],"display":{"gui":{"rotation":[30,225,0]}}}