{"textures":{"0":"modelengine:entity/zc_runner"},"elements":[{"from":[12.0,8.0,7.5],"to":[14.0,11.0,7.5],"faces":{"south":{"uv":[10.5,5.25,11.0,6.0],"tintindex":0,"rotation":0,"texture":"#0"},"north":{"uv":[8.0,6.0,8.5,6.75],"tintindex":0,"rotation":0,"texture":"#0"}}},{"from":[12.0,8.0,10.5],"to":[14.0,11.0,10.5],"faces":{"south":{"uv":[7.25,10.5,7.75,11.25],"tintindex":0,"rotation":0,"texture":"#0"},"north":{"uv":[6.75,10.5,7.25,11.25],"tintindex":0,"rotation":0,"texture":"#0"}}},{"from":[4.0,8.0,5.5],"to":[12.0,14.0,10.5],"faces":{"east":{"uv":[4.0,6.5,5.25,8.0],"tintindex":0,"rotation":0,"texture":"#0"},"south":{"uv":[4.25,3.5,6.25,5.0],"tintindex":0,"rotation":0,"texture":"#0"},"north":{"uv":[4.25,2.0,6.25,3.5],"tintindex":0,"rotation":0,"texture":"#0"},"west":{"uv":[5.25,7.0,6.5,8.5],"tintindex":0,"rotation":0,"texture":"#0"},"up":{"uv":[2.0,7.25,0.0,6.0],"tintindex":0,"rotation":0,"texture":"#0"},"down":{"uv":[4.0,6.0,2.0,7.25],"tintindex":0,"rotation":0,"texture":"#0"}}},{"from":[10.0,8.0,-1.5],"to":[10.0,11.0,5.5],"faces":{"east":{"uv":[8.0,4.5,9.75,5.25],"tintindex":0,"rotation":0,"texture":"#0"},"west":{"uv":[8.0,5.25,9.75,6.0],"tintindex":0,"rotation":0,"texture":"#0"}}}],"display":{"gui":{"rotation":[30,225,0]}}}