{"textures":{"0":"modelengine:entity/zombiebossz"},"elements":[{"from":[5.5557075,1.9814124,4.1976132],"to":[9.841422,9.695698,8.483328],"rotation":{"angle":0.0,"axis":"y","origin":[8.63295,1.2243714,8.287902]},"faces":{"east":{"uv":[6.875,7.25,7.75,8.875],"rotation":0,"texture":"#0","tintindex":0},"south":{"uv":[7.5,4.375,8.375,6.0],"rotation":0,"texture":"#0","tintindex":0},"north":{"uv":[6.0,7.25,6.875,8.875],"rotation":0,"texture":"#0","tintindex":0},"west":{"uv":[0.0,7.75,0.875,9.375],"rotation":0,"texture":"#0","tintindex":0},"up":{"uv":[5.125,11.125,4.25,10.25],"rotation":0,"texture":"#0","tintindex":0},"down":{"uv":[11.375,2.25,10.5,3.125],"rotation":0,"texture":"#0","tintindex":0}}},{"from":[5.8962836,-4.2238913,5.447105],"to":[9.324856,4.347537,8.875676],"rotation":{"angle":-22.5,"axis":"x","origin":[8.63295,1.2243714,8.287902]},"faces":{"east":{"uv":[4.875,8.375,5.625,10.25],"rotation":0,"texture":"#0","tintindex":0},"south":{"uv":[8.625,0.0,9.375,1.875],"rotation":0,"texture":"#0","tintindex":0},"north":{"uv":[4.125,8.375,4.875,10.25],"rotation":0,"texture":"#0","tintindex":0},"west":{"uv":[8.625,1.875,9.375,3.75],"rotation":0,"texture":"#0","tintindex":0},"up":{"uv":[11.625,0.75,10.875,0.0],"rotation":0,"texture":"#0","tintindex":0},"down":{"uv":[11.625,0.75,10.875,1.5],"rotation":0,"texture":"#0","tintindex":0}}}],"display":{"head":{"translation":[0.0,-6.4,0.0],"scale":[4.0,4.0,4.0]}}}