{"textures":{"0":"modelengine:entity/zombiebossz"},"elements":[{"from":[7.2285714,-4.771429,6.714286],"to":[10.485714,3.7999997,10.142858],"rotation":{"angle":22.5,"axis":"x","origin":[8.857143,4.5714283,8.0]},"faces":{"east":{"uv":[2.625,7.875,3.375,9.75],"rotation":0,"texture":"#0","tintindex":0},"south":{"uv":[3.375,8.375,4.125,10.25],"rotation":0,"texture":"#0","tintindex":0},"north":{"uv":[7.875,2.0,8.625,3.875],"rotation":0,"texture":"#0","tintindex":0},"west":{"uv":[8.375,3.875,9.125,5.75],"rotation":0,"texture":"#0","tintindex":0},"up":{"uv":[1.875,6.375,1.125,5.625],"rotation":0,"texture":"#0","tintindex":0},"down":{"uv":[11.375,4.0,10.625,4.75],"rotation":0,"texture":"#0","tintindex":0}}},{"from":[7.142857,2.8571424,6.285714],"to":[10.571428,9.714286,9.714286],"rotation":{"angle":0.0,"axis":"y","origin":[8.857143,4.5714283,8.0]},"faces":{"east":{"uv":[9.375,8.125,10.125,9.625],"rotation":0,"texture":"#0","tintindex":0},"south":{"uv":[8.625,9.5,9.375,11.0],"rotation":0,"texture":"#0","tintindex":0},"north":{"uv":[9.375,6.625,10.125,8.125],"rotation":0,"texture":"#0","tintindex":0},"west":{"uv":[9.375,9.625,10.125,11.125],"rotation":0,"texture":"#0","tintindex":0},"up":{"uv":[5.875,11.5,5.125,10.75],"rotation":0,"texture":"#0","tintindex":0},"down":{"uv":[6.625,10.75,5.875,11.5],"rotation":0,"texture":"#0","tintindex":0}}}],"display":{"head":{"translation":[0.0,-6.4,0.0],"scale":[4.0,4.0,4.0]}}}