{"textures":{"0":"modelengine:entity/zc_crusher"},"elements":[{"from":[7.162857,2.925714,7.142857],"to":[8.877143,8.068571,8.857143],"rotation":{"angle":0.0,"axis":"y","origin":[13.857143,5.0,8.0]},"faces":{"east":{"uv":[1.0,7.25,1.375,8.375],"rotation":0,"texture":"#0","tintindex":0},"south":{"uv":[4.0,7.375,4.375,8.5],"rotation":0,"texture":"#0","tintindex":0},"north":{"uv":[3.875,5.25,4.25,6.375],"rotation":0,"texture":"#0","tintindex":0},"west":{"uv":[4.375,7.375,4.75,8.5],"rotation":0,"texture":"#0","tintindex":0},"up":{"uv":[8.5,5.75,8.125,5.375],"rotation":0,"texture":"#0","tintindex":0},"down":{"uv":[8.5,5.75,8.125,6.125],"rotation":0,"texture":"#0","tintindex":0}}}],"display":{"head":{"translation":[0.0,-6.4,0.0],"scale":[4.0,4.0,4.0]}}}