{"textures":{"0":"modelengine:entity/zc_crusher"},"elements":[{"from":[6.254286,0.41142845,6.5714283],"to":[9.705714,8.034286,10.022858],"rotation":{"angle":0.0,"axis":"y","origin":[2.142857,8.428572,8.0]},"faces":{"east":{"uv":[3.5,3.625,4.25,5.25],"rotation":0,"texture":"#0","tintindex":0},"south":{"uv":[0.0,3.75,0.75,5.375],"rotation":0,"texture":"#0","tintindex":0},"north":{"uv":[3.5,2.0,4.25,3.625],"rotation":0,"texture":"#0","tintindex":0},"west":{"uv":[0.75,3.75,1.5,5.375],"rotation":0,"texture":"#0","tintindex":0},"up":{"uv":[7.5,3.375,6.75,2.625],"rotation":0,"texture":"#0","tintindex":0},"down":{"uv":[2.125,6.875,1.375,7.625],"rotation":0,"texture":"#0","tintindex":0}}},{"from":[9.134286,3.4114285,6.0],"to":[10.277143,6.84,7.714286],"rotation":{"angle":0.0,"axis":"y","origin":[6.8485713,5.554286,7.714286]},"faces":{"east":{"uv":[5.75,0.875,6.125,1.625],"rotation":0,"texture":"#0","tintindex":0},"south":{"uv":[4.75,8.0,5.0,8.75],"rotation":0,"texture":"#0","tintindex":0},"north":{"uv":[7.875,7.75,8.125,8.5],"rotation":0,"texture":"#0","tintindex":0},"west":{"uv":[1.75,7.625,2.125,8.375],"rotation":0,"texture":"#0","tintindex":0},"up":{"uv":[8.375,8.375,8.125,8.0],"rotation":0,"texture":"#0","tintindex":0},"down":{"uv":[0.75,8.25,0.5,8.625],"rotation":0,"texture":"#0","tintindex":0}}},{"from":[6.825714,2.1257143,5.428571],"to":[9.111429,2.1257143,7.142857],"rotation":{"angle":0.0,"axis":"y","origin":[6.825714,0.41142845,11.714286]},"faces":{"east":{"uv":[0.0,0.0,0.375,0.0],"rotation":0,"texture":"#0","tintindex":0},"south":{"uv":[0.0,0.0,0.5,0.0],"rotation":0,"texture":"#0","tintindex":0},"north":{"uv":[0.0,0.0,0.5,0.0],"rotation":0,"texture":"#0","tintindex":0},"west":{"uv":[0.0,0.0,0.375,0.0],"rotation":0,"texture":"#0","tintindex":0},"up":{"uv":[8.625,0.75,8.125,0.375],"rotation":0,"texture":"#0","tintindex":0},"down":{"uv":[8.625,0.75,8.125,1.125],"rotation":0,"texture":"#0","tintindex":0}}},{"from":[5.1114283,3.4628568,7.714286],"to":[6.254286,7.4628572,7.714286],"rotation":{"angle":0.0,"axis":"y","origin":[9.6828575,8.034286,7.142857]},"faces":{"east":{"uv":[0.0,0.0,0.0,0.875],"rotation":0,"texture":"#0","tintindex":0},"south":{"uv":[6.625,7.875,6.875,8.75],"rotation":0,"texture":"#0","tintindex":0},"north":{"uv":[3.625,7.875,3.875,8.75],"rotation":0,"texture":"#0","tintindex":0},"west":{"uv":[0.0,0.0,0.0,0.875],"rotation":0,"texture":"#0","tintindex":0},"up":{"uv":[0.25,0.0,0.0,0.0],"rotation":0,"texture":"#0","tintindex":0},"down":{"uv":[0.25,0.0,0.0,0.0],"rotation":0,"texture":"#0","tintindex":0}}},{"from":[6.8485713,8.536793,8.81027],"to":[9.134286,11.965364,8.81027],"rotation":{"angle":45.0,"axis":"x","origin":[8.562857,6.822507,8.81027]},"faces":{"east":{"uv":[0.0,0.0,0.0,0.75],"rotation":0,"texture":"#0","tintindex":0},"south":{"uv":[3.0,4.5,3.5,5.25],"rotation":0,"texture":"#0","tintindex":0},"north":{"uv":[1.5,2.5,2.0,3.25],"rotation":0,"texture":"#0","tintindex":0},"west":{"uv":[0.0,0.0,0.0,0.75],"rotation":0,"texture":"#0","tintindex":0},"up":{"uv":[0.5,0.0,0.0,0.0],"rotation":0,"texture":"#0","tintindex":0},"down":{"uv":[0.5,0.0,0.0,0.0],"rotation":0,"texture":"#0","tintindex":0}}},{"from":[9.134286,2.6971426,10.022858],"to":[9.134286,7.2685714,11.165714],"rotation":{"angle":0.0,"axis":"y","origin":[6.2771425,0.41142845,6.022857]},"faces":{"east":{"uv":[7.875,0.0,8.125,1.0],"rotation":0,"texture":"#0","tintindex":0},"south":{"uv":[0.0,0.0,0.0,1.0],"rotation":0,"texture":"#0","tintindex":0},"north":{"uv":[0.0,0.0,0.0,1.0],"rotation":0,"texture":"#0","tintindex":0},"west":{"uv":[7.875,1.0,8.125,2.0],"rotation":0,"texture":"#0","tintindex":0},"up":{"uv":[0.0,0.25,0.0,0.0],"rotation":0,"texture":"#0","tintindex":0},"down":{"uv":[0.0,0.0,0.0,0.25],"rotation":0,"texture":"#0","tintindex":0}}}],"display":{"head":{"translation":[0.0,-6.4,0.0],"scale":[4.0,4.0,4.0]}}}