{"textures":{"0":"modelengine:entity/zc_crusher"},"elements":[{"from":[6.602857,6.497143,4.7085714],"to":[9.482857,7.937143,9.028571],"rotation":{"angle":0.0,"axis":"y","origin":[6.142857,14.857143,5.285714]},"faces":{"east":{"uv":[7.5,2.625,8.5,3.0],"rotation":0,"texture":"#0","tintindex":0},"south":{"uv":[5.375,7.875,6.0,8.25],"rotation":0,"texture":"#0","tintindex":0},"north":{"uv":[3.0,7.875,3.625,8.25],"rotation":0,"texture":"#0","tintindex":0},"west":{"uv":[3.0,7.5,4.0,7.875],"rotation":0,"texture":"#0","tintindex":0},"up":{"uv":[2.75,7.25,2.125,6.25],"rotation":0,"texture":"#0","tintindex":0},"down":{"uv":[6.875,4.75,6.25,5.75],"rotation":0,"texture":"#0","tintindex":0}}}],"display":{"head":{"translation":[0.0,-6.4,0.0],"scale":[4.0,4.0,4.0]}}}