{"textures":{"0":"modelengine:entity/zc_crusher"},"elements":[{"from":[3.3057141,5.2737966,8.098019],"to":[12.448572,10.988083,12.669447],"rotation":{"angle":-45.0,"axis":"x","origin":[8.0,4.0,5.714286]},"faces":{"east":{"uv":[1.5,3.25,2.5,4.5],"rotation":0,"texture":"#0","tintindex":0},"south":{"uv":[0.0,1.25,2.0,2.5],"rotation":0,"texture":"#0","tintindex":0},"north":{"uv":[0.0,0.0,2.0,1.25],"rotation":0,"texture":"#0","tintindex":0},"west":{"uv":[2.5,3.25,3.5,4.5],"rotation":0,"texture":"#0","tintindex":0},"up":{"uv":[4.0,1.0,2.0,0.0],"rotation":0,"texture":"#0","tintindex":0},"down":{"uv":[4.0,1.0,2.0,2.0],"rotation":0,"texture":"#0","tintindex":0}}},{"from":[8.448571,10.153487,4.9234953],"to":[10.734285,11.867773,6.0663524],"rotation":{"angle":-45.0,"axis":"x","origin":[11.877143,9.01063,8.923495]},"faces":{"east":{"uv":[0.75,8.25,1.0,8.625],"rotation":0,"texture":"#0","tintindex":0},"south":{"uv":[8.125,0.0,8.625,0.375],"rotation":0,"texture":"#0","tintindex":0},"north":{"uv":[0.0,8.125,0.5,8.5],"rotation":0,"texture":"#0","tintindex":0},"west":{"uv":[2.125,8.25,2.375,8.625],"rotation":0,"texture":"#0","tintindex":0},"up":{"uv":[6.25,5.0,5.75,4.75],"rotation":0,"texture":"#0","tintindex":0},"down":{"uv":[8.625,7.75,8.125,8.0],"rotation":0,"texture":"#0","tintindex":0}}},{"from":[10.162857,9.986119,3.4746184],"to":[11.305715,11.128977,4.6174755],"rotation":{"angle":-45.0,"axis":"x","origin":[10.162857,9.414691,6.90319]},"faces":{"east":{"uv":[2.375,8.25,2.625,8.5],"rotation":0,"texture":"#0","tintindex":0},"south":{"uv":[3.375,8.25,3.625,8.5],"rotation":0,"texture":"#0","tintindex":0},"north":{"uv":[4.0,6.375,4.25,6.625],"rotation":0,"texture":"#0","tintindex":0},"west":{"uv":[8.25,3.625,8.5,3.875],"rotation":0,"texture":"#0","tintindex":0},"up":{"uv":[8.5,4.125,8.25,3.875],"rotation":0,"texture":"#0","tintindex":0},"down":{"uv":[8.5,4.125,8.25,4.375],"rotation":0,"texture":"#0","tintindex":0}}},{"from":[10.162857,10.084161,9.997026],"to":[11.877143,11.227018,11.139883],"rotation":{"angle":-45.0,"axis":"x","origin":[11.877143,7.7984467,7.711312]},"faces":{"east":{"uv":[5.25,8.25,5.5,8.5],"rotation":0,"texture":"#0","tintindex":0},"south":{"uv":[6.5,4.5,6.875,4.75],"rotation":0,"texture":"#0","tintindex":0},"north":{"uv":[2.75,6.25,3.125,6.5],"rotation":0,"texture":"#0","tintindex":0},"west":{"uv":[5.5,8.25,5.75,8.5],"rotation":0,"texture":"#0","tintindex":0},"up":{"uv":[3.375,8.5,3.0,8.25],"rotation":0,"texture":"#0","tintindex":0},"down":{"uv":[8.625,3.375,8.25,3.625],"rotation":0,"texture":"#0","tintindex":0}}},{"from":[8.448571,9.948054,4.7958527],"to":[12.448572,12.805198,4.7958527],"rotation":{"angle":22.5,"axis":"x","origin":[11.877143,5.376626,8.5101385]},"faces":{"east":{"uv":[0.0,0.0,0.0,0.625],"rotation":0,"texture":"#0","tintindex":0},"south":{"uv":[6.875,5.125,7.75,5.75],"rotation":0,"texture":"#0","tintindex":0},"north":{"uv":[6.875,4.5,7.75,5.125],"rotation":0,"texture":"#0","tintindex":0},"west":{"uv":[0.0,0.0,0.0,0.625],"rotation":0,"texture":"#0","tintindex":0},"up":{"uv":[0.875,0.0,0.0,0.0],"rotation":0,"texture":"#0","tintindex":0},"down":{"uv":[0.875,0.0,0.0,0.0],"rotation":0,"texture":"#0","tintindex":0}}},{"from":[5.0199995,11.63108,4.6868014],"to":[8.448571,11.63108,5.8296585],"rotation":{"angle":-45.0,"axis":"x","origin":[3.8771424,8.202508,8.115374]},"faces":{"east":{"uv":[0.0,0.0,0.25,0.0],"rotation":0,"texture":"#0","tintindex":0},"south":{"uv":[0.0,0.0,0.75,0.0],"rotation":0,"texture":"#0","tintindex":0},"north":{"uv":[0.0,0.0,0.75,0.0],"rotation":0,"texture":"#0","tintindex":0},"west":{"uv":[0.0,0.0,0.25,0.0],"rotation":0,"texture":"#0","tintindex":0},"up":{"uv":[8.375,2.625,7.625,2.375],"rotation":0,"texture":"#0","tintindex":0},"down":{"uv":[8.875,1.125,8.125,1.375],"rotation":0,"texture":"#0","tintindex":0}}}],"display":{"head":{"translation":[0.0,-6.4,0.0],"scale":[4.0,4.0,4.0]}}}