{"textures":{"0":"modelengine:entity/zc_corrupted_spire"},"elements":[{"from":[3.0406942,4.266947,4.5714283],"to":[7.612123,11.6955185,9.142858],"rotation":{"angle":0.0,"axis":"y","origin":[4.7605677,9.312237,7.285714]},"faces":{"east":{"uv":[6.0,1.0,7.0,2.625],"rotation":0,"texture":"#0","tintindex":0},"south":{"uv":[9.0,1.0,10.0,2.625],"rotation":0,"texture":"#0","tintindex":0},"north":{"uv":[7.0,1.0,8.0,2.625],"rotation":0,"texture":"#0","tintindex":0},"west":{"uv":[8.0,1.0,9.0,2.625],"rotation":0,"texture":"#0","tintindex":0},"up":{"uv":[8.0,1.0,7.0,0.0],"rotation":0,"texture":"#0","tintindex":0},"down":{"uv":[9.0,0.0,8.0,1.0],"rotation":0,"texture":"#0","tintindex":0}}},{"from":[4.4862294,10.4876585,5.714286],"to":[7.3433723,15.059087,8.0],"rotation":{"angle":-22.5,"axis":"z","origin":[4.7605677,9.312237,7.285714]},"faces":{"east":{"uv":[8.25,5.5,8.75,6.5],"rotation":0,"texture":"#0","tintindex":0},"south":{"uv":[9.875,5.5,10.5,6.5],"rotation":0,"texture":"#0","tintindex":0},"north":{"uv":[8.75,5.5,9.375,6.5],"rotation":0,"texture":"#0","tintindex":0},"west":{"uv":[9.375,5.5,9.875,6.5],"rotation":0,"texture":"#0","tintindex":0},"up":{"uv":[9.375,5.5,8.75,5.0],"rotation":0,"texture":"#0","tintindex":0},"down":{"uv":[10.0,5.0,9.375,5.5],"rotation":0,"texture":"#0","tintindex":0}}},{"from":[6.469266,7.1240897,1.1428566],"to":[6.469266,14.552662,5.142857],"rotation":{"angle":0.0,"axis":"y","origin":[7.040694,11.6955185,15.428572]},"faces":{"east":{"uv":[7.625,8.75,8.5,10.375],"rotation":0,"texture":"#0","tintindex":0},"south":{"uv":[0.0,0.0,0.0,1.625],"rotation":0,"texture":"#0","tintindex":0},"north":{"uv":[0.0,0.0,0.0,1.625],"rotation":0,"texture":"#0","tintindex":0},"west":{"uv":[8.5,8.75,9.375,10.375],"rotation":0,"texture":"#0","tintindex":0},"up":{"uv":[0.0,0.875,0.0,0.0],"rotation":0,"texture":"#0","tintindex":0},"down":{"uv":[0.0,0.0,0.0,0.875],"rotation":0,"texture":"#0","tintindex":0}}},{"from":[4.183552,7.12409,3.4285712],"to":[5.8978376,7.12409,4.5714283],"rotation":{"angle":0.0,"axis":"y","origin":[4.75498,4.8383756,7.428571]},"faces":{"east":{"uv":[0.0,0.0,0.25,0.0],"rotation":0,"texture":"#0","tintindex":0},"south":{"uv":[0.0,0.0,0.375,0.0],"rotation":0,"texture":"#0","tintindex":0},"north":{"uv":[0.0,0.0,0.375,0.0],"rotation":0,"texture":"#0","tintindex":0},"west":{"uv":[0.0,0.0,0.25,0.0],"rotation":0,"texture":"#0","tintindex":0},"up":{"uv":[4.625,5.125,4.25,4.875],"rotation":0,"texture":"#0","tintindex":0},"down":{"uv":[5.625,4.375,5.25,4.625],"rotation":0,"texture":"#0","tintindex":0}}},{"from":[3.9577074,11.162798,6.857143],"to":[7.957708,18.019941,6.857143],"rotation":{"angle":-22.5,"axis":"z","origin":[5.100565,4.877084,7.428571]},"faces":{"east":{"uv":[0.0,0.0,0.0,1.5],"rotation":0,"texture":"#0","tintindex":0},"south":{"uv":[6.75,8.75,7.625,10.25],"rotation":0,"texture":"#0","tintindex":0},"north":{"uv":[7.375,2.625,8.25,4.125],"rotation":0,"texture":"#0","tintindex":0},"west":{"uv":[0.0,0.0,0.0,1.5],"rotation":0,"texture":"#0","tintindex":0},"up":{"uv":[0.875,0.0,0.0,0.0],"rotation":0,"texture":"#0","tintindex":0},"down":{"uv":[0.875,0.0,0.0,0.0],"rotation":0,"texture":"#0","tintindex":0}}}],"display":{"head":{"translation":[0.0,-6.4,0.0],"scale":[4.0,4.0,4.0]}}}