{"textures":{"0":"modelengine:entity/zombiebossz"},"elements":[{"from":[3.7142854,8.571428,0.25018406],"to":[12.285715,15.428572,8.821612],"rotation":{"angle":0.0,"axis":"y","origin":[8.0,9.428572,4.535898]},"faces":{"east":{"uv":[4.125,0.0,6.0,1.5],"rotation":0,"texture":"#0","tintindex":0},"south":{"uv":[4.125,1.5,6.0,3.0],"rotation":0,"texture":"#0","tintindex":0},"north":{"uv":[2.25,3.75,4.125,5.25],"rotation":0,"texture":"#0","tintindex":0},"west":{"uv":[4.125,3.0,6.0,4.5],"rotation":0,"texture":"#0","tintindex":0},"up":{"uv":[4.125,1.875,2.25,0.0],"rotation":0,"texture":"#0","tintindex":0},"down":{"uv":[4.125,1.875,2.25,3.75],"rotation":0,"texture":"#0","tintindex":0}}},{"from":[4.5714283,6.6857142,1.1073265],"to":[11.428572,9.257143,1.1073265],"rotation":{"angle":0.0,"axis":"x","origin":[8.0,7.285714,1.1073265]},"faces":{"east":{"uv":[0.0,0.0,0.0,0.625],"rotation":0,"texture":"#0","tintindex":0},"south":{"uv":[10.125,8.0,11.625,8.625],"rotation":0,"texture":"#0","tintindex":0},"north":{"uv":[10.125,7.375,11.625,8.0],"rotation":0,"texture":"#0","tintindex":0},"west":{"uv":[0.0,0.0,0.0,0.625],"rotation":0,"texture":"#0","tintindex":0},"up":{"uv":[1.5,0.0,0.0,0.0],"rotation":0,"texture":"#0","tintindex":0},"down":{"uv":[1.5,0.0,0.0,0.0],"rotation":0,"texture":"#0","tintindex":0}}},{"from":[4.5714283,6.0,7.96447],"to":[11.428572,9.428572,7.96447],"rotation":{"angle":-22.5,"axis":"x","origin":[8.0,7.714286,4.535898]},"faces":{"east":{"uv":[0.0,0.0,0.0,0.75],"rotation":0,"texture":"#0","tintindex":0},"south":{"uv":[0.75,9.375,2.25,10.125],"rotation":0,"texture":"#0","tintindex":0},"north":{"uv":[9.375,0.0,10.875,0.75],"rotation":0,"texture":"#0","tintindex":0},"west":{"uv":[0.0,0.0,0.0,0.75],"rotation":0,"texture":"#0","tintindex":0},"up":{"uv":[1.5,0.0,0.0,0.0],"rotation":0,"texture":"#0","tintindex":0},"down":{"uv":[1.5,0.0,0.0,0.0],"rotation":0,"texture":"#0","tintindex":0}}},{"from":[4.5714283,6.0,1.9644694],"to":[11.428572,6.0,7.96447],"rotation":{"angle":-22.5,"axis":"x","origin":[8.0,7.714286,4.535898]},"faces":{"east":{"uv":[0.0,0.0,1.375,0.0],"rotation":0,"texture":"#0","tintindex":0},"south":{"uv":[0.0,0.0,1.5,0.0],"rotation":0,"texture":"#0","tintindex":0},"north":{"uv":[0.0,0.0,1.5,0.0],"rotation":0,"texture":"#0","tintindex":0},"west":{"uv":[0.0,0.0,1.375,0.0],"rotation":0,"texture":"#0","tintindex":0},"up":{"uv":[7.5,5.75,6.0,4.375],"rotation":0,"texture":"#0","tintindex":0},"down":{"uv":[2.625,6.375,1.125,7.75],"rotation":0,"texture":"#0","tintindex":0}}},{"from":[4.9142857,6.342857,4.6216125],"to":[11.085714,7.8,7.96447],"rotation":{"angle":-22.5,"axis":"x","origin":[8.0,7.714286,4.535898]},"faces":{"east":{"uv":[9.375,11.125,10.125,11.5],"rotation":0,"texture":"#0","tintindex":0},"south":{"uv":[11.25,4.75,12.625,5.125],"rotation":0,"texture":"#0","tintindex":0},"north":{"uv":[6.625,11.125,8.0,11.5],"rotation":0,"texture":"#0","tintindex":0},"west":{"uv":[0.0,11.25,0.75,11.625],"rotation":0,"texture":"#0","tintindex":0},"up":{"uv":[11.25,5.5,9.875,4.75],"rotation":0,"texture":"#0","tintindex":0},"down":{"uv":[11.5,6.625,10.125,7.375],"rotation":0,"texture":"#0","tintindex":0}}},{"from":[4.5714283,6.0,1.9644694],"to":[11.428572,9.428572,1.9644694],"rotation":{"angle":-22.5,"axis":"x","origin":[8.0,7.714286,4.535898]},"faces":{"east":{"uv":[0.0,0.0,0.0,0.75],"rotation":0,"texture":"#0","tintindex":0},"south":{"uv":[9.375,1.5,10.875,2.25],"rotation":0,"texture":"#0","tintindex":0},"north":{"uv":[9.375,0.75,10.875,1.5],"rotation":0,"texture":"#0","tintindex":0},"west":{"uv":[0.0,0.0,0.0,0.75],"rotation":0,"texture":"#0","tintindex":0},"up":{"uv":[1.5,0.0,0.0,0.0],"rotation":0,"texture":"#0","tintindex":0},"down":{"uv":[1.5,0.0,0.0,0.0],"rotation":0,"texture":"#0","tintindex":0}}},{"from":[11.428572,6.0,1.9644694],"to":[11.428572,9.428572,7.96447],"rotation":{"angle":-22.5,"axis":"x","origin":[8.0,7.714286,4.535898]},"faces":{"east":{"uv":[10.125,8.625,11.375,9.375],"rotation":0,"texture":"#0","tintindex":0},"south":{"uv":[0.0,0.0,0.0,0.75],"rotation":0,"texture":"#0","tintindex":0},"north":{"uv":[0.0,0.0,0.0,0.75],"rotation":0,"texture":"#0","tintindex":0},"west":{"uv":[10.125,9.375,11.375,10.125],"rotation":0,"texture":"#0","tintindex":0},"up":{"uv":[0.0,1.25,0.0,0.0],"rotation":0,"texture":"#0","tintindex":0},"down":{"uv":[0.0,0.0,0.0,1.25],"rotation":0,"texture":"#0","tintindex":0}}},{"from":[4.5714283,6.0,1.9644694],"to":[4.5714283,9.428572,7.96447],"rotation":{"angle":-22.5,"axis":"x","origin":[8.0,7.714286,4.535898]},"faces":{"east":{"uv":[10.125,10.125,11.375,10.875],"rotation":0,"texture":"#0","tintindex":0},"south":{"uv":[0.0,0.0,0.0,0.75],"rotation":0,"texture":"#0","tintindex":0},"north":{"uv":[0.0,0.0,0.0,0.75],"rotation":0,"texture":"#0","tintindex":0},"west":{"uv":[3.0,10.25,4.25,11.0],"rotation":0,"texture":"#0","tintindex":0},"up":{"uv":[0.0,1.25,0.0,0.0],"rotation":0,"texture":"#0","tintindex":0},"down":{"uv":[0.0,0.0,0.0,1.25],"rotation":0,"texture":"#0","tintindex":0}}},{"from":[9.285714,10.2,-0.26410198],"to":[11.0,11.914286,1.4501834],"rotation":{"angle":0.0,"axis":"y","origin":[8.0,6.0,4.535898]},"faces":{"east":{"uv":[1.875,4.625,2.25,5.0],"rotation":0,"texture":"#0","tintindex":0},"south":{"uv":[3.75,6.375,4.125,6.75],"rotation":0,"texture":"#0","tintindex":0},"north":{"uv":[1.875,4.25,2.25,4.625],"rotation":0,"texture":"#0","tintindex":0},"west":{"uv":[3.375,7.875,3.75,8.25],"rotation":0,"texture":"#0","tintindex":0},"up":{"uv":[8.25,4.25,7.875,3.875],"rotation":0,"texture":"#0","tintindex":0},"down":{"uv":[6.0,8.375,5.625,8.75],"rotation":0,"texture":"#0","tintindex":0}}},{"from":[5.0,10.2,-0.26410198],"to":[6.714286,11.914286,1.4501834],"rotation":{"angle":0.0,"axis":"y","origin":[8.0,6.0,4.535898]},"faces":{"east":{"uv":[2.25,9.375,2.625,9.75],"rotation":0,"texture":"#0","tintindex":0},"south":{"uv":[9.375,3.25,9.75,3.625],"rotation":0,"texture":"#0","tintindex":0},"north":{"uv":[7.125,8.875,7.5,9.25],"rotation":0,"texture":"#0","tintindex":0},"west":{"uv":[3.0,9.75,3.375,10.125],"rotation":0,"texture":"#0","tintindex":0},"up":{"uv":[5.5,10.625,5.125,10.25],"rotation":0,"texture":"#0","tintindex":0},"down":{"uv":[7.0,10.75,6.625,11.125],"rotation":0,"texture":"#0","tintindex":0}}},{"from":[4.2285714,10.285714,1.1073265],"to":[9.3714285,15.085714,7.96447],"rotation":{"angle":0.0,"axis":"y","origin":[8.0,6.0,4.535898]},"faces":{"east":{"uv":[7.125,0.0,8.625,1.0],"rotation":0,"texture":"#0","tintindex":0},"south":{"uv":[9.375,5.625,10.5,6.625],"rotation":0,"texture":"#0","tintindex":0},"north":{"uv":[9.375,2.25,10.5,3.25],"rotation":0,"texture":"#0","tintindex":0},"west":{"uv":[7.125,1.0,8.625,2.0],"rotation":0,"texture":"#0","tintindex":0},"up":{"uv":[3.75,7.875,2.625,6.375],"rotation":0,"texture":"#0","tintindex":0},"down":{"uv":[7.5,5.75,6.375,7.25],"rotation":0,"texture":"#0","tintindex":0}}}],"display":{"head":{"translation":[0.0,-6.4,0.0],"scale":[4.0,4.0,4.0]}}}