{"textures":{"0":"modelengine:entity/zombiebossz"},"elements":[{"from":[5.5142856,-4.771429,6.714286],"to":[8.771429,3.7999997,10.142858],"rotation":{"angle":22.5,"axis":"x","origin":[7.142857,4.5714283,8.0]},"faces":{"east":{"uv":[7.125,9.25,7.875,11.125],"rotation":0,"texture":"#0","tintindex":0},"south":{"uv":[7.875,9.25,8.625,11.125],"rotation":0,"texture":"#0","tintindex":0},"north":{"uv":[9.125,3.75,9.875,5.625],"rotation":0,"texture":"#0","tintindex":0},"west":{"uv":[0.0,9.375,0.75,11.25],"rotation":0,"texture":"#0","tintindex":0},"up":{"uv":[11.625,11.625,10.875,10.875],"rotation":0,"texture":"#0","tintindex":0},"down":{"uv":[3.75,11.0,3.0,11.75],"rotation":0,"texture":"#0","tintindex":0}}},{"from":[5.428571,2.8571424,6.285714],"to":[8.857143,9.714286,9.714286],"rotation":{"angle":0.0,"axis":"y","origin":[7.142857,4.5714283,8.0]},"faces":{"east":{"uv":[9.875,3.25,10.625,4.75],"rotation":0,"texture":"#0","tintindex":0},"south":{"uv":[0.75,10.125,1.5,11.625],"rotation":0,"texture":"#0","tintindex":0},"north":{"uv":[2.25,9.75,3.0,11.25],"rotation":0,"texture":"#0","tintindex":0},"west":{"uv":[1.5,10.125,2.25,11.625],"rotation":0,"texture":"#0","tintindex":0},"up":{"uv":[9.375,11.75,8.625,11.0],"rotation":0,"texture":"#0","tintindex":0},"down":{"uv":[4.5,11.125,3.75,11.875],"rotation":0,"texture":"#0","tintindex":0}}}],"display":{"head":{"translation":[0.0,-6.4,0.0],"scale":[4.0,4.0,4.0]}}}