{"textures":{"0":"modelengine:entity/zc_spitter"},"elements":[{"from":[4.0,8.0,0.5],"to":[12.0,9.0,0.5],"faces":{"south":{"uv":[9.0,1.75,11.0,2.0],"tintindex":0,"rotation":0,"texture":"#0"},"north":{"uv":[7.0,1.75,9.0,2.0],"tintindex":0,"rotation":0,"texture":"#0"}}},{"from":[4.5030003,6.0,4.5],"to":[11.453,9.0,7.5],"faces":{"east":{"uv":[5.25,0.75,6.0,1.5],"tintindex":0,"rotation":0,"texture":"#0"},"south":{"uv":[8.25,0.75,9.75,1.5],"tintindex":0,"rotation":0,"texture":"#0"},"north":{"uv":[6.0,0.75,7.5,1.5],"tintindex":0,"rotation":0,"texture":"#0"},"west":{"uv":[7.5,0.75,8.25,1.5],"tintindex":0,"rotation":0,"texture":"#0"},"up":{"uv":[7.5,0.75,6.0,0.0],"tintindex":0,"rotation":0,"texture":"#0"},"down":{"uv":[9.0,0.0,7.5,0.75],"tintindex":0,"rotation":0,"texture":"#0"}}},{"from":[4.0,9.0,0.5],"to":[12.0,12.0,7.5],"faces":{"east":{"uv":[0.0,4.75,1.75,5.5],"tintindex":0,"rotation":0,"texture":"#0"},"south":{"uv":[5.5,4.75,7.5,5.5],"tintindex":0,"rotation":0,"texture":"#0"},"north":{"uv":[1.75,4.75,3.75,5.5],"tintindex":0,"rotation":0,"texture":"#0"},"west":{"uv":[3.75,4.75,5.5,5.5],"tintindex":0,"rotation":0,"texture":"#0"},"up":{"uv":[3.75,4.75,1.75,3.0],"tintindex":0,"rotation":0,"texture":"#0"},"down":{"uv":[5.75,3.0,3.75,4.75],"tintindex":0,"rotation":0,"texture":"#0"}}}],"display":{"gui":{"rotation":[30,225,0]}}}