{"textures":{"0":"modelengine:entity/zc_spitter"},"elements":[{"from":[7.0,7.0050783,4.9215975],"to":[9.0,8.005078,8.9215975],"faces":{"east":{"uv":[8.75,1.5,9.75,1.75],"tintindex":0,"rotation":0,"texture":"#0"},"south":{"uv":[11.25,1.5,11.75,1.75],"tintindex":0,"rotation":0,"texture":"#0"},"north":{"uv":[9.75,1.5,10.25,1.75],"tintindex":0,"rotation":0,"texture":"#0"},"west":{"uv":[10.25,1.5,11.25,1.75],"tintindex":0,"rotation":0,"texture":"#0"},"up":{"uv":[10.25,1.5,9.75,0.5],"tintindex":0,"rotation":0,"texture":"#0"},"down":{"uv":[10.75,0.5,10.25,1.5],"tintindex":0,"rotation":0,"texture":"#0"}}}],"display":{"gui":{"rotation":[30,225,0]}}}