{"textures":{"0":"modelengine:entity/miner_zombie"},"elements":[{"from":[5.714286,8.0,5.714286],"to":[10.285714,12.571428,10.285714],"rotation":{"angle":0.0,"axis":"y","origin":[8.0,10.285714,8.0]},"faces":{"east":{"uv":[5.0,6.0,7.0,8.0],"rotation":0,"texture":"#0","tintindex":0},"south":{"uv":[6.5,0.0,8.5,2.0],"rotation":0,"texture":"#0","tintindex":0},"north":{"uv":[3.0,5.75,5.0,7.75],"rotation":0,"texture":"#0","tintindex":0},"west":{"uv":[7.0,2.0,9.0,4.0],"rotation":0,"texture":"#0","tintindex":0},"up":{"uv":[9.0,6.0,7.0,4.0],"rotation":0,"texture":"#0","tintindex":0},"down":{"uv":[9.0,6.0,7.0,8.0],"rotation":0,"texture":"#0","tintindex":0}}},{"from":[5.142857,10.971429,5.142857],"to":[10.857143,12.685715,10.857143],"rotation":{"angle":0.0,"axis":"y","origin":[8.0,8.0,8.0]},"faces":{"east":{"uv":[10.0,4.25,12.5,5.0],"rotation":0,"texture":"#0","tintindex":0},"south":{"uv":[10.0,5.0,12.5,5.75],"rotation":0,"texture":"#0","tintindex":0},"north":{"uv":[10.0,3.5,12.5,4.25],"rotation":0,"texture":"#0","tintindex":0},"west":{"uv":[10.0,5.75,12.5,6.5],"rotation":0,"texture":"#0","tintindex":0},"up":{"uv":[2.5,5.75,0.0,3.25],"rotation":0,"texture":"#0","tintindex":0},"down":{"uv":[5.0,3.25,2.5,5.75],"rotation":0,"texture":"#0","tintindex":0}}},{"from":[5.714286,12.685715,5.714286],"to":[10.285714,14.4,10.285714],"rotation":{"angle":0.0,"axis":"y","origin":[8.0,8.0,8.0]},"faces":{"east":{"uv":[10.75,0.75,12.75,1.5],"rotation":0,"texture":"#0","tintindex":0},"south":{"uv":[11.25,10.0,13.25,10.75],"rotation":0,"texture":"#0","tintindex":0},"north":{"uv":[10.75,0.0,12.75,0.75],"rotation":0,"texture":"#0","tintindex":0},"west":{"uv":[11.25,10.75,13.25,11.5],"rotation":0,"texture":"#0","tintindex":0},"up":{"uv":[5.0,9.75,3.0,7.75],"rotation":0,"texture":"#0","tintindex":0},"down":{"uv":[7.0,8.0,5.0,10.0],"rotation":0,"texture":"#0","tintindex":0}}}],"display":{"head":{"translation":[0.0,-6.4,0.0],"scale":[4.0,4.0,4.0]}}}