{"parent":"minecraft:item/generated","textures":{"layer0":"minecraft:item/leather_horse_armor"},"overrides":[{"predicate":{"custom_model_data":1},"model":"modelengine:beetle_4/fullbody"},{"predicate":{"custom_model_data":2},"model":"modelengine:beetle_4/frontbody"},{"predicate":{"custom_model_data":3},"model":"modelengine:beetle_4/head"},{"predicate":{"custom_model_data":4},"model":"modelengine:beetle_4/mouth"},{"predicate":{"custom_model_data":5},"model":"modelengine:beetle_4/frontleg2"},{"predicate":{"custom_model_data":6},"model":"modelengine:beetle_4/frontleg"},{"predicate":{"custom_model_data":7},"model":"modelengine:beetle_4/wing"},{"predicate":{"custom_model_data":8},"model":"modelengine:beetle_4/backleg2"},{"predicate":{"custom_model_data":9},"model":"modelengine:beetle_4/middleleg2"},{"predicate":{"custom_model_data":10},"model":"modelengine:beetle_4/backleg"},{"predicate":{"custom_model_data":11},"model":"modelengine:beetle_4/wing2"},{"predicate":{"custom_model_data":12},"model":"modelengine:beetle_4/middleleg"},{"predicate":{"custom_model_data":13},"model":"modelengine:enderman/body"},{"predicate":{"custom_model_data":14},"model":"modelengine:enderman/head"},{"predicate":{"custom_model_data":15},"model":"modelengine:enderman/headwear"},{"predicate":{"custom_model_data":16},"model":"modelengine:enderman/right_arm"},{"predicate":{"custom_model_data":17},"model":"modelengine:enderman/left_arm"},{"predicate":{"custom_model_data":18},"model":"modelengine:enderman/right_leg"},{"predicate":{"custom_model_data":19},"model":"modelengine:enderman/left_leg"}]}