{"textures":{"0":"modelengine:entity/zc_crusher"},"elements":[{"from":[5.7342854,2.925714,6.857143],"to":[8.02,8.068571,9.142858],"rotation":{"angle":0.0,"axis":"y","origin":[12.714286,-0.14285755,8.0]},"faces":{"east":{"uv":[6.0,6.75,6.5,7.875],"rotation":0,"texture":"#0","tintindex":0},"south":{"uv":[6.5,6.75,7.0,7.875],"rotation":0,"texture":"#0","tintindex":0},"north":{"uv":[5.5,6.75,6.0,7.875],"rotation":0,"texture":"#0","tintindex":0},"west":{"uv":[6.875,0.75,7.375,1.875],"rotation":0,"texture":"#0","tintindex":0},"up":{"uv":[8.25,6.625,7.75,6.125],"rotation":0,"texture":"#0","tintindex":0},"down":{"uv":[7.875,7.75,7.375,8.25],"rotation":0,"texture":"#0","tintindex":0}}}],"display":{"head":{"translation":[0.0,-6.4,0.0],"scale":[4.0,4.0,4.0]}}}