{"textures":{"0":"modelengine:entity/zc_crusher"},"elements":[{"from":[6.602857,6.64,5.1371427],"to":[9.482857,8.08,9.457143],"rotation":{"angle":0.0,"axis":"y","origin":[10.142858,15.0,5.714286]},"faces":{"east":{"uv":[7.5,3.0,8.5,3.375],"rotation":0,"texture":"#0","tintindex":0},"south":{"uv":[7.875,6.625,8.5,7.0],"rotation":0,"texture":"#0","tintindex":0},"north":{"uv":[6.0,7.875,6.625,8.25],"rotation":0,"texture":"#0","tintindex":0},"west":{"uv":[7.625,2.0,8.625,2.375],"rotation":0,"texture":"#0","tintindex":0},"up":{"uv":[4.0,7.5,3.375,6.5],"rotation":0,"texture":"#0","tintindex":0},"down":{"uv":[7.125,3.5,6.5,4.5],"rotation":0,"texture":"#0","tintindex":0}}}],"display":{"head":{"translation":[0.0,-6.4,0.0],"scale":[4.0,4.0,4.0]}}}