{"textures":{"0":"modelengine:entity/zc_crusher"},"elements":[{"from":[6.877143,3.5399165,5.248684],"to":[9.162857,8.111345,6.96297],"rotation":{"angle":-22.5,"axis":"x","origin":[10.142858,12.0,6.428571]},"faces":{"east":{"uv":[7.5,6.75,7.875,7.75],"rotation":0,"texture":"#0","tintindex":0},"south":{"uv":[7.375,1.0,7.875,2.0],"rotation":0,"texture":"#0","tintindex":0},"north":{"uv":[7.375,0.0,7.875,1.0],"rotation":0,"texture":"#0","tintindex":0},"west":{"uv":[1.375,7.625,1.75,8.625],"rotation":0,"texture":"#0","tintindex":0},"up":{"uv":[8.375,7.375,7.875,7.0],"rotation":0,"texture":"#0","tintindex":0},"down":{"uv":[8.375,7.375,7.875,7.75],"rotation":0,"texture":"#0","tintindex":0}}}],"display":{"head":{"translation":[0.0,-6.4,0.0],"scale":[4.0,4.0,4.0]}}}