{"textures":{"0":"modelengine:entity/zc_crusher"},"elements":[{"from":[7.825714,0.3199997,6.5714283],"to":[10.705714,7.9428573,9.451428],"rotation":{"angle":0.0,"axis":"y","origin":[3.4285712,0.7142854,7.714286]},"faces":{"east":{"uv":[4.875,5.0,5.5,6.625],"rotation":0,"texture":"#0","tintindex":0},"south":{"uv":[5.125,0.0,5.75,1.625],"rotation":0,"texture":"#0","tintindex":0},"north":{"uv":[4.25,5.0,4.875,6.625],"rotation":0,"texture":"#0","tintindex":0},"west":{"uv":[1.5,5.25,2.125,6.875],"rotation":0,"texture":"#0","tintindex":0},"up":{"uv":[7.625,2.625,7.0,2.0],"rotation":0,"texture":"#0","tintindex":0},"down":{"uv":[5.375,7.375,4.75,8.0],"rotation":0,"texture":"#0","tintindex":0}}},{"from":[10.705714,0.3199997,8.285714],"to":[11.848572,3.177143,8.285714],"rotation":{"angle":0.0,"axis":"y","origin":[10.134286,0.3199997,7.142857]},"faces":{"east":{"uv":[0.0,0.0,0.0,0.625],"rotation":0,"texture":"#0","tintindex":0},"south":{"uv":[8.125,1.375,8.375,2.0],"rotation":0,"texture":"#0","tintindex":0},"north":{"uv":[5.0,8.0,5.25,8.625],"rotation":0,"texture":"#0","tintindex":0},"west":{"uv":[0.0,0.0,0.0,0.625],"rotation":0,"texture":"#0","tintindex":0},"up":{"uv":[0.25,0.0,0.0,0.0],"rotation":0,"texture":"#0","tintindex":0},"down":{"uv":[0.25,0.0,0.0,0.0],"rotation":0,"texture":"#0","tintindex":0}}},{"from":[8.991428,1.0857139,4.8571424],"to":[8.991428,4.514285,6.5714283],"rotation":{"angle":0.0,"axis":"y","origin":[8.991428,7.942857,7.142857]},"faces":{"east":{"uv":[7.75,5.375,8.125,6.125],"rotation":0,"texture":"#0","tintindex":0},"south":{"uv":[0.0,0.0,0.0,0.75],"rotation":0,"texture":"#0","tintindex":0},"north":{"uv":[0.0,0.0,0.0,0.75],"rotation":0,"texture":"#0","tintindex":0},"west":{"uv":[7.0,7.75,7.375,8.5],"rotation":0,"texture":"#0","tintindex":0},"up":{"uv":[0.0,0.375,0.0,0.0],"rotation":0,"texture":"#0","tintindex":0},"down":{"uv":[0.0,0.0,0.0,0.375],"rotation":0,"texture":"#0","tintindex":0}}}],"display":{"head":{"translation":[0.0,-6.4,0.0],"scale":[4.0,4.0,4.0]}}}