{"textures":{"0":"modelengine:entity/zc_crusher"},"elements":[{"from":[6.305714,4.497143,6.0],"to":[9.734285,8.497143,9.428572],"rotation":{"angle":0.0,"axis":"y","origin":[6.142857,6.5714283,4.5714283]},"faces":{"east":{"uv":[0.75,5.375,1.5,6.25],"rotation":0,"texture":"#0","tintindex":0},"south":{"uv":[5.5,5.0,6.25,5.875],"rotation":0,"texture":"#0","tintindex":0},"north":{"uv":[0.0,5.375,0.75,6.25],"rotation":0,"texture":"#0","tintindex":0},"west":{"uv":[5.75,0.0,6.5,0.875],"rotation":0,"texture":"#0","tintindex":0},"up":{"uv":[7.0,2.625,6.25,1.875],"rotation":0,"texture":"#0","tintindex":0},"down":{"uv":[7.25,0.0,6.5,0.75],"rotation":0,"texture":"#0","tintindex":0}}},{"from":[6.5914288,2.8870983,6.4280667],"to":[9.448571,7.458527,8.713781],"rotation":{"angle":22.5,"axis":"x","origin":[6.142857,6.5714283,4.5714283]},"faces":{"east":{"uv":[6.875,5.75,7.375,6.75],"rotation":0,"texture":"#0","tintindex":0},"south":{"uv":[6.25,0.875,6.875,1.875],"rotation":0,"texture":"#0","tintindex":0},"north":{"uv":[0.75,6.25,1.375,7.25],"rotation":0,"texture":"#0","tintindex":0},"west":{"uv":[7.0,6.75,7.5,7.75],"rotation":0,"texture":"#0","tintindex":0},"up":{"uv":[8.25,3.875,7.625,3.375],"rotation":0,"texture":"#0","tintindex":0},"down":{"uv":[8.25,3.875,7.625,4.375],"rotation":0,"texture":"#0","tintindex":0}}}],"display":{"head":{"translation":[0.0,-6.4,0.0],"scale":[4.0,4.0,4.0]}}}