{"textures":{"0":"modelengine:entity/zc_walker"},"elements":[{"from":[6.285714,4.5714283,7.142857],"to":[8.0,8.0,8.857143],"rotation":{"angle":0.0,"axis":"y","origin":[10.285714,3.7142854,8.0]},"faces":{"east":{"uv":[0.75,8.75,1.5,10.25],"rotation":0,"texture":"#0","tintindex":0},"south":{"uv":[1.5,8.75,2.25,10.25],"rotation":0,"texture":"#0","tintindex":0},"north":{"uv":[0.0,8.75,0.75,10.25],"rotation":0,"texture":"#0","tintindex":0},"west":{"uv":[2.25,8.75,3.0,10.25],"rotation":0,"texture":"#0","tintindex":0},"up":{"uv":[11.0,6.5,10.25,5.75],"rotation":0,"texture":"#0","tintindex":0},"down":{"uv":[10.5,10.25,9.75,11.0],"rotation":0,"texture":"#0","tintindex":0}}},{"from":[6.285714,8.0,8.285714],"to":[8.0,8.571428,8.285714],"rotation":{"angle":0.0,"axis":"y","origin":[8.0,8.0,8.0]},"faces":{"east":{"uv":[0.0,0.0,0.0,0.25],"rotation":0,"texture":"#0","tintindex":0},"south":{"uv":[10.5,9.25,11.25,9.5],"rotation":0,"texture":"#0","tintindex":0},"north":{"uv":[10.5,7.5,11.25,7.75],"rotation":0,"texture":"#0","tintindex":0},"west":{"uv":[0.0,0.0,0.0,0.25],"rotation":0,"texture":"#0","tintindex":0},"up":{"uv":[0.75,0.0,0.0,0.0],"rotation":0,"texture":"#0","tintindex":0},"down":{"uv":[0.75,0.0,0.0,0.0],"rotation":0,"texture":"#0","tintindex":0}}}],"display":{"head":{"translation":[0.0,-6.4,0.0],"scale":[4.0,4.0,4.0]}}}