{"textures":{"0":"modelengine:entity/zc_walker"},"elements":[{"from":[7.142857,4.5714283,7.142857],"to":[8.857143,8.0,8.857143],"rotation":{"angle":0.0,"axis":"y","origin":[11.142858,7.142857,8.0]},"faces":{"east":{"uv":[3.75,8.75,4.5,10.25],"rotation":0,"texture":"#0","tintindex":0},"south":{"uv":[4.5,8.75,5.25,10.25],"rotation":0,"texture":"#0","tintindex":0},"north":{"uv":[3.0,8.75,3.75,10.25],"rotation":0,"texture":"#0","tintindex":0},"west":{"uv":[8.75,5.75,9.5,7.25],"rotation":0,"texture":"#0","tintindex":0},"up":{"uv":[11.25,3.75,10.5,3.0],"rotation":0,"texture":"#0","tintindex":0},"down":{"uv":[11.25,4.75,10.5,5.5],"rotation":0,"texture":"#0","tintindex":0}}}],"display":{"head":{"translation":[0.0,-6.4,0.0],"scale":[4.0,4.0,4.0]}}}