{"textures":{"0":"modelengine:entity/zc_walker"},"elements":[{"from":[7.142857,5.714286,7.142857],"to":[8.857143,8.0,8.857143],"rotation":{"angle":0.0,"axis":"y","origin":[9.142858,13.428572,8.0]},"faces":{"east":{"uv":[10.0,0.0,10.75,1.0],"rotation":0,"texture":"#0","tintindex":0},"south":{"uv":[10.0,1.0,10.75,2.0],"rotation":0,"texture":"#0","tintindex":0},"north":{"uv":[9.75,9.25,10.5,10.25],"rotation":0,"texture":"#0","tintindex":0},"west":{"uv":[10.0,2.0,10.75,3.0],"rotation":0,"texture":"#0","tintindex":0},"up":{"uv":[4.5,11.0,3.75,10.25],"rotation":0,"texture":"#0","tintindex":0},"down":{"uv":[5.25,10.25,4.5,11.0],"rotation":0,"texture":"#0","tintindex":0}}},{"from":[7.714286,6.285714,6.5714283],"to":[8.857143,6.285714,7.142857],"rotation":{"angle":0.0,"axis":"y","origin":[8.0,8.0,8.0]},"faces":{"east":{"uv":[0.0,0.0,0.25,0.0],"rotation":0,"texture":"#0","tintindex":0},"south":{"uv":[0.0,0.0,0.5,0.0],"rotation":0,"texture":"#0","tintindex":0},"north":{"uv":[0.0,0.0,0.5,0.0],"rotation":0,"texture":"#0","tintindex":0},"west":{"uv":[0.0,0.0,0.25,0.0],"rotation":0,"texture":"#0","tintindex":0},"up":{"uv":[9.75,5.0,9.25,4.75],"rotation":0,"texture":"#0","tintindex":0},"down":{"uv":[8.0,10.5,7.5,10.75],"rotation":0,"texture":"#0","tintindex":0}}},{"from":[6.5714283,5.714286,7.714286],"to":[7.142857,6.857143,7.714286],"rotation":{"angle":22.5,"axis":"y","origin":[7.142857,6.285714,7.714286]},"faces":{"east":{"uv":[0.0,0.0,0.0,0.5],"rotation":0,"texture":"#0","tintindex":0},"south":{"uv":[8.25,1.5,8.5,2.0],"rotation":0,"texture":"#0","tintindex":0},"north":{"uv":[5.75,8.0,6.0,8.5],"rotation":0,"texture":"#0","tintindex":0},"west":{"uv":[0.0,0.0,0.0,0.5],"rotation":0,"texture":"#0","tintindex":0},"up":{"uv":[0.25,0.0,0.0,0.0],"rotation":0,"texture":"#0","tintindex":0},"down":{"uv":[0.25,0.0,0.0,0.0],"rotation":0,"texture":"#0","tintindex":0}}}],"display":{"head":{"translation":[0.0,-6.4,0.0],"scale":[4.0,4.0,4.0]}}}