{"textures":{"0":"modelengine:entity/zc_walker"},"elements":[{"from":[5.714286,8.0,6.5714283],"to":[10.285714,11.428572,9.428572],"rotation":{"angle":0.0,"axis":"y","origin":[8.0,6.5714283,8.0]},"faces":{"east":{"uv":[6.25,2.0,7.5,3.5],"rotation":0,"texture":"#0","tintindex":0},"south":{"uv":[4.25,3.5,6.25,5.0],"rotation":0,"texture":"#0","tintindex":0},"north":{"uv":[4.25,2.0,6.25,3.5],"rotation":0,"texture":"#0","tintindex":0},"west":{"uv":[6.25,3.5,7.5,5.0],"rotation":0,"texture":"#0","tintindex":0},"up":{"uv":[2.0,7.25,0.0,6.0],"rotation":0,"texture":"#0","tintindex":0},"down":{"uv":[4.0,6.0,2.0,7.25],"rotation":0,"texture":"#0","tintindex":0}}},{"from":[8.571428,8.0,2.5714283],"to":[8.571428,9.714286,6.5714283],"rotation":{"angle":0.0,"axis":"y","origin":[8.0,8.0,8.0]},"faces":{"east":{"uv":[4.0,8.0,5.75,8.75],"rotation":0,"texture":"#0","tintindex":0},"south":{"uv":[0.0,0.0,0.0,0.75],"rotation":0,"texture":"#0","tintindex":0},"north":{"uv":[0.0,0.0,0.0,0.75],"rotation":0,"texture":"#0","tintindex":0},"west":{"uv":[8.0,5.0,9.75,5.75],"rotation":0,"texture":"#0","tintindex":0},"up":{"uv":[0.0,1.75,0.0,0.0],"rotation":0,"texture":"#0","tintindex":0},"down":{"uv":[0.0,0.0,0.0,1.75],"rotation":0,"texture":"#0","tintindex":0}}}],"display":{"head":{"translation":[0.0,-6.4,0.0],"scale":[4.0,4.0,4.0]}}}