{"textures":{"0":"modelengine:entity/miner_zombie"},"elements":[{"from":[4.0,-4.0,6.0],"to":[12.0,8.0,10.0],"faces":{"east":{"uv":[0.0,9.0,1.0,12.0],"tintindex":0,"rotation":0,"texture":"#0"},"south":{"uv":[5.0,3.0,7.0,6.0],"tintindex":0,"rotation":0,"texture":"#0"},"north":{"uv":[4.5,0.0,6.5,3.0],"tintindex":0,"rotation":0,"texture":"#0"},"west":{"uv":[1.0,9.0,2.0,12.0],"tintindex":0,"rotation":0,"texture":"#0"},"up":{"uv":[12.0,2.5,10.0,1.5],"tintindex":0,"rotation":0,"texture":"#0"},"down":{"uv":[12.0,2.5,10.0,3.5],"tintindex":0,"rotation":0,"texture":"#0"}}},{"from":[3.6,-5.0,4.8],"to":[12.6,8.0,10.8],"faces":{"east":{"uv":[0.0,5.75,1.5,9.0],"tintindex":0,"rotation":0,"texture":"#0"},"south":{"uv":[2.25,0.0,4.5,3.25],"tintindex":0,"rotation":0,"texture":"#0"},"north":{"uv":[0.0,0.0,2.25,3.25],"tintindex":0,"rotation":0,"texture":"#0"},"west":{"uv":[1.5,5.75,3.0,9.0],"tintindex":0,"rotation":0,"texture":"#0"},"up":{"uv":[9.25,9.5,7.0,8.0],"tintindex":0,"rotation":0,"texture":"#0"},"down":{"uv":[10.75,0.0,8.5,1.5],"tintindex":0,"rotation":0,"texture":"#0"}}}],"display":{"gui":{"rotation":[30,225,0]}}}