{"textures":{"0":"modelengine:entity/miner_zombie"},"elements":[{"from":[3.0,13.200001,3.0],"to":[13.0,16.2,13.0],"faces":{"east":{"uv":[10.0,4.25,12.5,5.0],"tintindex":0,"rotation":0,"texture":"#0"},"south":{"uv":[10.0,5.0,12.5,5.75],"tintindex":0,"rotation":0,"texture":"#0"},"north":{"uv":[10.0,3.5,12.5,4.25],"tintindex":0,"rotation":0,"texture":"#0"},"west":{"uv":[10.0,5.75,12.5,6.5],"tintindex":0,"rotation":0,"texture":"#0"},"up":{"uv":[2.5,5.75,0.0,3.25],"tintindex":0,"rotation":0,"texture":"#0"},"down":{"uv":[5.0,3.25,2.5,5.75],"tintindex":0,"rotation":0,"texture":"#0"}}},{"from":[4.0,8.0,4.0],"to":[12.0,16.0,12.0],"faces":{"east":{"uv":[5.0,6.0,7.0,8.0],"tintindex":0,"rotation":0,"texture":"#0"},"south":{"uv":[6.5,0.0,8.5,2.0],"tintindex":0,"rotation":0,"texture":"#0"},"north":{"uv":[3.0,5.75,5.0,7.75],"tintindex":0,"rotation":0,"texture":"#0"},"west":{"uv":[7.0,2.0,9.0,4.0],"tintindex":0,"rotation":0,"texture":"#0"},"up":{"uv":[9.0,6.0,7.0,4.0],"tintindex":0,"rotation":0,"texture":"#0"},"down":{"uv":[9.0,6.0,7.0,8.0],"tintindex":0,"rotation":0,"texture":"#0"}}},{"from":[4.0,16.2,4.0],"to":[12.0,19.2,12.0],"faces":{"east":{"uv":[10.75,0.75,12.75,1.5],"tintindex":0,"rotation":0,"texture":"#0"},"south":{"uv":[11.25,10.0,13.25,10.75],"tintindex":0,"rotation":0,"texture":"#0"},"north":{"uv":[10.75,0.0,12.75,0.75],"tintindex":0,"rotation":0,"texture":"#0"},"west":{"uv":[11.25,10.75,13.25,11.5],"tintindex":0,"rotation":0,"texture":"#0"},"up":{"uv":[5.0,9.75,3.0,7.75],"tintindex":0,"rotation":0,"texture":"#0"},"down":{"uv":[7.0,8.0,5.0,10.0],"tintindex":0,"rotation":0,"texture":"#0"}}}],"display":{"gui":{"rotation":[30,225,0]}}}