{"textures":{"0":"modelengine:entity/miner_zombie"},"elements":[{"from":[5.9,-4.0,6.0],"to":[9.9,8.0,10.0],"faces":{"east":{"uv":[2.0,9.0,3.0,12.0],"tintindex":0,"rotation":0,"texture":"#0"},"south":{"uv":[9.0,4.5,10.0,7.5],"tintindex":0,"rotation":0,"texture":"#0"},"north":{"uv":[9.0,1.5,10.0,4.5],"tintindex":0,"rotation":0,"texture":"#0"},"west":{"uv":[9.25,7.5,10.25,10.5],"tintindex":0,"rotation":0,"texture":"#0"},"up":{"uv":[13.75,12.5,12.75,11.5],"tintindex":0,"rotation":0,"texture":"#0"},"down":{"uv":[13.75,12.5,12.75,13.5],"tintindex":0,"rotation":0,"texture":"#0"}}}],"display":{"gui":{"rotation":[30,225,0]}}}