{"textures":{"0":"modelengine:entity/miner_zombie"},"elements":[{"from":[7.0,4.0,6.0],"to":[11.0,10.0,10.0],"faces":{"east":{"uv":[1.0,12.0,2.0,13.5],"tintindex":0,"rotation":0,"texture":"#0"},"south":{"uv":[12.0,1.5,13.0,3.0],"tintindex":0,"rotation":0,"texture":"#0"},"north":{"uv":[0.0,12.0,1.0,13.5],"tintindex":0,"rotation":0,"texture":"#0"},"west":{"uv":[2.0,12.0,3.0,13.5],"tintindex":0,"rotation":0,"texture":"#0"},"up":{"uv":[13.75,8.5,12.75,7.5],"tintindex":0,"rotation":0,"texture":"#0"},"down":{"uv":[13.75,8.5,12.75,9.5],"tintindex":0,"rotation":0,"texture":"#0"}}},{"from":[7.1,-2.0,6.0],"to":[10.9,5.0,10.0],"faces":{"east":{"uv":[9.0,10.5,10.0,12.25],"tintindex":0,"rotation":0,"texture":"#0"},"south":{"uv":[11.25,6.5,12.25,8.25],"tintindex":0,"rotation":0,"texture":"#0"},"north":{"uv":[10.25,10.0,11.25,11.75],"tintindex":0,"rotation":0,"texture":"#0"},"west":{"uv":[11.25,8.25,12.25,10.0],"tintindex":0,"rotation":0,"texture":"#0"},"up":{"uv":[5.0,13.75,4.0,12.75],"tintindex":0,"rotation":0,"texture":"#0"},"down":{"uv":[13.75,6.5,12.75,7.5],"tintindex":0,"rotation":0,"texture":"#0"}},"rotation":{"origin":[9.0,4.0,8.0],"angle":22.5,"axis":"x"}}],"display":{"gui":{"rotation":[30,225,0]}}}