{"textures":{"0":"modelengine:entity/miner_zombie"},"elements":[{"from":[6.1,-4.0,6.0],"to":[10.1,8.0,10.0],"faces":{"east":{"uv":[8.0,9.5,9.0,12.5],"tintindex":0,"rotation":0,"texture":"#0"},"south":{"uv":[3.0,9.75,4.0,12.75],"tintindex":0,"rotation":0,"texture":"#0"},"north":{"uv":[7.0,9.5,8.0,12.5],"tintindex":0,"rotation":0,"texture":"#0"},"west":{"uv":[4.0,9.75,5.0,12.75],"tintindex":0,"rotation":0,"texture":"#0"},"up":{"uv":[14.0,2.0,13.0,1.0],"tintindex":0,"rotation":0,"texture":"#0"},"down":{"uv":[14.0,2.0,13.0,3.0],"tintindex":0,"rotation":0,"texture":"#0"}}}],"display":{"gui":{"rotation":[30,225,0]}}}