{"textures":{"0":"modelengine:entity/texture"},"elements":[{"from":[5.0,5.5,-5.000001],"to":[11.0,12.5,4.1],"rotation":{"angle":0.0,"axis":"y","origin":[8.0,8.0,8.0]},"faces":{"east":{"uv":[4.0,0.9375,4.9375,1.6875],"rotation":0,"texture":"#0","tintindex":0},"south":{"uv":[6.5,0.9375,7.125,1.6875],"rotation":0,"texture":"#0","tintindex":0},"north":{"uv":[4.9375,0.9375,5.5625,1.6875],"rotation":0,"texture":"#0","tintindex":0},"west":{"uv":[5.5625,0.9375,6.5,1.6875],"rotation":0,"texture":"#0","tintindex":0},"up":{"uv":[5.5625,0.9375,4.9375,0.0],"rotation":0,"texture":"#0","tintindex":0},"down":{"uv":[6.1875,0.0,5.5625,0.9375],"rotation":0,"texture":"#0","tintindex":0}}}],"display":{"head":{"translation":[0.0,-6.4,0.0],"scale":[4.0,4.0,4.0]}}}