{"textures":{"0":"modelengine:entity/texture"},"elements":[{"from":[5.0,4.5000205,4.499999],"to":[11.0,10.500021,12.499999],"rotation":{"angle":0.0,"axis":"y","origin":[8.0,8.000021,7.999999]},"faces":{"east":{"uv":[2.375,5.125,3.25,5.75],"rotation":0,"texture":"#0","tintindex":0},"south":{"uv":[4.75,5.125,5.375,5.75],"rotation":0,"texture":"#0","tintindex":0},"north":{"uv":[3.25,5.125,3.875,5.75],"rotation":0,"texture":"#0","tintindex":0},"west":{"uv":[3.875,5.125,4.75,5.75],"rotation":0,"texture":"#0","tintindex":0},"up":{"uv":[3.875,5.125,3.25,4.25],"rotation":0,"texture":"#0","tintindex":0},"down":{"uv":[4.5,4.25,3.875,5.125],"rotation":0,"texture":"#0","tintindex":0}}}],"display":{"head":{"translation":[0.0,-6.4,0.0],"scale":[4.0,4.0,4.0]}}}