{"textures":{"0":"modelengine:entity/texture"},"elements":[{"from":[4.0,5.0,9.999987],"to":[12.0,12.0,18.999989],"rotation":{"angle":0.0,"axis":"y","origin":[8.0,8.0,7.9999866]},"faces":{"east":{"uv":[0.0,2.75,0.9375,3.5],"rotation":0,"texture":"#0","tintindex":0},"south":{"uv":[2.75,2.75,3.625,3.5],"rotation":0,"texture":"#0","tintindex":0},"north":{"uv":[0.9375,2.75,1.8125,3.5],"rotation":0,"texture":"#0","tintindex":0},"west":{"uv":[1.8125,2.75,2.75,3.5],"rotation":0,"texture":"#0","tintindex":0},"up":{"uv":[1.8125,2.75,0.9375,1.8125],"rotation":0,"texture":"#0","tintindex":0},"down":{"uv":[2.6875,1.8125,1.8125,2.75],"rotation":0,"texture":"#0","tintindex":0}}}],"display":{"head":{"translation":[0.0,-6.4,0.0],"scale":[4.0,4.0,4.0]}}}