{"textures":{"0":"modelengine:entity/texture"},"elements":[{"from":[8.1,7.125024,4.6999855],"to":[8.1,15.125025,11.6999855],"rotation":{"angle":0.0,"axis":"y","origin":[8.0,8.000024,7.999985]},"faces":{"east":{"uv":[0.0,7.3125,0.75,8.1875],"rotation":0,"texture":"#0","tintindex":0},"south":{"uv":[1.5,7.3125,1.5,8.1875],"rotation":0,"texture":"#0","tintindex":0},"north":{"uv":[0.75,7.3125,0.75,8.1875],"rotation":0,"texture":"#0","tintindex":0},"west":{"uv":[0.75,7.3125,1.5,8.1875],"rotation":0,"texture":"#0","tintindex":0},"up":{"uv":[0.75,7.3125,0.75,6.5625],"rotation":0,"texture":"#0","tintindex":0},"down":{"uv":[0.75,6.5625,0.75,7.3125],"rotation":0,"texture":"#0","tintindex":0}}},{"from":[3.8999996,11.125024,4.6999855],"to":[12.1,11.125024,11.6999855],"rotation":{"angle":0.0,"axis":"y","origin":[8.0,8.000024,7.999985]},"faces":{"east":{"uv":[3.75,5.0,4.5,5.0],"rotation":0,"texture":"#0","tintindex":0},"south":{"uv":[6.125,5.0,7.0,5.0],"rotation":0,"texture":"#0","tintindex":0},"north":{"uv":[4.5,5.0,5.375,5.0],"rotation":0,"texture":"#0","tintindex":0},"west":{"uv":[5.375,5.0,6.125,5.0],"rotation":0,"texture":"#0","tintindex":0},"up":{"uv":[5.375,5.0,4.5,4.25],"rotation":0,"texture":"#0","tintindex":0},"down":{"uv":[6.25,4.25,5.375,5.0],"rotation":0,"texture":"#0","tintindex":0}}},{"from":[6.9,10.125024,4.6999855],"to":[9.1,12.125025,9.6999855],"rotation":{"angle":0.0,"axis":"y","origin":[8.0,8.000024,7.999985]},"faces":{"east":{"uv":[7.75,7.6875,8.25,7.875],"rotation":0,"texture":"#0","tintindex":0},"south":{"uv":[8.9375,7.6875,9.125,7.875],"rotation":0,"texture":"#0","tintindex":0},"north":{"uv":[8.25,7.6875,8.4375,7.875],"rotation":0,"texture":"#0","tintindex":0},"west":{"uv":[8.4375,7.6875,8.9375,7.875],"rotation":0,"texture":"#0","tintindex":0},"up":{"uv":[8.4375,7.6875,8.25,7.1875],"rotation":0,"texture":"#0","tintindex":0},"down":{"uv":[8.625,7.1875,8.4375,7.6875],"rotation":0,"texture":"#0","tintindex":0}}}],"display":{"head":{"translation":[0.0,-6.4,0.0],"scale":[4.0,4.0,4.0]}}}