{"textures":{"0":"modelengine:entity/texture"},"elements":[{"from":[6.4,8.1,4.2],"to":[9.6,11.1,11.2],"rotation":{"angle":0.0,"axis":"y","origin":[8.0,8.0,8.0]},"faces":{"east":{"uv":[6.5,6.875,7.25,7.1875],"rotation":0,"texture":"#0","tintindex":0},"south":{"uv":[8.3125,6.875,8.625,7.1875],"rotation":0,"texture":"#0","tintindex":0},"north":{"uv":[7.25,6.875,7.5625,7.1875],"rotation":0,"texture":"#0","tintindex":0},"west":{"uv":[7.5625,6.875,8.3125,7.1875],"rotation":0,"texture":"#0","tintindex":0},"up":{"uv":[7.5625,6.875,7.25,6.125],"rotation":0,"texture":"#0","tintindex":0},"down":{"uv":[7.875,6.125,7.5625,6.875],"rotation":0,"texture":"#0","tintindex":0}}},{"from":[3.3999996,9.6,4.2],"to":[12.6,9.6,10.2],"rotation":{"angle":0.0,"axis":"y","origin":[8.0,8.0,8.0]},"faces":{"east":{"uv":[4.75,5.625,5.375,5.625],"rotation":0,"texture":"#0","tintindex":0},"south":{"uv":[7.0,5.625,8.0,5.625],"rotation":0,"texture":"#0","tintindex":0},"north":{"uv":[5.375,5.625,6.375,5.625],"rotation":0,"texture":"#0","tintindex":0},"west":{"uv":[6.375,5.625,7.0,5.625],"rotation":0,"texture":"#0","tintindex":0},"up":{"uv":[6.375,5.625,5.375,5.0],"rotation":0,"texture":"#0","tintindex":0},"down":{"uv":[7.375,5.0,6.375,5.625],"rotation":0,"texture":"#0","tintindex":0}}}],"display":{"head":{"translation":[0.0,-6.4,0.0],"scale":[4.0,4.0,4.0]}}}