{"textures":{"0":"modelengine:entity/texture"},"elements":[{"from":[0.5175767,-5.0154257,14.536841],"to":[8.517577,12.984575,14.536841],"rotation":{"angle":0.0,"axis":"y","origin":[8.0,8.0,8.0]},"faces":{"east":{"uv":[1.75,5.75,1.75,7.6875],"rotation":0,"texture":"#0","tintindex":0},"south":{"uv":[2.625,5.75,3.5,7.6875],"rotation":0,"texture":"#0","tintindex":0},"north":{"uv":[1.75,5.75,2.625,7.6875],"rotation":0,"texture":"#0","tintindex":0},"west":{"uv":[2.625,5.75,2.625,7.6875],"rotation":0,"texture":"#0","tintindex":0},"up":{"uv":[2.625,5.75,1.75,5.75],"rotation":0,"texture":"#0","tintindex":0},"down":{"uv":[3.5,5.75,2.625,5.75],"rotation":0,"texture":"#0","tintindex":0}}}],"display":{"head":{"translation":[0.0,-6.4,0.0],"scale":[4.0,4.0,4.0]}}}