{"textures":{"0":"modelengine:entity/texture"},"elements":[{"from":[0.80198145,11.133682,13.536841],"to":[12.801982,13.133682,15.536841],"rotation":{"angle":0.0,"axis":"y","origin":[8.0,8.0,8.0]},"faces":{"east":{"uv":[7.6875,1.875,7.5,2.0625],"rotation":0,"texture":"#0","tintindex":0},"south":{"uv":[9.0,1.875,7.6875,2.0625],"rotation":0,"texture":"#0","tintindex":0},"north":{"uv":[7.5,1.875,6.1875,2.0625],"rotation":0,"texture":"#0","tintindex":0},"west":{"uv":[6.1875,1.875,6.0,2.0625],"rotation":0,"texture":"#0","tintindex":0},"up":{"uv":[6.1875,1.875,7.5,1.6875],"rotation":0,"texture":"#0","tintindex":0},"down":{"uv":[7.5,1.6875,8.8125,1.875],"rotation":0,"texture":"#0","tintindex":0}}},{"from":[12.801982,11.633682,14.036841],"to":[18.801983,12.633682,15.036841],"rotation":{"angle":0.0,"axis":"y","origin":[8.0,8.0,8.0]},"faces":{"east":{"uv":[6.75,2.125,6.6875,2.1875],"rotation":0,"texture":"#0","tintindex":0},"south":{"uv":[7.375,2.125,6.75,2.1875],"rotation":0,"texture":"#0","tintindex":0},"north":{"uv":[6.6875,2.125,6.0625,2.1875],"rotation":0,"texture":"#0","tintindex":0},"west":{"uv":[6.0625,2.125,6.0,2.1875],"rotation":0,"texture":"#0","tintindex":0},"up":{"uv":[6.0625,2.125,6.6875,2.0625],"rotation":0,"texture":"#0","tintindex":0},"down":{"uv":[6.6875,2.0625,7.3125,2.125],"rotation":0,"texture":"#0","tintindex":0}}}],"display":{"head":{"translation":[0.0,-6.4,0.0],"scale":[4.0,4.0,4.0]}}}