{"textures":{"0":"modelengine:entity/texture"},"elements":[{"from":[-2.8019829,11.633682,14.036841],"to":[3.198018,12.633682,15.036841],"rotation":{"angle":0.0,"axis":"y","origin":[8.0,8.0,8.0]},"faces":{"east":{"uv":[6.0,2.125,6.0625,2.1875],"rotation":0,"texture":"#0","tintindex":0},"south":{"uv":[6.75,2.125,7.375,2.1875],"rotation":0,"texture":"#0","tintindex":0},"north":{"uv":[6.0625,2.125,6.6875,2.1875],"rotation":0,"texture":"#0","tintindex":0},"west":{"uv":[6.6875,2.125,6.75,2.1875],"rotation":0,"texture":"#0","tintindex":0},"up":{"uv":[6.6875,2.125,6.0625,2.0625],"rotation":0,"texture":"#0","tintindex":0},"down":{"uv":[7.3125,2.0625,6.6875,2.125],"rotation":0,"texture":"#0","tintindex":0}}},{"from":[3.198018,11.133682,13.536841],"to":[15.198019,13.133682,15.536841],"rotation":{"angle":0.0,"axis":"y","origin":[8.0,8.0,8.0]},"faces":{"east":{"uv":[6.0,1.875,6.1875,2.0625],"rotation":0,"texture":"#0","tintindex":0},"south":{"uv":[7.6875,1.875,9.0,2.0625],"rotation":0,"texture":"#0","tintindex":0},"north":{"uv":[6.1875,1.875,7.5,2.0625],"rotation":0,"texture":"#0","tintindex":0},"west":{"uv":[7.5,1.875,7.6875,2.0625],"rotation":0,"texture":"#0","tintindex":0},"up":{"uv":[7.5,1.875,6.1875,1.6875],"rotation":0,"texture":"#0","tintindex":0},"down":{"uv":[8.8125,1.6875,7.5,1.875],"rotation":0,"texture":"#0","tintindex":0}}}],"display":{"head":{"translation":[0.0,-6.4,0.0],"scale":[4.0,4.0,4.0]}}}