{"textures":{"0":"modelengine:entity/texture"},"elements":[{"from":[3.3999314,-7.7421494,7.7617693],"to":[11.399932,12.257853,7.7617693],"rotation":{"angle":0.0,"axis":"y","origin":[7.9999886,8.000027,8.0]},"faces":{"east":{"uv":[0.0,5.125,0.0,7.3125],"rotation":0,"texture":"#0","tintindex":0},"south":{"uv":[0.875,5.125,1.75,7.3125],"rotation":0,"texture":"#0","tintindex":0},"north":{"uv":[0.0,5.125,0.875,7.3125],"rotation":0,"texture":"#0","tintindex":0},"west":{"uv":[0.875,5.125,0.875,7.3125],"rotation":0,"texture":"#0","tintindex":0},"up":{"uv":[0.875,5.125,0.0,5.125],"rotation":0,"texture":"#0","tintindex":0},"down":{"uv":[1.75,5.125,0.875,5.125],"rotation":0,"texture":"#0","tintindex":0}}}],"display":{"head":{"translation":[0.0,-6.4,0.0],"scale":[4.0,4.0,4.0]}}}