{"textures":{"0":"modelengine:entity/texture"},"elements":[{"from":[-5.653779,8.785786,7.2617774],"to":[2.346221,9.785786,8.261778],"rotation":{"angle":0.0,"axis":"y","origin":[7.9999886,8.000027,8.000009]},"faces":{"east":{"uv":[6.25,4.6875,6.3125,4.75],"rotation":0,"texture":"#0","tintindex":0},"south":{"uv":[7.25,4.6875,8.125,4.75],"rotation":0,"texture":"#0","tintindex":0},"north":{"uv":[6.3125,4.6875,7.1875,4.75],"rotation":0,"texture":"#0","tintindex":0},"west":{"uv":[7.1875,4.6875,7.25,4.75],"rotation":0,"texture":"#0","tintindex":0},"up":{"uv":[7.1875,4.6875,6.3125,4.625],"rotation":0,"texture":"#0","tintindex":0},"down":{"uv":[8.0625,4.625,7.1875,4.6875],"rotation":0,"texture":"#0","tintindex":0}}},{"from":[2.346221,8.285786,6.7617774],"to":[14.346222,10.285786,8.761778],"rotation":{"angle":0.0,"axis":"y","origin":[7.9999886,8.000027,8.000009]},"faces":{"east":{"uv":[6.1875,0.1875,6.375,0.375],"rotation":0,"texture":"#0","tintindex":0},"south":{"uv":[7.875,0.1875,9.1875,0.375],"rotation":0,"texture":"#0","tintindex":0},"north":{"uv":[6.375,0.1875,7.6875,0.375],"rotation":0,"texture":"#0","tintindex":0},"west":{"uv":[7.6875,0.1875,7.875,0.375],"rotation":0,"texture":"#0","tintindex":0},"up":{"uv":[7.6875,0.1875,6.375,0.0],"rotation":0,"texture":"#0","tintindex":0},"down":{"uv":[9.0,0.0,7.6875,0.1875],"rotation":0,"texture":"#0","tintindex":0}}}],"display":{"head":{"translation":[0.0,-6.4,0.0],"scale":[4.0,4.0,4.0]}}}