{"textures":{"0":"modelengine:entity/texture"},"elements":[{"from":[5.3999996,4.2000074,2.9999833],"to":[10.6,9.200007,9.999984],"rotation":{"angle":0.0,"axis":"y","origin":[8.0,8.000008,7.999984]},"faces":{"east":{"uv":[4.625,6.375,5.375,6.875],"rotation":0,"texture":"#0","tintindex":0},"south":{"uv":[6.6875,6.375,7.25,6.875],"rotation":0,"texture":"#0","tintindex":0},"north":{"uv":[5.375,6.375,5.9375,6.875],"rotation":0,"texture":"#0","tintindex":0},"west":{"uv":[5.9375,6.375,6.6875,6.875],"rotation":0,"texture":"#0","tintindex":0},"up":{"uv":[5.9375,6.375,5.375,5.625],"rotation":0,"texture":"#0","tintindex":0},"down":{"uv":[6.5,5.625,5.9375,6.375],"rotation":0,"texture":"#0","tintindex":0}}}],"display":{"head":{"translation":[0.0,-6.4,0.0],"scale":[4.0,4.0,4.0]}}}