{"textures":{"0":"modelengine:entity/texture"},"elements":[{"from":[6.4,3.1145601,8.617928],"to":[9.6,6.11456,13.617928],"rotation":{"angle":0.0,"axis":"y","origin":[8.0,8.0,8.0]},"faces":{"east":{"uv":[1.0,8.1875,1.5,8.5],"rotation":0,"texture":"#0","tintindex":0},"south":{"uv":[2.3125,8.1875,2.625,8.5],"rotation":0,"texture":"#0","tintindex":0},"north":{"uv":[1.5,8.1875,1.8125,8.5],"rotation":0,"texture":"#0","tintindex":0},"west":{"uv":[1.8125,8.1875,2.3125,8.5],"rotation":0,"texture":"#0","tintindex":0},"up":{"uv":[1.8125,8.1875,1.5,7.6875],"rotation":0,"texture":"#0","tintindex":0},"down":{"uv":[2.125,7.6875,1.8125,8.1875],"rotation":0,"texture":"#0","tintindex":0}}},{"from":[3.3999996,4.61456,8.617928],"to":[12.6,4.61456,13.617928],"rotation":{"angle":0.0,"axis":"y","origin":[8.0,8.0,8.0]},"faces":{"east":{"uv":[5.4375,4.0,5.9375,4.0],"rotation":0,"texture":"#0","tintindex":0},"south":{"uv":[7.4375,4.0,8.4375,4.0],"rotation":0,"texture":"#0","tintindex":0},"north":{"uv":[5.9375,4.0,6.9375,4.0],"rotation":0,"texture":"#0","tintindex":0},"west":{"uv":[6.9375,4.0,7.4375,4.0],"rotation":0,"texture":"#0","tintindex":0},"up":{"uv":[6.9375,4.0,5.9375,3.5],"rotation":0,"texture":"#0","tintindex":0},"down":{"uv":[7.9375,3.5,6.9375,4.0],"rotation":0,"texture":"#0","tintindex":0}}}],"display":{"head":{"translation":[0.0,-6.4,0.0],"scale":[4.0,4.0,4.0]}}}