{"textures":{"0":"modelengine:entity/miner_zombie"},"elements":[{"from":[6.7000003,-5.0,6.5],"to":[8.5,6.0,8.5],"faces":{"east":{"uv":[9.0,12.25,9.5,15.0],"tintindex":0,"rotation":0,"texture":"#0"},"south":{"uv":[9.5,12.25,10.0,15.0],"tintindex":0,"rotation":0,"texture":"#0"},"north":{"uv":[12.25,6.5,12.75,9.25],"tintindex":0,"rotation":0,"texture":"#0"},"west":{"uv":[12.25,11.5,12.75,14.25],"tintindex":0,"rotation":0,"texture":"#0"},"up":{"uv":[7.0,2.5,6.5,2.0],"tintindex":0,"rotation":0,"texture":"#0"},"down":{"uv":[7.0,2.5,6.5,3.0],"tintindex":0,"rotation":0,"texture":"#0"}},"rotation":{"origin":[8.0,8.0,8.0],"angle":22.5,"axis":"x"}},{"from":[6.2000003,-2.09869,-3.5940704],"to":[8.8,-1.09869,-0.5940714],"faces":{"east":{"uv":[10.0,13.25,10.75,13.5],"tintindex":0,"rotation":0,"texture":"#0"},"south":{"uv":[13.25,10.0,14.0,10.25],"tintindex":0,"rotation":0,"texture":"#0"},"north":{"uv":[13.25,6.25,14.0,6.5],"tintindex":0,"rotation":0,"texture":"#0"},"west":{"uv":[13.25,10.25,14.0,10.5],"tintindex":0,"rotation":0,"texture":"#0"},"up":{"uv":[14.0,4.5,13.25,3.75],"tintindex":0,"rotation":0,"texture":"#0"},"down":{"uv":[14.0,4.5,13.25,5.25],"tintindex":0,"rotation":0,"texture":"#0"}},"rotation":{"origin":[7.5,-2.1986895,-2.3940716],"angle":45.0,"axis":"x"}},{"from":[6.2000003,-6.112808,5.408118],"to":[8.8,-5.112809,8.408117],"faces":{"east":{"uv":[5.75,13.25,6.5,13.5],"tintindex":0,"rotation":0,"texture":"#0"},"south":{"uv":[13.25,5.75,14.0,6.0],"tintindex":0,"rotation":0,"texture":"#0"},"north":{"uv":[13.25,5.5,14.0,5.75],"tintindex":0,"rotation":0,"texture":"#0"},"west":{"uv":[13.25,6.0,14.0,6.25],"tintindex":0,"rotation":0,"texture":"#0"},"up":{"uv":[11.75,13.75,11.0,13.0],"tintindex":0,"rotation":0,"texture":"#0"},"down":{"uv":[14.0,3.0,13.25,3.75],"tintindex":0,"rotation":0,"texture":"#0"}}},{"from":[6.1000004,-6.0,4.0],"to":[8.9,-5.0,11.0],"faces":{"east":{"uv":[12.25,9.5,14.0,9.75],"tintindex":0,"rotation":0,"texture":"#0"},"south":{"uv":[13.25,5.25,14.0,5.5],"tintindex":0,"rotation":0,"texture":"#0"},"north":{"uv":[5.0,13.25,5.75,13.5],"tintindex":0,"rotation":0,"texture":"#0"},"west":{"uv":[12.25,9.75,14.0,10.0],"tintindex":0,"rotation":0,"texture":"#0"},"up":{"uv":[13.25,4.75,12.5,3.0],"tintindex":0,"rotation":0,"texture":"#0"},"down":{"uv":[13.25,4.75,12.5,6.5],"tintindex":0,"rotation":0,"texture":"#0"}},"rotation":{"origin":[8.0,8.0,8.0],"angle":22.5,"axis":"x"}}],"display":{"gui":{"rotation":[30,225,0]}}}