{"textures":{"0":"modelengine:entity/miner_zombie"},"elements":[{"from":[5.1,-2.0,6.0],"to":[8.9,5.0,10.0],"faces":{"east":{"uv":[6.0,10.0,7.0,11.75],"tintindex":0,"rotation":0,"texture":"#0"},"south":{"uv":[10.25,6.5,11.25,8.25],"tintindex":0,"rotation":0,"texture":"#0"},"north":{"uv":[5.0,10.0,6.0,11.75],"tintindex":0,"rotation":0,"texture":"#0"},"west":{"uv":[10.25,8.25,11.25,10.0],"tintindex":0,"rotation":0,"texture":"#0"},"up":{"uv":[8.0,13.5,7.0,12.5],"tintindex":0,"rotation":0,"texture":"#0"},"down":{"uv":[9.0,12.5,8.0,13.5],"tintindex":0,"rotation":0,"texture":"#0"}},"rotation":{"origin":[7.0,4.0,8.0],"angle":22.5,"axis":"x"}},{"from":[5.0,4.0,6.0],"to":[9.0,10.0,10.0],"faces":{"east":{"uv":[5.0,11.75,6.0,13.25],"tintindex":0,"rotation":0,"texture":"#0"},"south":{"uv":[6.0,11.75,7.0,13.25],"tintindex":0,"rotation":0,"texture":"#0"},"north":{"uv":[11.25,11.5,12.25,13.0],"tintindex":0,"rotation":0,"texture":"#0"},"west":{"uv":[10.0,11.75,11.0,13.25],"tintindex":0,"rotation":0,"texture":"#0"},"up":{"uv":[13.75,1.0,12.75,0.0],"tintindex":0,"rotation":0,"texture":"#0"},"down":{"uv":[4.0,12.75,3.0,13.75],"tintindex":0,"rotation":0,"texture":"#0"}}}],"display":{"gui":{"rotation":[30,225,0]}}}