{"textures":{"0":"modelengine:entity/pirate_zombie"},"elements":[{"from":[6.7,2.0,6.5],"to":[8.5,6.0,8.5],"faces":{"east":{"uv":[4.75,4.125,5.0,4.625],"tintindex":0,"rotation":0,"texture":"#0"},"south":{"uv":[5.0,1.0,5.25,1.5],"tintindex":0,"rotation":0,"texture":"#0"},"north":{"uv":[4.5,3.5,4.75,4.0],"tintindex":0,"rotation":0,"texture":"#0"},"west":{"uv":[4.625,5.25,4.875,5.75],"tintindex":0,"rotation":0,"texture":"#0"},"up":{"uv":[4.875,6.0,4.625,5.75],"tintindex":0,"rotation":0,"texture":"#0"},"down":{"uv":[6.25,0.625,6.0,0.875],"tintindex":0,"rotation":0,"texture":"#0"}},"rotation":{"origin":[8.0,8.0,8.0],"angle":22.5,"axis":"x"}},{"from":[7.5,-16.0,4.6],"to":[7.5,1.0000005,10.6],"faces":{"east":{"uv":[1.5,2.375,2.25,4.5],"tintindex":0,"rotation":0,"texture":"#0"},"west":{"uv":[2.25,2.5,3.0,4.625],"tintindex":0,"rotation":0,"texture":"#0"}},"rotation":{"origin":[8.0,8.0,8.0],"angle":22.5,"axis":"x"}},{"from":[5.1,1.0000005,5.0],"to":[9.9,2.0,10.0],"faces":{"east":{"uv":[5.25,3.375,5.875,3.5],"tintindex":0,"rotation":0,"texture":"#0"},"south":{"uv":[5.875,3.375,6.5,3.5],"tintindex":0,"rotation":0,"texture":"#0"},"north":{"uv":[1.5,4.5,2.125,4.625],"tintindex":0,"rotation":0,"texture":"#0"},"west":{"uv":[6.375,2.625,7.0,2.75],"tintindex":0,"rotation":0,"texture":"#0"},"up":{"uv":[0.625,7.875,0.0,7.25],"tintindex":0,"rotation":0,"texture":"#0"},"down":{"uv":[8.0,3.75,7.375,4.375],"tintindex":0,"rotation":0,"texture":"#0"}},"rotation":{"origin":[8.0,8.0,8.0],"angle":22.5,"axis":"x"}}],"display":{"gui":{"rotation":[30,225,0]}}}