{"textures":{"0":"modelengine:entity/pirate_zombie"},"elements":[{"from":[6.1,-4.0,6.0],"to":[10.1,8.0,10.0],"faces":{"east":{"uv":[6.0,4.125,6.5,5.625],"tintindex":0,"rotation":0,"texture":"#0"},"south":{"uv":[6.0,5.625,6.5,7.125],"tintindex":0,"rotation":0,"texture":"#0"},"north":{"uv":[2.5,6.0,3.0,7.5],"tintindex":0,"rotation":0,"texture":"#0"},"west":{"uv":[4.625,6.125,5.125,7.625],"tintindex":0,"rotation":0,"texture":"#0"},"up":{"uv":[6.0,8.25,5.5,7.75],"tintindex":0,"rotation":0,"texture":"#0"},"down":{"uv":[6.5,7.75,6.0,8.25],"tintindex":0,"rotation":0,"texture":"#0"}}}],"display":{"gui":{"rotation":[30,225,0]}}}