{"textures":{"0":"modelengine:entity/zc_scavenger"},"elements":[{"from":[7.569714,7.4371333,6.0619],"to":[8.741143,8.008562,8.347614],"rotation":{"angle":0.0,"axis":"y","origin":[9.858857,13.722848,7.776186]},"faces":{"east":{"uv":[6.25,5.25,7.25,5.5],"rotation":0,"texture":"#0","tintindex":0},"south":{"uv":[11.0,1.0,11.5,1.25],"rotation":0,"texture":"#0","tintindex":0},"north":{"uv":[10.5,10.75,11.0,11.0],"rotation":0,"texture":"#0","tintindex":0},"west":{"uv":[7.25,5.25,8.25,5.5],"rotation":0,"texture":"#0","tintindex":0},"up":{"uv":[10.5,10.75,10.0,9.75],"rotation":0,"texture":"#0","tintindex":0},"down":{"uv":[10.75,0.0,10.25,1.0],"rotation":0,"texture":"#0","tintindex":0}}}],"display":{"head":{"translation":[0.0,-6.4,0.0],"scale":[4.0,4.0,4.0]}}}