{"textures":{"0":"modelengine:entity/zc_scavenger"},"elements":[{"from":[7.428571,5.285714,7.428571],"to":[8.571428,8.714286,8.571428],"rotation":{"angle":0.0,"axis":"y","origin":[8.0,8.714286,8.0]},"faces":{"east":{"uv":[9.25,0.0,9.75,1.5],"rotation":0,"texture":"#0","tintindex":0},"south":{"uv":[0.5,9.25,1.0,10.75],"rotation":0,"texture":"#0","tintindex":0},"north":{"uv":[0.0,9.25,0.5,10.75],"rotation":0,"texture":"#0","tintindex":0},"west":{"uv":[1.0,9.25,1.5,10.75],"rotation":0,"texture":"#0","tintindex":0},"up":{"uv":[11.0,10.75,10.5,10.25],"rotation":0,"texture":"#0","tintindex":0},"down":{"uv":[0.5,10.75,0.0,11.25],"rotation":0,"texture":"#0","tintindex":0}}}],"display":{"head":{"translation":[0.0,-6.4,0.0],"scale":[4.0,4.0,4.0]}}}