{"textures":{"0":"modelengine:entity/zc_scavenger"},"elements":[{"from":[7.0,6.212183,6.157215],"to":[8.714286,10.212183,7.871501],"rotation":{"angle":45.0,"axis":"x","origin":[8.142858,7.783612,5.4429293]},"faces":{"east":{"uv":[1.75,7.5,2.5,9.25],"rotation":0,"texture":"#0","tintindex":0},"south":{"uv":[7.5,3.5,8.25,5.25],"rotation":0,"texture":"#0","tintindex":0},"north":{"uv":[1.0,7.5,1.75,9.25],"rotation":0,"texture":"#0","tintindex":0},"west":{"uv":[2.5,8.0,3.25,9.75],"rotation":0,"texture":"#0","tintindex":0},"up":{"uv":[10.75,7.25,10.0,6.5],"rotation":0,"texture":"#0","tintindex":0},"down":{"uv":[7.5,10.0,6.75,10.75],"rotation":0,"texture":"#0","tintindex":0}}},{"from":[8.142858,6.0,5.5714283],"to":[9.285714,7.142857,7.285714],"rotation":{"angle":-45.0,"axis":"x","origin":[5.428571,6.857143,5.142857]},"faces":{"east":{"uv":[10.25,1.0,11.0,1.5],"rotation":0,"texture":"#0","tintindex":0},"south":{"uv":[0.5,10.75,1.0,11.25],"rotation":0,"texture":"#0","tintindex":0},"north":{"uv":[10.75,0.0,11.25,0.5],"rotation":0,"texture":"#0","tintindex":0},"west":{"uv":[1.5,10.25,2.25,10.75],"rotation":0,"texture":"#0","tintindex":0},"up":{"uv":[10.75,3.25,10.25,2.5],"rotation":0,"texture":"#0","tintindex":0},"down":{"uv":[8.0,10.25,7.5,11.0],"rotation":0,"texture":"#0","tintindex":0}}},{"from":[6.428571,7.658086,5.811095],"to":[9.285714,11.086658,5.811095],"rotation":{"angle":-45.0,"axis":"x","origin":[8.0,8.372372,7.6682386]},"faces":{"east":{"uv":[0.0,0.0,0.0,1.5],"rotation":0,"texture":"#0","tintindex":0},"south":{"uv":[6.0,6.75,7.25,8.25],"rotation":0,"texture":"#0","tintindex":0},"north":{"uv":[6.75,2.0,8.0,3.5],"rotation":0,"texture":"#0","tintindex":0},"west":{"uv":[0.0,0.0,0.0,1.5],"rotation":0,"texture":"#0","tintindex":0},"up":{"uv":[1.25,0.0,0.0,0.0],"rotation":0,"texture":"#0","tintindex":0},"down":{"uv":[1.25,0.0,0.0,0.0],"rotation":0,"texture":"#0","tintindex":0}}},{"from":[7.5714283,6.334735,5.4775925],"to":[7.5714283,7.4775925,8.906164],"rotation":{"angle":-45.0,"axis":"x","origin":[7.5714283,5.7633066,6.049021]},"faces":{"east":{"uv":[9.5,1.5,11.0,2.0],"rotation":0,"texture":"#0","tintindex":0},"south":{"uv":[0.0,0.0,0.0,0.5],"rotation":0,"texture":"#0","tintindex":0},"north":{"uv":[0.0,0.0,0.0,0.5],"rotation":0,"texture":"#0","tintindex":0},"west":{"uv":[9.5,2.0,11.0,2.5],"rotation":0,"texture":"#0","tintindex":0},"up":{"uv":[0.0,1.5,0.0,0.0],"rotation":0,"texture":"#0","tintindex":0},"down":{"uv":[0.0,0.0,0.0,1.5],"rotation":0,"texture":"#0","tintindex":0}}},{"from":[7.857143,5.7633066,4.334735],"to":[7.857143,9.191878,7.191878],"rotation":{"angle":-45.0,"axis":"x","origin":[7.5714283,5.7633066,6.049021]},"faces":{"east":{"uv":[3.75,7.25,5.0,8.75],"rotation":0,"texture":"#0","tintindex":0},"south":{"uv":[0.0,0.0,0.0,1.5],"rotation":0,"texture":"#0","tintindex":0},"north":{"uv":[0.0,0.0,0.0,1.5],"rotation":0,"texture":"#0","tintindex":0},"west":{"uv":[7.25,6.75,8.5,8.25],"rotation":0,"texture":"#0","tintindex":0},"up":{"uv":[0.0,1.25,0.0,0.0],"rotation":0,"texture":"#0","tintindex":0},"down":{"uv":[0.0,0.0,0.0,1.25],"rotation":0,"texture":"#0","tintindex":0}}},{"from":[7.956348,6.450421,5.669874],"to":[9.670633,6.450421,7.9555883],"rotation":{"angle":-22.5,"axis":"z","origin":[9.242063,4.736135,5.2413025]},"faces":{"east":{"uv":[0.0,0.0,1.0,0.0],"rotation":0,"texture":"#0","tintindex":0},"south":{"uv":[0.0,0.0,0.75,0.0],"rotation":0,"texture":"#0","tintindex":0},"north":{"uv":[0.0,0.0,0.75,0.0],"rotation":0,"texture":"#0","tintindex":0},"west":{"uv":[0.0,0.0,1.0,0.0],"rotation":0,"texture":"#0","tintindex":0},"up":{"uv":[2.25,10.25,1.5,9.25],"rotation":0,"texture":"#0","tintindex":0},"down":{"uv":[10.25,2.5,9.5,3.5],"rotation":0,"texture":"#0","tintindex":0}}}],"display":{"head":{"translation":[0.0,-6.4,0.0],"scale":[4.0,4.0,4.0]}}}