{"textures":{"0":"modelengine:entity/pirate_zombie"},"elements":[{"from":[5.714286,8.0,5.714286],"to":[10.285714,12.571428,10.285714],"rotation":{"angle":0.0,"axis":"y","origin":[8.0,10.285714,8.0]},"faces":{"east":{"uv":[5.0,0.0,6.0,1.0],"rotation":0,"texture":"#0","tintindex":0},"south":{"uv":[5.0,4.125,6.0,5.125],"rotation":0,"texture":"#0","tintindex":0},"north":{"uv":[0.0,4.75,1.0,5.75],"rotation":0,"texture":"#0","tintindex":0},"west":{"uv":[5.0,5.125,6.0,6.125],"rotation":0,"texture":"#0","tintindex":0},"up":{"uv":[2.0,6.25,1.0,5.25],"rotation":0,"texture":"#0","tintindex":0},"down":{"uv":[6.25,1.0,5.25,2.0],"rotation":0,"texture":"#0","tintindex":0}}},{"from":[5.6571426,9.142858,5.428571],"to":[10.285714,12.0,5.428571],"rotation":{"angle":0.0,"axis":"y","origin":[8.0,10.285714,8.0]},"faces":{"east":{"uv":[0.0,0.0,0.0,0.625],"rotation":0,"texture":"#0","tintindex":0},"south":{"uv":[6.0,0.0,7.0,0.625],"rotation":0,"texture":"#0","tintindex":0},"north":{"uv":[5.25,2.75,6.25,3.375],"rotation":0,"texture":"#0","tintindex":0},"west":{"uv":[0.0,0.0,0.0,0.625],"rotation":0,"texture":"#0","tintindex":0},"up":{"uv":[1.0,0.0,0.0,0.0],"rotation":0,"texture":"#0","tintindex":0},"down":{"uv":[1.0,0.0,0.0,0.0],"rotation":0,"texture":"#0","tintindex":0}}},{"from":[5.714286,9.142858,5.485714],"to":[5.714286,12.0,9.485714],"rotation":{"angle":0.0,"axis":"y","origin":[8.0,10.285714,8.0]},"faces":{"east":{"uv":[6.5,3.75,7.375,4.375],"rotation":0,"texture":"#0","tintindex":0},"south":{"uv":[0.0,0.0,0.0,0.625],"rotation":0,"texture":"#0","tintindex":0},"north":{"uv":[0.0,0.0,0.0,0.625],"rotation":0,"texture":"#0","tintindex":0},"west":{"uv":[6.5,4.375,7.375,5.0],"rotation":0,"texture":"#0","tintindex":0},"up":{"uv":[0.0,0.875,0.0,0.0],"rotation":0,"texture":"#0","tintindex":0},"down":{"uv":[0.0,0.0,0.0,0.875],"rotation":0,"texture":"#0","tintindex":0}}},{"from":[4.0,11.2,5.142857],"to":[12.0,14.057143,5.142857],"rotation":{"angle":0.0,"axis":"y","origin":[8.0,8.0,8.0]},"faces":{"east":{"uv":[0.0,0.0,0.0,0.625],"rotation":0,"texture":"#0","tintindex":0},"south":{"uv":[1.5,4.625,3.25,5.25],"rotation":0,"texture":"#0","tintindex":0},"north":{"uv":[3.0,4.0,4.75,4.625],"rotation":0,"texture":"#0","tintindex":0},"west":{"uv":[0.0,0.0,0.0,0.625],"rotation":0,"texture":"#0","tintindex":0},"up":{"uv":[1.75,0.0,0.0,0.0],"rotation":0,"texture":"#0","tintindex":0},"down":{"uv":[1.75,0.0,0.0,0.0],"rotation":0,"texture":"#0","tintindex":0}}},{"from":[4.0,11.2,10.857143],"to":[12.0,14.057143,10.857143],"rotation":{"angle":0.0,"axis":"y","origin":[8.0,8.0,8.0]},"faces":{"east":{"uv":[0.0,0.0,0.0,0.625],"rotation":0,"texture":"#0","tintindex":0},"south":{"uv":[4.75,3.5,6.5,4.125],"rotation":0,"texture":"#0","tintindex":0},"north":{"uv":[3.25,4.625,5.0,5.25],"rotation":0,"texture":"#0","tintindex":0},"west":{"uv":[0.0,0.0,0.0,0.625],"rotation":0,"texture":"#0","tintindex":0},"up":{"uv":[1.75,0.0,0.0,0.0],"rotation":0,"texture":"#0","tintindex":0},"down":{"uv":[1.75,0.0,0.0,0.0],"rotation":0,"texture":"#0","tintindex":0}}},{"from":[4.0,11.2,5.142857],"to":[12.0,11.2,10.857143],"rotation":{"angle":0.0,"axis":"y","origin":[8.0,8.0,8.0]},"faces":{"east":{"uv":[0.0,0.0,1.25,0.0],"rotation":0,"texture":"#0","tintindex":0},"south":{"uv":[0.0,0.0,1.75,0.0],"rotation":0,"texture":"#0","tintindex":0},"north":{"uv":[0.0,0.0,1.75,0.0],"rotation":0,"texture":"#0","tintindex":0},"west":{"uv":[0.0,0.0,1.25,0.0],"rotation":0,"texture":"#0","tintindex":0},"up":{"uv":[4.0,1.25,2.25,0.0],"rotation":0,"texture":"#0","tintindex":0},"down":{"uv":[4.0,1.25,2.25,2.5],"rotation":0,"texture":"#0","tintindex":0}}},{"from":[5.142857,11.2,5.714286],"to":[10.857143,13.485715,10.285714],"rotation":{"angle":0.0,"axis":"y","origin":[8.0,8.0,8.0]},"faces":{"east":{"uv":[6.5,5.0,7.5,5.5],"rotation":0,"texture":"#0","tintindex":0},"south":{"uv":[6.25,1.125,7.5,1.625],"rotation":0,"texture":"#0","tintindex":0},"north":{"uv":[6.25,0.625,7.5,1.125],"rotation":0,"texture":"#0","tintindex":0},"west":{"uv":[6.5,5.5,7.5,6.0],"rotation":0,"texture":"#0","tintindex":0},"up":{"uv":[5.25,2.5,4.0,1.5],"rotation":0,"texture":"#0","tintindex":0},"down":{"uv":[5.25,2.5,4.0,3.5],"rotation":0,"texture":"#0","tintindex":0}}},{"from":[4.0,11.2,5.142857],"to":[4.0,13.485715,10.857143],"rotation":{"angle":0.0,"axis":"y","origin":[8.0,8.0,8.0]},"faces":{"east":{"uv":[6.25,2.75,7.5,3.25],"rotation":0,"texture":"#0","tintindex":0},"south":{"uv":[0.0,0.0,0.0,0.5],"rotation":0,"texture":"#0","tintindex":0},"north":{"uv":[0.0,0.0,0.0,0.5],"rotation":0,"texture":"#0","tintindex":0},"west":{"uv":[6.375,1.625,7.625,2.125],"rotation":0,"texture":"#0","tintindex":0},"up":{"uv":[0.0,1.25,0.0,0.0],"rotation":0,"texture":"#0","tintindex":0},"down":{"uv":[0.0,0.0,0.0,1.25],"rotation":0,"texture":"#0","tintindex":0}}},{"from":[12.0,11.2,5.142857],"to":[12.0,13.485715,10.857143],"rotation":{"angle":0.0,"axis":"y","origin":[8.0,8.0,8.0]},"faces":{"east":{"uv":[6.375,2.125,7.625,2.625],"rotation":0,"texture":"#0","tintindex":0},"south":{"uv":[0.0,0.0,0.0,0.5],"rotation":0,"texture":"#0","tintindex":0},"north":{"uv":[0.0,0.0,0.0,0.5],"rotation":0,"texture":"#0","tintindex":0},"west":{"uv":[6.5,3.25,7.75,3.75],"rotation":0,"texture":"#0","tintindex":0},"up":{"uv":[0.0,1.25,0.0,0.0],"rotation":0,"texture":"#0","tintindex":0},"down":{"uv":[0.0,0.0,0.0,1.25],"rotation":0,"texture":"#0","tintindex":0}}}],"display":{"head":{"translation":[0.0,-6.4,0.0],"scale":[4.0,4.0,4.0]}}}