{"textures":{"0":"modelengine:entity/zc_spitter"},"elements":[{"from":[3.5,0.6466465,6.3037653],"to":[7.5,4.6466465,10.303765],"faces":{"east":{"uv":[6.5,5.75,7.5,6.75],"tintindex":0,"rotation":0,"texture":"#0"},"south":{"uv":[9.5,5.75,10.5,6.75],"tintindex":0,"rotation":0,"texture":"#0"},"north":{"uv":[7.5,5.75,8.5,6.75],"tintindex":0,"rotation":0,"texture":"#0"},"west":{"uv":[8.5,5.75,9.5,6.75],"tintindex":0,"rotation":0,"texture":"#0"},"up":{"uv":[8.5,5.75,7.5,4.75],"tintindex":0,"rotation":0,"texture":"#0"},"down":{"uv":[9.5,4.75,8.5,5.75],"tintindex":0,"rotation":0,"texture":"#0"}},"rotation":{"origin":[7.75,-3.4949217,6.75],"angle":-22.5,"axis":"x"}},{"from":[4.5,6.6466465,5.3037653],"to":[11.5,7.6466465,5.3037653],"faces":{"south":{"uv":[7.0,1.5,8.75,1.75],"tintindex":0,"rotation":0,"texture":"#0"},"north":{"uv":[5.25,1.5,7.0,1.75],"tintindex":0,"rotation":0,"texture":"#0"}},"rotation":{"origin":[7.75,-3.4949217,6.75],"angle":-22.5,"axis":"x"}},{"from":[9.5,0.6466465,7.3037653],"to":[11.5,1.6466465,7.3037653],"faces":{"south":{"uv":[0.5,3.5,1.0,3.75],"tintindex":0,"rotation":0,"texture":"#0"},"north":{"uv":[0.0,3.5,0.5,3.75],"tintindex":0,"rotation":0,"texture":"#0"}},"rotation":{"origin":[7.75,-3.4949217,6.75],"angle":-22.5,"axis":"x"}},{"from":[4.5,1.6466465,5.3037653],"to":[11.5,6.6466465,12.303765],"faces":{"east":{"uv":[0.0,1.75,1.75,3.0],"tintindex":0,"rotation":0,"texture":"#0"},"south":{"uv":[5.25,1.75,7.0,3.0],"tintindex":0,"rotation":0,"texture":"#0"},"north":{"uv":[1.75,1.75,3.5,3.0],"tintindex":0,"rotation":0,"texture":"#0"},"west":{"uv":[3.5,1.75,5.25,3.0],"tintindex":0,"rotation":0,"texture":"#0"},"up":{"uv":[3.5,1.75,1.75,0.0],"tintindex":0,"rotation":0,"texture":"#0"},"down":{"uv":[5.25,0.0,3.5,1.75],"tintindex":0,"rotation":0,"texture":"#0"}},"rotation":{"origin":[7.75,-3.4949217,6.75],"angle":-22.5,"axis":"x"}},{"from":[6.5,3.3212166,1.5328436],"to":[8.5,5.3212166,1.5328436],"faces":{"south":{"uv":[0.5,3.0,1.0,3.5],"tintindex":0,"rotation":0,"texture":"#0"},"north":{"uv":[0.0,3.0,0.5,3.5],"tintindex":0,"rotation":0,"texture":"#0"}}},{"from":[4.5,2.6466465,3.3037653],"to":[7.5,2.6466465,5.3037653],"faces":{"up":{"uv":[9.75,0.5,9.0,0.0],"tintindex":0,"rotation":0,"texture":"#0"},"down":{"uv":[10.5,0.0,9.75,0.5],"tintindex":0,"rotation":0,"texture":"#0"}},"rotation":{"origin":[7.75,-3.4949217,6.75],"angle":-22.5,"axis":"x"}},{"from":[0.5,3.6466465,8.303765],"to":[4.5,8.6466465,8.303765],"faces":{"south":{"uv":[11.75,0.0,12.75,1.25],"tintindex":0,"rotation":0,"texture":"#0"},"north":{"uv":[10.75,0.0,11.75,1.25],"tintindex":0,"rotation":0,"texture":"#0"}},"rotation":{"origin":[7.75,-3.4949217,6.75],"angle":-22.5,"axis":"x"}},{"from":[5.5,4.6466465,3.3037653],"to":[10.5,4.6466465,6.3037653],"faces":{"up":{"uv":[10.0,7.5,8.75,6.75],"tintindex":0,"rotation":0,"texture":"#0"},"down":{"uv":[11.25,6.75,10.0,7.5],"tintindex":0,"rotation":0,"texture":"#0"}},"rotation":{"origin":[7.75,-3.4949217,6.75],"angle":-22.5,"axis":"x"}},{"from":[11.5,1.6466465,6.3037653],"to":[14.5,4.6466465,6.3037653],"faces":{"south":{"uv":[0.75,0.75,1.5,1.5],"tintindex":0,"rotation":0,"texture":"#0"},"north":{"uv":[0.0,0.75,0.75,1.5],"tintindex":0,"rotation":0,"texture":"#0"}},"rotation":{"origin":[7.75,-3.4949217,6.75],"angle":-22.5,"axis":"x"}},{"from":[11.5,2.6466465,5.3037653],"to":[13.5,2.6466465,8.303765],"faces":{"up":{"uv":[1.25,0.75,0.75,0.0],"tintindex":0,"rotation":0,"texture":"#0"},"down":{"uv":[1.75,0.0,1.25,0.75],"tintindex":0,"rotation":0,"texture":"#0"}},"rotation":{"origin":[7.75,-3.4949217,6.75],"angle":-22.5,"axis":"x"}},{"from":[1.5,-1.3533535,7.3037653],"to":[6.5,2.6466465,7.3037653],"faces":{"south":{"uv":[11.25,2.0,12.5,3.0],"tintindex":0,"rotation":0,"texture":"#0"},"north":{"uv":[10.0,2.0,11.25,3.0],"tintindex":0,"rotation":0,"texture":"#0"}},"rotation":{"origin":[7.75,-3.4949217,6.75],"angle":-22.5,"axis":"x"}}],"display":{"gui":{"rotation":[30,225,0]}}}