{"textures":{"0":"modelengine:entity/zc_spitter"},"elements":[{"from":[6.0,3.0,7.0],"to":[8.0,8.0,9.0],"faces":{"east":{"uv":[10.5,4.75,11.0,6.0],"tintindex":0,"rotation":0,"texture":"#0"},"south":{"uv":[12.0,4.75,12.5,6.0],"tintindex":0,"rotation":0,"texture":"#0"},"north":{"uv":[11.0,4.75,11.5,6.0],"tintindex":0,"rotation":0,"texture":"#0"},"west":{"uv":[11.5,4.75,12.0,6.0],"tintindex":0,"rotation":0,"texture":"#0"},"up":{"uv":[11.5,4.75,11.0,4.25],"tintindex":0,"rotation":0,"texture":"#0"},"down":{"uv":[12.0,4.25,11.5,4.75],"tintindex":0,"rotation":0,"texture":"#0"}}}],"display":{"gui":{"rotation":[30,225,0]}}}