{"textures":{"0":"modelengine:entity/zc_spitter"},"elements":[{"from":[7.0,0.0,7.0],"to":[9.0,8.0,9.0],"faces":{"east":{"uv":[3.0,9.25,3.5,11.25],"tintindex":0,"rotation":0,"texture":"#0"},"south":{"uv":[4.5,9.25,5.0,11.25],"tintindex":0,"rotation":0,"texture":"#0"},"north":{"uv":[3.5,9.25,4.0,11.25],"tintindex":0,"rotation":0,"texture":"#0"},"west":{"uv":[4.0,9.25,4.5,11.25],"tintindex":0,"rotation":0,"texture":"#0"},"up":{"uv":[4.0,9.25,3.5,8.75],"tintindex":0,"rotation":0,"texture":"#0"},"down":{"uv":[4.5,8.75,4.0,9.25],"tintindex":0,"rotation":0,"texture":"#0"}}}],"display":{"gui":{"rotation":[30,225,0]}}}