{"textures":{"0":"modelengine:entity/zc_spitter"},"elements":[{"from":[7.0,7.0050783,4.9215975],"to":[9.0,8.005078,8.9215975],"faces":{"east":{"uv":[8.5,9.0,9.5,9.25],"tintindex":0,"rotation":0,"texture":"#0"},"south":{"uv":[11.0,9.0,11.5,9.25],"tintindex":0,"rotation":0,"texture":"#0"},"north":{"uv":[9.5,9.0,10.0,9.25],"tintindex":0,"rotation":0,"texture":"#0"},"west":{"uv":[10.0,9.0,11.0,9.25],"tintindex":0,"rotation":0,"texture":"#0"},"up":{"uv":[10.0,9.0,9.5,8.0],"tintindex":0,"rotation":0,"texture":"#0"},"down":{"uv":[10.5,8.0,10.0,9.0],"tintindex":0,"rotation":0,"texture":"#0"}}}],"display":{"gui":{"rotation":[30,225,0]}}}