{"textures":{"0":"modelengine:entity/zc_spitter"},"elements":[{"from":[7.0,2.010157,6.9215975],"to":[9.0,8.010157,8.9215975],"faces":{"east":{"uv":[7.0,9.5,7.5,11.0],"tintindex":0,"rotation":0,"texture":"#0"},"south":{"uv":[8.5,9.5,9.0,11.0],"tintindex":0,"rotation":0,"texture":"#0"},"north":{"uv":[7.5,9.5,8.0,11.0],"tintindex":0,"rotation":0,"texture":"#0"},"west":{"uv":[8.0,9.5,8.5,11.0],"tintindex":0,"rotation":0,"texture":"#0"},"up":{"uv":[8.0,9.5,7.5,9.0],"tintindex":0,"rotation":0,"texture":"#0"},"down":{"uv":[8.5,9.0,8.0,9.5],"tintindex":0,"rotation":0,"texture":"#0"}}}],"display":{"gui":{"rotation":[30,225,0]}}}