{"textures":{"0":"modelengine:entity/zc_spitter"},"elements":[{"from":[6.5,4.431259,6.9727635],"to":[9.5,10.431259,9.972763],"faces":{"east":{"uv":[6.5,7.5,7.25,9.0],"tintindex":0,"rotation":0,"texture":"#0"},"south":{"uv":[8.75,7.5,9.5,9.0],"tintindex":0,"rotation":0,"texture":"#0"},"north":{"uv":[7.25,7.5,8.0,9.0],"tintindex":0,"rotation":0,"texture":"#0"},"west":{"uv":[8.0,7.5,8.75,9.0],"tintindex":0,"rotation":0,"texture":"#0"},"up":{"uv":[8.0,7.5,7.25,6.75],"tintindex":0,"rotation":0,"texture":"#0"},"down":{"uv":[8.75,6.75,8.0,7.5],"tintindex":0,"rotation":0,"texture":"#0"}},"rotation":{"origin":[9.75,9.505078,2.25],"angle":22.5,"axis":"x"}}],"display":{"gui":{"rotation":[30,225,0]}}}