{"textures":{"0":"modelengine:entity/zc_spitter"},"elements":[{"from":[5.0,7.0,6.0],"to":[11.0,14.0,10.0],"faces":{"east":{"uv":[6.0,3.0,7.0,4.75],"tintindex":0,"rotation":0,"texture":"#0"},"south":{"uv":[9.5,3.0,11.0,4.75],"tintindex":0,"rotation":0,"texture":"#0"},"north":{"uv":[7.0,3.0,8.5,4.75],"tintindex":0,"rotation":0,"texture":"#0"},"west":{"uv":[8.5,3.0,9.5,4.75],"tintindex":0,"rotation":0,"texture":"#0"},"up":{"uv":[8.5,3.0,7.0,2.0],"tintindex":0,"rotation":0,"texture":"#0"},"down":{"uv":[10.0,2.0,8.5,3.0],"tintindex":0,"rotation":0,"texture":"#0"}}}],"display":{"gui":{"rotation":[30,225,0]}}}