{"textures":{"0":"modelengine:entity/zc_spitter"},"elements":[{"from":[8.0,3.0,7.0],"to":[10.0,8.0,9.0],"faces":{"east":{"uv":[10.75,7.5,11.25,8.75],"tintindex":0,"rotation":0,"texture":"#0"},"south":{"uv":[12.25,7.5,12.75,8.75],"tintindex":0,"rotation":0,"texture":"#0"},"north":{"uv":[11.25,7.5,11.75,8.75],"tintindex":0,"rotation":0,"texture":"#0"},"west":{"uv":[11.75,7.5,12.25,8.75],"tintindex":0,"rotation":0,"texture":"#0"},"up":{"uv":[11.75,7.5,11.25,7.0],"tintindex":0,"rotation":0,"texture":"#0"},"down":{"uv":[12.25,7.0,11.75,7.5],"tintindex":0,"rotation":0,"texture":"#0"}}},{"from":[8.0,8.0,8.0],"to":[10.0,9.0,8.0],"faces":{"south":{"uv":[0.5,1.5,1.0,1.75],"tintindex":0,"rotation":0,"texture":"#0"},"north":{"uv":[0.0,1.5,0.5,1.75],"tintindex":0,"rotation":0,"texture":"#0"}}}],"display":{"gui":{"rotation":[30,225,0]}}}