{"textures":{"0":"modelengine:entity/zc_spitter"},"elements":[{"from":[7.0,2.010157,6.9215975],"to":[9.0,8.010157,8.9215975],"faces":{"east":{"uv":[9.0,9.75,9.5,11.25],"tintindex":0,"rotation":0,"texture":"#0"},"south":{"uv":[10.5,9.75,11.0,11.25],"tintindex":0,"rotation":0,"texture":"#0"},"north":{"uv":[9.5,9.75,10.0,11.25],"tintindex":0,"rotation":0,"texture":"#0"},"west":{"uv":[10.0,9.75,10.5,11.25],"tintindex":0,"rotation":0,"texture":"#0"},"up":{"uv":[10.0,9.75,9.5,9.25],"tintindex":0,"rotation":0,"texture":"#0"},"down":{"uv":[10.5,9.25,10.0,9.75],"tintindex":0,"rotation":0,"texture":"#0"}}}],"display":{"gui":{"rotation":[30,225,0]}}}