{"textures":{"0":"modelengine:entity/zc_spitter"},"elements":[{"from":[6.5,4.431259,6.9727635],"to":[9.5,10.431259,9.972763],"faces":{"east":{"uv":[0.0,9.5,0.75,11.0],"tintindex":0,"rotation":0,"texture":"#0"},"south":{"uv":[2.25,9.5,3.0,11.0],"tintindex":0,"rotation":0,"texture":"#0"},"north":{"uv":[0.75,9.5,1.5,11.0],"tintindex":0,"rotation":0,"texture":"#0"},"west":{"uv":[1.5,9.5,2.25,11.0],"tintindex":0,"rotation":0,"texture":"#0"},"up":{"uv":[1.5,9.5,0.75,8.75],"tintindex":0,"rotation":0,"texture":"#0"},"down":{"uv":[2.25,8.75,1.5,9.5],"tintindex":0,"rotation":0,"texture":"#0"}},"rotation":{"origin":[5.75,9.505078,2.25],"angle":22.5,"axis":"x"}}],"display":{"gui":{"rotation":[30,225,0]}}}