{"textures":{"0":"modelengine:entity/zc_spitter"},"elements":[{"from":[4.0,4.692048,4.1301985],"to":[12.0,12.692047,9.1301985],"faces":{"east":{"uv":[0.0,6.75,1.25,8.75],"tintindex":0,"rotation":0,"texture":"#0"},"south":{"uv":[4.5,6.75,6.5,8.75],"tintindex":0,"rotation":0,"texture":"#0"},"north":{"uv":[1.25,6.75,3.25,8.75],"tintindex":0,"rotation":0,"texture":"#0"},"west":{"uv":[3.25,6.75,4.5,8.75],"tintindex":0,"rotation":0,"texture":"#0"},"up":{"uv":[3.25,6.75,1.25,5.5],"tintindex":0,"rotation":0,"texture":"#0"},"down":{"uv":[5.25,5.5,3.25,6.75],"tintindex":0,"rotation":0,"texture":"#0"}},"rotation":{"origin":[7.75,3.5050783,0.25],"angle":-22.5,"axis":"x"}}],"display":{"gui":{"rotation":[30,225,0]}}}