{"textures":{"0":"modelengine:entity/zc_scavenger"},"elements":[{"from":[2.0,6.05863,1.3152566],"to":[4.0,14.05863,1.3152566],"faces":{"south":{"uv":[7.5,8.25,8.0,10.25],"tintindex":0,"rotation":0,"texture":"#0"},"north":{"uv":[3.25,8.0,3.75,10.0],"tintindex":0,"rotation":0,"texture":"#0"}},"rotation":{"origin":[5.0,12.05863,9.315257],"angle":-22.5,"axis":"x"}},{"from":[4.0,5.25,3.25],"to":[12.0,13.25,12.25],"faces":{"east":{"uv":[0.0,0.0,2.25,2.0],"tintindex":0,"rotation":0,"texture":"#0"},"south":{"uv":[4.25,3.5,6.25,5.5],"tintindex":0,"rotation":0,"texture":"#0"},"north":{"uv":[0.0,4.0,2.0,6.0],"tintindex":0,"rotation":0,"texture":"#0"},"west":{"uv":[0.0,2.0,2.25,4.0],"tintindex":0,"rotation":0,"texture":"#0"},"up":{"uv":[4.25,2.25,2.25,0.0],"tintindex":0,"rotation":0,"texture":"#0"},"down":{"uv":[4.25,2.25,2.25,4.5],"tintindex":0,"rotation":0,"texture":"#0"}},"rotation":{"origin":[8.0,-0.75,9.75],"angle":-22.5,"axis":"x"}},{"from":[1.0,7.425947,2.391377],"to":[9.0,11.425947,2.391377],"faces":{"south":{"uv":[11.0,3.75,13.0,4.75],"tintindex":0,"rotation":0,"texture":"#0"},"north":{"uv":[11.0,1.25,13.0,2.25],"tintindex":0,"rotation":0,"texture":"#0"}},"rotation":{"origin":[5.0,11.675947,8.391377],"angle":22.5,"axis":"x"}},{"from":[3.0,6.675947,-2.6086226],"to":[5.0,8.675947,0.39137697],"faces":{"east":{"uv":[10.5,3.25,11.25,3.75],"tintindex":0,"rotation":0,"texture":"#0"},"south":{"uv":[10.75,8.25,11.25,8.75],"tintindex":0,"rotation":0,"texture":"#0"},"north":{"uv":[10.75,7.75,11.25,8.25],"tintindex":0,"rotation":0,"texture":"#0"},"west":{"uv":[3.75,10.5,4.5,11.0],"tintindex":0,"rotation":0,"texture":"#0"},"up":{"uv":[11.0,4.5,10.5,3.75],"tintindex":0,"rotation":0,"texture":"#0"},"down":{"uv":[11.0,4.5,10.5,5.25],"tintindex":0,"rotation":0,"texture":"#0"}},"rotation":{"origin":[5.0,11.675947,8.391377],"angle":-22.5,"axis":"x"}},{"from":[2.0,7.2932625,-2.5325022],"to":[4.0,7.2932625,4.467498],"faces":{"up":{"uv":[5.25,10.75,4.75,9.0],"tintindex":0,"rotation":0,"texture":"#0"},"down":{"uv":[5.75,9.0,5.25,10.75],"tintindex":0,"rotation":0,"texture":"#0"}},"rotation":{"origin":[5.0,11.2932625,7.467498],"angle":-22.5,"axis":"x"}}],"display":{"gui":{"rotation":[30,225,0]}}}