{"textures":{"0":"modelengine:entity/zc_scavenger"},"elements":[{"from":[7.0,3.25,7.0],"to":[9.0,9.25,9.0],"faces":{"east":{"uv":[9.0,6.75,9.5,8.25],"tintindex":0,"rotation":0,"texture":"#0"},"south":{"uv":[9.0,8.25,9.5,9.75],"tintindex":0,"rotation":0,"texture":"#0"},"north":{"uv":[9.0,5.25,9.5,6.75],"tintindex":0,"rotation":0,"texture":"#0"},"west":{"uv":[8.5,9.0,9.0,10.5],"tintindex":0,"rotation":0,"texture":"#0"},"up":{"uv":[11.0,5.75,10.5,5.25],"tintindex":0,"rotation":0,"texture":"#0"},"down":{"uv":[11.0,5.75,10.5,6.25],"tintindex":0,"rotation":0,"texture":"#0"}}}],"display":{"gui":{"rotation":[30,225,0]}}}