{"textures":{"0":"modelengine:entity/zc_scavenger"},"elements":[{"from":[7.0,2.25,7.0],"to":[9.0,9.25,9.0],"faces":{"east":{"uv":[8.5,5.5,9.0,7.25],"tintindex":0,"rotation":0,"texture":"#0"},"south":{"uv":[8.5,7.25,9.0,9.0],"tintindex":0,"rotation":0,"texture":"#0"},"north":{"uv":[8.0,8.25,8.5,10.0],"tintindex":0,"rotation":0,"texture":"#0"},"west":{"uv":[8.75,0.0,9.25,1.75],"tintindex":0,"rotation":0,"texture":"#0"},"up":{"uv":[9.0,11.0,8.5,10.5],"tintindex":0,"rotation":0,"texture":"#0"},"down":{"uv":[11.0,8.75,10.5,9.25],"tintindex":0,"rotation":0,"texture":"#0"}}}],"display":{"gui":{"rotation":[30,225,0]}}}