{"textures":{"0":"modelengine:entity/zc_scavenger"},"elements":[{"from":[6.25,3.6755767,7.6383457],"to":[8.25,5.6755767,9.638346],"faces":{"east":{"uv":[1.0,10.75,1.5,11.25],"tintindex":0,"rotation":0,"texture":"#0"},"south":{"uv":[1.5,10.75,2.0,11.25],"tintindex":0,"rotation":0,"texture":"#0"},"north":{"uv":[10.75,0.5,11.25,1.0],"tintindex":0,"rotation":0,"texture":"#0"},"west":{"uv":[10.75,2.5,11.25,3.0],"tintindex":0,"rotation":0,"texture":"#0"},"up":{"uv":[5.0,11.25,4.5,10.75],"tintindex":0,"rotation":0,"texture":"#0"},"down":{"uv":[5.5,10.75,5.0,11.25],"tintindex":0,"rotation":0,"texture":"#0"}},"rotation":{"origin":[8.25,8.675577,7.6383457],"angle":-22.5,"axis":"x"}},{"from":[7.25,2.8278174,7.4037127],"to":[9.25,8.827818,9.403713],"faces":{"east":{"uv":[2.75,9.75,3.25,11.25],"tintindex":0,"rotation":0,"texture":"#0"},"south":{"uv":[9.0,9.75,9.5,11.25],"tintindex":0,"rotation":0,"texture":"#0"},"north":{"uv":[2.25,9.75,2.75,11.25],"tintindex":0,"rotation":0,"texture":"#0"},"west":{"uv":[3.25,10.0,3.75,11.5],"tintindex":0,"rotation":0,"texture":"#0"},"up":{"uv":[11.25,7.25,10.75,6.75],"tintindex":0,"rotation":0,"texture":"#0"},"down":{"uv":[11.25,7.25,10.75,7.75],"tintindex":0,"rotation":0,"texture":"#0"}},"rotation":{"origin":[11.75,6.8278174,8.403712],"angle":-22.5,"axis":"x"}},{"from":[5.25,4.6755767,4.6383457],"to":[9.25,4.6755767,7.6383457],"faces":{"up":{"uv":[10.5,5.75,9.5,5.0],"tintindex":0,"rotation":0,"texture":"#0"},"down":{"uv":[10.5,5.75,9.5,6.5],"tintindex":0,"rotation":0,"texture":"#0"}},"rotation":{"origin":[8.25,8.675577,7.6383457],"angle":-22.5,"axis":"x"}},{"from":[6.25,3.6755767,7.6383457],"to":[10.25,3.6755767,10.638346],"faces":{"up":{"uv":[10.5,4.25,9.5,3.5],"tintindex":0,"rotation":0,"texture":"#0"},"down":{"uv":[10.5,4.25,9.5,5.0],"tintindex":0,"rotation":0,"texture":"#0"}},"rotation":{"origin":[8.25,8.675577,7.6383457],"angle":-22.5,"axis":"x"}}],"display":{"gui":{"rotation":[30,225,0]}}}