{"textures":{"0":"modelengine:entity/zc_scavenger"},"elements":[{"from":[6.75,4.8713202,4.7751265],"to":[9.75,11.871321,7.7751265],"faces":{"east":{"uv":[8.25,3.75,9.0,5.5],"tintindex":0,"rotation":0,"texture":"#0"},"south":{"uv":[6.0,8.25,6.75,10.0],"tintindex":0,"rotation":0,"texture":"#0"},"north":{"uv":[8.25,2.0,9.0,3.75],"tintindex":0,"rotation":0,"texture":"#0"},"west":{"uv":[6.75,8.25,7.5,10.0],"tintindex":0,"rotation":0,"texture":"#0"},"up":{"uv":[10.75,8.0,10.0,7.25],"tintindex":0,"rotation":0,"texture":"#0"},"down":{"uv":[10.75,8.0,10.0,8.75],"tintindex":0,"rotation":0,"texture":"#0"}},"rotation":{"origin":[12.75,7.6213207,3.5251265],"angle":45.0,"axis":"x"}}],"display":{"gui":{"rotation":[30,225,0]}}}