{"textures":{"0":"modelengine:entity/zc_scavenger"},"elements":[{"from":[4.0,8.25,5.0],"to":[12.0,15.25,9.0],"faces":{"east":{"uv":[5.0,7.25,6.0,9.0],"tintindex":0,"rotation":0,"texture":"#0"},"south":{"uv":[4.0,5.5,6.0,7.25],"tintindex":0,"rotation":0,"texture":"#0"},"north":{"uv":[2.0,4.5,4.0,6.25],"tintindex":0,"rotation":0,"texture":"#0"},"west":{"uv":[0.0,7.5,1.0,9.25],"tintindex":0,"rotation":0,"texture":"#0"},"up":{"uv":[8.75,1.0,6.75,0.0],"tintindex":0,"rotation":0,"texture":"#0"},"down":{"uv":[8.75,1.0,6.75,2.0],"tintindex":0,"rotation":0,"texture":"#0"}},"rotation":{"origin":[8.0,12.25,5.0],"angle":-22.5,"axis":"x"}}],"display":{"gui":{"rotation":[30,225,0]}}}