{"textures":{"0":"modelengine:entity/zc_scavenger"},"elements":[{"from":[7.0,2.25,7.0],"to":[9.0,9.25,9.0],"faces":{"east":{"uv":[4.25,8.75,4.75,10.5],"tintindex":0,"rotation":0,"texture":"#0"},"south":{"uv":[9.0,1.75,9.5,3.5],"tintindex":0,"rotation":0,"texture":"#0"},"north":{"uv":[3.75,8.75,4.25,10.5],"tintindex":0,"rotation":0,"texture":"#0"},"west":{"uv":[9.0,3.5,9.5,5.25],"tintindex":0,"rotation":0,"texture":"#0"},"up":{"uv":[11.0,9.75,10.5,9.25],"tintindex":0,"rotation":0,"texture":"#0"},"down":{"uv":[11.0,9.75,10.5,10.25],"tintindex":0,"rotation":0,"texture":"#0"}}},{"from":[8.0,1.25,8.0],"to":[10.0,6.25,8.0],"faces":{"south":{"uv":[6.25,10.0,6.75,11.25],"tintindex":0,"rotation":0,"texture":"#0"},"north":{"uv":[5.75,10.0,6.25,11.25],"tintindex":0,"rotation":0,"texture":"#0"}}}],"display":{"gui":{"rotation":[30,225,0]}}}