{"textures":{"0":"modelengine:entity/zc_scavenger"},"elements":[{"from":[7.0,3.25,7.0],"to":[9.0,9.25,9.0],"faces":{"east":{"uv":[9.25,0.0,9.75,1.5],"tintindex":0,"rotation":0,"texture":"#0"},"south":{"uv":[0.5,9.25,1.0,10.75],"tintindex":0,"rotation":0,"texture":"#0"},"north":{"uv":[0.0,9.25,0.5,10.75],"tintindex":0,"rotation":0,"texture":"#0"},"west":{"uv":[1.0,9.25,1.5,10.75],"tintindex":0,"rotation":0,"texture":"#0"},"up":{"uv":[11.0,10.75,10.5,10.25],"tintindex":0,"rotation":0,"texture":"#0"},"down":{"uv":[0.5,10.75,0.0,11.25],"tintindex":0,"rotation":0,"texture":"#0"}}}],"display":{"gui":{"rotation":[30,225,0]}}}