{"textures":{"0":"modelengine:entity/zc_scavenger"},"elements":[{"from":[6.7469997,7.014983,4.6083255],"to":[8.797,8.014983,8.608326],"faces":{"east":{"uv":[0.0,6.0,1.0,6.25],"tintindex":0,"rotation":0,"texture":"#0"},"south":{"uv":[10.0,10.75,10.5,11.0],"tintindex":0,"rotation":0,"texture":"#0"},"north":{"uv":[10.75,3.0,11.25,3.25],"tintindex":0,"rotation":0,"texture":"#0"},"west":{"uv":[1.0,6.0,2.0,6.25],"tintindex":0,"rotation":0,"texture":"#0"},"up":{"uv":[8.5,11.0,8.0,10.0],"tintindex":0,"rotation":0,"texture":"#0"},"down":{"uv":[10.5,8.75,10.0,9.75],"tintindex":0,"rotation":0,"texture":"#0"}},"rotation":{"origin":[4.7530003,18.014984,7.6083255],"angle":0.0,"axis":"y"}}],"display":{"gui":{"rotation":[30,225,0]}}}