{"textures":{"0":"modelengine:entity/zc_scavenger"},"elements":[{"from":[7.25,5.0857863,3.5857868],"to":[7.25,7.085787,9.585787],"faces":{"east":{"uv":[9.5,1.5,11.0,2.0],"tintindex":0,"rotation":0,"texture":"#0"},"west":{"uv":[9.5,2.0,11.0,2.5],"tintindex":0,"rotation":0,"texture":"#0"}},"rotation":{"origin":[7.25,4.0857863,4.585787],"angle":-45.0,"axis":"x"}},{"from":[6.25,4.8713202,4.7751265],"to":[9.25,11.871321,7.7751265],"faces":{"east":{"uv":[1.75,7.5,2.5,9.25],"tintindex":0,"rotation":0,"texture":"#0"},"south":{"uv":[7.5,3.5,8.25,5.25],"tintindex":0,"rotation":0,"texture":"#0"},"north":{"uv":[1.0,7.5,1.75,9.25],"tintindex":0,"rotation":0,"texture":"#0"},"west":{"uv":[2.5,8.0,3.25,9.75],"tintindex":0,"rotation":0,"texture":"#0"},"up":{"uv":[10.75,7.25,10.0,6.5],"tintindex":0,"rotation":0,"texture":"#0"},"down":{"uv":[7.5,10.0,6.75,10.75],"tintindex":0,"rotation":0,"texture":"#0"}},"rotation":{"origin":[8.25,7.6213207,3.5251265],"angle":45.0,"axis":"x"}},{"from":[5.25,7.4016504,4.1694174],"to":[10.25,13.40165,4.1694174],"faces":{"south":{"uv":[6.0,6.75,7.25,8.25],"tintindex":0,"rotation":0,"texture":"#0"},"north":{"uv":[6.75,2.0,8.0,3.5],"tintindex":0,"rotation":0,"texture":"#0"}},"rotation":{"origin":[8.0,8.65165,7.4194174],"angle":-45.0,"axis":"x"}},{"from":[7.923609,5.2882366,3.9222798],"to":[10.923609,5.2882366,7.9222803],"faces":{"up":{"uv":[2.25,10.25,1.5,9.25],"tintindex":0,"rotation":0,"texture":"#0"},"down":{"uv":[10.25,2.5,9.5,3.5],"tintindex":0,"rotation":0,"texture":"#0"}},"rotation":{"origin":[10.173609,2.2882366,3.1722798],"angle":-22.5,"axis":"z"}},{"from":[8.25,4.5,3.75],"to":[10.25,6.5,6.75],"faces":{"east":{"uv":[10.25,1.0,11.0,1.5],"tintindex":0,"rotation":0,"texture":"#0"},"south":{"uv":[0.5,10.75,1.0,11.25],"tintindex":0,"rotation":0,"texture":"#0"},"north":{"uv":[10.75,0.0,11.25,0.5],"tintindex":0,"rotation":0,"texture":"#0"},"west":{"uv":[1.5,10.25,2.25,10.75],"tintindex":0,"rotation":0,"texture":"#0"},"up":{"uv":[10.75,3.25,10.25,2.5],"tintindex":0,"rotation":0,"texture":"#0"},"down":{"uv":[8.0,10.25,7.5,11.0],"tintindex":0,"rotation":0,"texture":"#0"}},"rotation":{"origin":[3.5,6.0,3.0],"angle":-45.0,"axis":"x"}},{"from":[7.75,4.0857863,1.5857868],"to":[7.75,10.085787,6.585787],"faces":{"east":{"uv":[3.75,7.25,5.0,8.75],"tintindex":0,"rotation":0,"texture":"#0"},"west":{"uv":[7.25,6.75,8.5,8.25],"tintindex":0,"rotation":0,"texture":"#0"}},"rotation":{"origin":[7.25,4.0857863,4.585787],"angle":-45.0,"axis":"x"}}],"display":{"gui":{"rotation":[30,225,0]}}}