{"textures":{"0":"modelengine:entity/zc_scavenger"},"elements":[{"from":[6.75,2.8278174,7.4037127],"to":[8.75,8.827818,9.403713],"faces":{"east":{"uv":[9.5,8.0,10.0,9.5],"tintindex":0,"rotation":0,"texture":"#0"},"south":{"uv":[9.5,9.5,10.0,11.0],"tintindex":0,"rotation":0,"texture":"#0"},"north":{"uv":[9.5,6.5,10.0,8.0],"tintindex":0,"rotation":0,"texture":"#0"},"west":{"uv":[9.75,0.0,10.25,1.5],"tintindex":0,"rotation":0,"texture":"#0"},"up":{"uv":[11.25,6.75,10.75,6.25],"tintindex":0,"rotation":0,"texture":"#0"},"down":{"uv":[7.25,10.75,6.75,11.25],"tintindex":0,"rotation":0,"texture":"#0"}},"rotation":{"origin":[7.25,6.8278174,8.403712],"angle":-22.5,"axis":"x"}}],"display":{"gui":{"rotation":[30,225,0]}}}