{"textures":{"0":"modelengine:entity/zc_scavenger"},"elements":[{"from":[6.0,9.21298,10.8138895],"to":[8.0,12.21298,11.8138895],"faces":{"east":{"uv":[4.0,4.5,4.25,5.25],"tintindex":0,"rotation":0,"texture":"#0"},"south":{"uv":[11.0,4.75,11.5,5.5],"tintindex":0,"rotation":0,"texture":"#0"},"north":{"uv":[3.75,11.0,4.25,11.75],"tintindex":0,"rotation":0,"texture":"#0"},"west":{"uv":[3.75,6.25,4.0,7.0],"tintindex":0,"rotation":0,"texture":"#0"},"up":{"uv":[11.5,2.5,11.0,2.25],"tintindex":0,"rotation":0,"texture":"#0"},"down":{"uv":[11.5,5.5,11.0,5.75],"tintindex":0,"rotation":0,"texture":"#0"}},"rotation":{"origin":[4.0,8.21298,6.8138895],"angle":-22.5,"axis":"x"}},{"from":[3.0,8.25,7.0],"to":[13.0,15.25,12.0],"faces":{"east":{"uv":[2.5,6.25,3.75,8.0],"tintindex":0,"rotation":0,"texture":"#0"},"south":{"uv":[4.25,1.75,6.75,3.5],"tintindex":0,"rotation":0,"texture":"#0"},"north":{"uv":[4.25,0.0,6.75,1.75],"tintindex":0,"rotation":0,"texture":"#0"},"west":{"uv":[6.25,3.5,7.5,5.25],"tintindex":0,"rotation":0,"texture":"#0"},"up":{"uv":[8.5,6.75,6.0,5.5],"tintindex":0,"rotation":0,"texture":"#0"},"down":{"uv":[2.5,6.25,0.0,7.5],"tintindex":0,"rotation":0,"texture":"#0"}},"rotation":{"origin":[8.0,5.25,7.5],"angle":-22.5,"axis":"x"}},{"from":[4.0,11.25,9.0],"to":[10.0,15.25,9.0],"faces":{"south":{"uv":[11.0,10.0,12.5,11.0],"tintindex":0,"rotation":0,"texture":"#0"},"north":{"uv":[9.5,11.0,11.0,12.0],"tintindex":0,"rotation":0,"texture":"#0"}},"rotation":{"origin":[8.0,8.0,8.0],"angle":22.5,"axis":"x"}},{"from":[5.0,12.0,9.0],"to":[10.0,17.0,9.0],"faces":{"south":{"uv":[11.0,8.75,12.25,10.0],"tintindex":0,"rotation":0,"texture":"#0"},"north":{"uv":[7.25,11.0,8.5,12.25],"tintindex":0,"rotation":0,"texture":"#0"}}}],"display":{"gui":{"rotation":[30,225,0]}}}