{"textures":{"0":"modelengine:entity/rhino"},"elements":[{"from":[4.342857,0.6666665,5.785714],"to":[11.485714,4.838095,11.442858],"rotation":{"angle":-22.5,"axis":"x","origin":[12.4,2.4666662,8.685715]},"faces":{"east":{"uv":[8.875,10.0,8.25,10.4375],"rotation":0,"texture":"#0","tintindex":0},"south":{"uv":[4.5,9.625,3.75,10.0625],"rotation":0,"texture":"#0","tintindex":0},"north":{"uv":[7.5,6.0625,6.75,6.5],"rotation":0,"texture":"#0","tintindex":0},"west":{"uv":[8.25,10.0,7.625,10.4375],"rotation":0,"texture":"#0","tintindex":0},"up":{"uv":[8.25,4.5625,9.0,3.9375],"rotation":0,"texture":"#0","tintindex":0},"down":{"uv":[8.25,4.5625,9.0,5.1875],"rotation":0,"texture":"#0","tintindex":0}}},{"from":[4.285714,3.0654058,3.8061109],"to":[11.542857,12.636835,11.0918255],"rotation":{"angle":0.0,"axis":"x","origin":[12.4,7.8511205,7.4632535]},"faces":{"east":{"uv":[1.625,6.375,0.8125,7.4375],"rotation":0,"texture":"#0","tintindex":0},"south":{"uv":[7.125,4.3125,6.3125,5.375],"rotation":0,"texture":"#0","tintindex":0},"north":{"uv":[6.75,5.4375,5.9375,6.5],"rotation":0,"texture":"#0","tintindex":0},"west":{"uv":[0.8125,6.1875,0.0,7.25],"rotation":0,"texture":"#0","tintindex":0},"up":{"uv":[7.3125,2.3125,8.125,1.5],"rotation":0,"texture":"#0","tintindex":0},"down":{"uv":[7.3125,2.3125,8.125,3.125],"rotation":0,"texture":"#0","tintindex":0}}}],"display":{"head":{"translation":[0.0,-6.4,0.0],"scale":[4.0,4.0,4.0]}}}