{"textures":{"0":"modelengine:entity/rhino"},"elements":[{"from":[5.028571,4.685714,5.771428],"to":[11.314286,8.914286,11.6],"rotation":{"angle":0.0,"axis":"y","origin":[8.171429,13.057143,4.8]},"faces":{"east":{"uv":[2.5,1.125,3.125,1.5625],"rotation":0,"texture":"#0","tintindex":0},"south":{"uv":[10.0,1.8125,10.6875,2.25],"rotation":0,"texture":"#0","tintindex":0},"north":{"uv":[1.8125,10.0,2.5,10.4375],"rotation":0,"texture":"#0","tintindex":0},"west":{"uv":[7.0,10.0,7.625,10.4375],"rotation":0,"texture":"#0","tintindex":0},"up":{"uv":[9.5625,1.125,8.875,0.5],"rotation":0,"texture":"#0","tintindex":0},"down":{"uv":[1.25,8.875,0.5625,9.5],"rotation":0,"texture":"#0","tintindex":0}}},{"from":[5.2,0.08571386,5.8285713],"to":[11.142858,2.9428568,11.828571],"rotation":{"angle":0.0,"axis":"y","origin":[8.171429,5.2571425,9.457143]},"faces":{"east":{"uv":[10.3125,2.5,11.0,2.8125],"rotation":0,"texture":"#0","tintindex":0},"south":{"uv":[8.25,10.4375,8.875,10.75],"rotation":0,"texture":"#0","tintindex":0},"north":{"uv":[7.625,10.4375,8.25,10.75],"rotation":0,"texture":"#0","tintindex":0},"west":{"uv":[10.3125,5.5625,11.0,5.875],"rotation":0,"texture":"#0","tintindex":0},"up":{"uv":[3.3125,9.5625,2.6875,8.875],"rotation":0,"texture":"#0","tintindex":0},"down":{"uv":[4.8125,8.875,4.1875,9.5625],"rotation":0,"texture":"#0","tintindex":0}}},{"from":[5.6,0.5428567,7.3428574],"to":[10.742857,7.542857,11.542857],"rotation":{"angle":0.0,"axis":"y","origin":[8.171429,4.9714284,9.514286]},"faces":{"east":{"uv":[3.9375,0.0,4.375,0.75],"rotation":0,"texture":"#0","tintindex":0},"south":{"uv":[9.0,4.3125,9.5625,5.0625],"rotation":0,"texture":"#0","tintindex":0},"north":{"uv":[9.0,3.5625,9.5625,4.3125],"rotation":0,"texture":"#0","tintindex":0},"west":{"uv":[4.375,1.25,4.8125,2.0],"rotation":0,"texture":"#0","tintindex":0},"up":{"uv":[3.625,10.5625,3.0625,10.125],"rotation":0,"texture":"#0","tintindex":0},"down":{"uv":[3.0625,10.1875,2.5,10.625],"rotation":0,"texture":"#0","tintindex":0}}},{"from":[5.2,0.08571386,5.428571],"to":[6.9142857,2.1999998,6.1714287],"rotation":{"angle":22.5,"axis":"y","origin":[6.0571427,0.9999995,5.8]},"faces":{"east":{"uv":[5.875,6.9375,5.9375,7.1875],"rotation":0,"texture":"#0","tintindex":0},"south":{"uv":[1.8125,10.75,2.0,11.0],"rotation":0,"texture":"#0","tintindex":0},"north":{"uv":[1.625,10.75,1.8125,11.0],"rotation":0,"texture":"#0","tintindex":0},"west":{"uv":[7.0625,4.0,7.125,4.25],"rotation":0,"texture":"#0","tintindex":0},"up":{"uv":[8.0,7.3125,7.8125,7.25],"rotation":0,"texture":"#0","tintindex":0},"down":{"uv":[8.0625,3.9375,7.875,4.0],"rotation":0,"texture":"#0","tintindex":0}}},{"from":[7.257143,0.08571386,5.0857143],"to":[8.971429,2.1999998,5.8285713],"rotation":{"angle":0.0,"axis":"y","origin":[8.171429,5.2571425,9.457143]},"faces":{"east":{"uv":[5.875,7.1875,5.9375,7.4375],"rotation":0,"texture":"#0","tintindex":0},"south":{"uv":[3.75,10.75,3.9375,11.0],"rotation":0,"texture":"#0","tintindex":0},"north":{"uv":[3.5625,10.75,3.75,11.0],"rotation":0,"texture":"#0","tintindex":0},"west":{"uv":[5.4375,7.9375,5.5,8.1875],"rotation":0,"texture":"#0","tintindex":0},"up":{"uv":[8.0625,6.0625,7.875,6.0],"rotation":0,"texture":"#0","tintindex":0},"down":{"uv":[8.1875,7.25,8.0,7.3125],"rotation":0,"texture":"#0","tintindex":0}}},{"from":[9.428572,0.08571386,5.428571],"to":[11.142858,2.1999998,6.1714287],"rotation":{"angle":-22.5,"axis":"y","origin":[10.285714,0.9999995,5.8]},"faces":{"east":{"uv":[8.125,7.0,8.1875,7.25],"rotation":0,"texture":"#0","tintindex":0},"south":{"uv":[4.375,10.75,4.5625,11.0],"rotation":0,"texture":"#0","tintindex":0},"north":{"uv":[3.9375,10.75,4.125,11.0],"rotation":0,"texture":"#0","tintindex":0},"west":{"uv":[5.4375,8.1875,5.5,8.4375],"rotation":0,"texture":"#0","tintindex":0},"up":{"uv":[3.9375,8.125,3.75,8.0625],"rotation":0,"texture":"#0","tintindex":0},"down":{"uv":[8.25,3.9375,8.0625,4.0],"rotation":0,"texture":"#0","tintindex":0}}}],"display":{"head":{"translation":[0.0,-6.4,0.0],"scale":[4.0,4.0,4.0]}}}