{"textures":{"0":"modelengine:entity/rhino"},"elements":[{"from":[4.1142855,3.4571428,4.8857145],"to":[10.4,9.0,10.057143],"rotation":{"angle":0.0,"axis":"y","origin":[7.257143,8.542857,6.6285715]},"faces":{"east":{"uv":[10.0625,6.625,9.5,7.25],"rotation":0,"texture":"#0","tintindex":0},"south":{"uv":[7.125,8.8125,6.4375,9.4375],"rotation":0,"texture":"#0","tintindex":0},"north":{"uv":[6.4375,8.8125,5.75,9.4375],"rotation":0,"texture":"#0","tintindex":0},"west":{"uv":[1.25,9.5,0.6875,10.125],"rotation":0,"texture":"#0","tintindex":0},"up":{"uv":[9.3125,2.3125,10.0,1.75],"rotation":0,"texture":"#0","tintindex":0},"down":{"uv":[9.375,5.0625,10.0625,5.625],"rotation":0,"texture":"#0","tintindex":0}}},{"from":[4.285714,-2.0571432,4.2],"to":[10.228572,0.79999924,10.2],"rotation":{"angle":0.0,"axis":"y","origin":[7.257143,3.1142855,7.8285713]},"faces":{"east":{"uv":[5.625,10.4375,5.0,10.75],"rotation":0,"texture":"#0","tintindex":0},"south":{"uv":[5.0,10.4375,4.375,10.75],"rotation":0,"texture":"#0","tintindex":0},"north":{"uv":[1.5,10.4375,0.875,10.75],"rotation":0,"texture":"#0","tintindex":0},"west":{"uv":[2.125,10.4375,1.5,10.75],"rotation":0,"texture":"#0","tintindex":0},"up":{"uv":[9.0625,6.625,9.6875,6.0],"rotation":0,"texture":"#0","tintindex":0},"down":{"uv":[9.3125,1.125,9.9375,1.75],"rotation":0,"texture":"#0","tintindex":0}}},{"from":[4.685714,-1.742857,4.942857],"to":[9.828571,5.685714,9.857143],"rotation":{"angle":0.0,"axis":"y","origin":[7.257143,1.9714284,7.8285713]},"faces":{"east":{"uv":[9.125,7.8125,8.5625,8.625],"rotation":0,"texture":"#0","tintindex":0},"south":{"uv":[5.75,8.5625,5.1875,9.375],"rotation":0,"texture":"#0","tintindex":0},"north":{"uv":[0.5625,8.4375,0.0,9.25],"rotation":0,"texture":"#0","tintindex":0},"west":{"uv":[2.6875,8.5625,2.125,9.375],"rotation":0,"texture":"#0","tintindex":0},"up":{"uv":[1.25,10.1875,1.8125,9.625],"rotation":0,"texture":"#0","tintindex":0},"down":{"uv":[9.6875,8.4375,10.25,9.0],"rotation":0,"texture":"#0","tintindex":0}}},{"from":[8.514286,-2.0571432,3.7999997],"to":[10.228572,0.057142735,4.542857],"rotation":{"angle":-22.5,"axis":"y","origin":[9.3714285,-1.1428576,4.1714287]},"faces":{"east":{"uv":[3.25,5.4375,3.1875,5.6875],"rotation":0,"texture":"#0","tintindex":0},"south":{"uv":[10.8125,10.625,10.625,10.875],"rotation":0,"texture":"#0","tintindex":0},"north":{"uv":[10.8125,10.375,10.625,10.625],"rotation":0,"texture":"#0","tintindex":0},"west":{"uv":[1.125,5.0625,1.0625,5.3125],"rotation":0,"texture":"#0","tintindex":0},"up":{"uv":[3.9375,5.9375,4.125,5.875],"rotation":0,"texture":"#0","tintindex":0},"down":{"uv":[6.3125,5.375,6.5,5.4375],"rotation":0,"texture":"#0","tintindex":0}}},{"from":[6.457143,-2.0571432,3.4571428],"to":[8.171429,0.057142735,4.2],"rotation":{"angle":0.0,"axis":"y","origin":[7.257143,3.1142855,7.8285713]},"faces":{"east":{"uv":[3.5625,4.125,3.5,4.375],"rotation":0,"texture":"#0","tintindex":0},"south":{"uv":[1.8125,10.1875,1.625,10.4375],"rotation":0,"texture":"#0","tintindex":0},"north":{"uv":[5.9375,7.5,5.75,7.75],"rotation":0,"texture":"#0","tintindex":0},"west":{"uv":[3.5625,2.25,3.5,2.5],"rotation":0,"texture":"#0","tintindex":0},"up":{"uv":[3.125,2.6875,3.3125,2.625],"rotation":0,"texture":"#0","tintindex":0},"down":{"uv":[3.3125,2.625,3.5,2.6875],"rotation":0,"texture":"#0","tintindex":0}}},{"from":[4.285714,-2.0571432,3.7999997],"to":[6.0,0.057142735,4.542857],"rotation":{"angle":22.5,"axis":"y","origin":[5.142857,-1.1428576,4.1714287]},"faces":{"east":{"uv":[3.5625,4.375,3.5,4.625],"rotation":0,"texture":"#0","tintindex":0},"south":{"uv":[3.0625,10.625,2.875,10.875],"rotation":0,"texture":"#0","tintindex":0},"north":{"uv":[10.75,8.1875,10.5625,8.4375],"rotation":0,"texture":"#0","tintindex":0},"west":{"uv":[4.375,0.75,4.3125,1.0],"rotation":0,"texture":"#0","tintindex":0},"up":{"uv":[4.375,2.25,4.5625,2.1875],"rotation":0,"texture":"#0","tintindex":0},"down":{"uv":[4.5625,2.1875,4.75,2.25],"rotation":0,"texture":"#0","tintindex":0}}}],"display":{"head":{"translation":[0.0,-6.4,0.0],"scale":[4.0,4.0,4.0]}}}