{"textures":{"0":"modelengine:entity/rhino"},"elements":[{"from":[4.5142856,0.38095236,6.642857],"to":[11.657143,4.5523806,12.3],"rotation":{"angle":-22.5,"axis":"x","origin":[3.6,2.180952,9.542857]},"faces":{"east":{"uv":[7.625,10.0,8.25,10.4375],"rotation":0,"texture":"#0","tintindex":0},"south":{"uv":[3.75,9.625,4.5,10.0625],"rotation":0,"texture":"#0","tintindex":0},"north":{"uv":[6.75,6.0625,7.5,6.5],"rotation":0,"texture":"#0","tintindex":0},"west":{"uv":[8.25,10.0,8.875,10.4375],"rotation":0,"texture":"#0","tintindex":0},"up":{"uv":[9.0,4.5625,8.25,3.9375],"rotation":0,"texture":"#0","tintindex":0},"down":{"uv":[9.0,4.5625,8.25,5.1875],"rotation":0,"texture":"#0","tintindex":0}}},{"from":[4.457143,2.7796917,4.663254],"to":[11.714286,12.351121,11.948968],"rotation":{"angle":0.0,"axis":"x","origin":[3.6,7.5654063,8.320396]},"faces":{"east":{"uv":[0.0,6.1875,0.8125,7.25],"rotation":0,"texture":"#0","tintindex":0},"south":{"uv":[6.3125,4.3125,7.125,5.375],"rotation":0,"texture":"#0","tintindex":0},"north":{"uv":[5.9375,5.4375,6.75,6.5],"rotation":0,"texture":"#0","tintindex":0},"west":{"uv":[0.8125,6.375,1.625,7.4375],"rotation":0,"texture":"#0","tintindex":0},"up":{"uv":[8.125,2.3125,7.3125,1.5],"rotation":0,"texture":"#0","tintindex":0},"down":{"uv":[8.125,2.3125,7.3125,3.125],"rotation":0,"texture":"#0","tintindex":0}}}],"display":{"head":{"translation":[0.0,-6.4,0.0],"scale":[4.0,4.0,4.0]}}}