{"textures":{"0":"modelengine:entity/rhino"},"elements":[{"from":[2.9142857,0.8666663,5.242857],"to":[9.828571,12.466667,10.8714285],"rotation":{"angle":22.5,"axis":"z","origin":[8.342857,7.9809523,7.214286]},"faces":{"east":{"uv":[4.875,6.6875,5.5,7.9375],"rotation":0,"texture":"#0","tintindex":0},"south":{"uv":[5.75,0.9375,6.5,2.1875],"rotation":0,"texture":"#0","tintindex":0},"north":{"uv":[5.1875,5.4375,5.9375,6.6875],"rotation":0,"texture":"#0","tintindex":0},"west":{"uv":[3.9375,6.875,4.5625,8.125],"rotation":0,"texture":"#0","tintindex":0},"up":{"uv":[5.875,10.0,6.4375,10.5],"rotation":270,"texture":"#0","tintindex":0},"down":{"uv":[8.5625,8.1875,7.8125,8.8125],"rotation":0,"texture":"#0","tintindex":0}}}],"display":{"head":{"translation":[0.0,-6.4,0.0],"scale":[4.0,4.0,4.0]}}}