{"textures":{"0":"modelengine:entity/rhino"},"elements":[{"from":[3.485714,-10.081396,-0.27664948],"to":[14.742857,0.4043193,13.7233515],"rotation":{"angle":0.0,"axis":"x","origin":[9.214286,-2.1902685,6.0619726]},"faces":{"east":{"uv":[0.0,1.5625,1.5625,2.6875],"rotation":0,"texture":"#0","tintindex":0},"south":{"uv":[3.5625,2.25,4.8125,3.375],"rotation":0,"texture":"#0","tintindex":0},"north":{"uv":[3.125,1.125,4.375,2.25],"rotation":0,"texture":"#0","tintindex":0},"west":{"uv":[1.5625,1.5625,3.125,2.6875],"rotation":0,"texture":"#0","tintindex":0},"up":{"uv":[1.25,1.5625,0.0,0.0],"rotation":0,"texture":"#0","tintindex":0},"down":{"uv":[2.5,0.0,1.25,1.5625],"rotation":0,"texture":"#0","tintindex":0}}},{"from":[4.685714,-11.395681,3.723351],"to":[13.828571,-9.109966,15.380494],"rotation":{"angle":0.0,"axis":"x","origin":[9.214286,-2.1902685,6.0619726]},"faces":{"east":{"uv":[9.625,2.8125,10.875,3.0625],"rotation":0,"texture":"#0","tintindex":0},"south":{"uv":[0.625,10.1875,1.625,10.4375],"rotation":0,"texture":"#0","tintindex":0},"north":{"uv":[9.8125,10.125,10.8125,10.375],"rotation":0,"texture":"#0","tintindex":0},"west":{"uv":[10.0,1.5625,11.25,1.8125],"rotation":0,"texture":"#0","tintindex":0},"up":{"uv":[5.375,1.25,4.375,0.0],"rotation":0,"texture":"#0","tintindex":0},"down":{"uv":[4.25,4.625,3.25,5.875],"rotation":0,"texture":"#0","tintindex":0}}},{"from":[5.0857143,-11.560696,3.1716719],"to":[13.485715,-9.274982,7.4573865],"rotation":{"angle":22.5,"axis":"x","origin":[9.214286,-2.1902685,6.0619726]},"faces":{"east":{"uv":[7.625,7.0,8.125,7.25],"rotation":0,"texture":"#0","tintindex":0},"south":{"uv":[10.3125,2.25,11.25,2.5],"rotation":0,"texture":"#0","tintindex":0},"north":{"uv":[10.25,9.3125,11.1875,9.5625],"rotation":0,"texture":"#0","tintindex":0},"west":{"uv":[5.75,8.5625,6.25,8.8125],"rotation":0,"texture":"#0","tintindex":0},"up":{"uv":[9.375,0.5,8.4375,0.0],"rotation":0,"texture":"#0","tintindex":0},"down":{"uv":[9.375,3.0625,8.4375,3.5625],"rotation":0,"texture":"#0","tintindex":0}}},{"from":[4.0857143,-6.9070454,1.459331],"to":[14.057143,3.092955,14.745047],"rotation":{"angle":0.0,"axis":"y","origin":[9.285714,-1.3356161,6.7450457]},"faces":{"east":{"uv":[2.5,0.0,3.9375,1.125],"rotation":0,"texture":"#0","tintindex":0},"south":{"uv":[0.0,5.0625,1.0625,6.1875],"rotation":0,"texture":"#0","tintindex":0},"north":{"uv":[4.6875,3.375,5.75,4.5],"rotation":0,"texture":"#0","tintindex":0},"west":{"uv":[0.0,2.6875,1.4375,3.8125],"rotation":0,"texture":"#0","tintindex":0},"up":{"uv":[2.5,4.125,1.4375,2.6875],"rotation":0,"texture":"#0","tintindex":0},"down":{"uv":[3.5625,2.6875,2.5,4.125],"rotation":0,"texture":"#0","tintindex":0}}},{"from":[4.8,-4.069666,-1.7507267],"to":[13.342857,4.6160493,4.16356],"rotation":{"angle":22.5,"axis":"x","origin":[9.285714,-0.72680855,1.1349883]},"faces":{"east":{"uv":[4.5625,7.9375,5.1875,8.875],"rotation":0,"texture":"#0","tintindex":0},"south":{"uv":[3.9375,5.9375,4.875,6.875],"rotation":0,"texture":"#0","tintindex":0},"north":{"uv":[5.875,10.0,6.4375,10.5],"rotation":270,"texture":"#0","tintindex":0},"west":{"uv":[8.125,1.5,8.75,2.4375],"rotation":0,"texture":"#0","tintindex":0},"up":{"uv":[8.8125,6.0,7.875,5.375],"rotation":0,"texture":"#0","tintindex":0},"down":{"uv":[9.0625,2.4375,8.125,3.0625],"rotation":0,"texture":"#0","tintindex":0}}},{"from":[4.0857143,-6.641094,-5.607869],"to":[14.057143,5.187478,2.8778458],"rotation":{"angle":-22.5,"axis":"x","origin":[9.285714,-0.72680855,1.1349883]},"faces":{"east":{"uv":[5.75,1.25,4.8125,2.5625],"rotation":0,"texture":"#0","tintindex":0},"south":{"uv":[2.1875,4.125,3.25,5.4375],"rotation":0,"texture":"#0","tintindex":0},"north":{"uv":[1.125,4.125,2.1875,5.4375],"rotation":0,"texture":"#0","tintindex":0},"west":{"uv":[4.8125,1.25,5.75,2.5625],"rotation":0,"texture":"#0","tintindex":0},"up":{"uv":[2.125,6.375,1.0625,5.4375],"rotation":0,"texture":"#0","tintindex":0},"down":{"uv":[3.1875,5.4375,2.125,6.375],"rotation":0,"texture":"#0","tintindex":0}}},{"from":[4.2571425,-10.509968,9.09478],"to":[14.257143,0.6614623,15.49478],"rotation":{"angle":0.0,"axis":"x","origin":[9.257143,-4.281396,12.29478]},"faces":{"east":{"uv":[2.4375,6.375,3.125,7.625],"rotation":0,"texture":"#0","tintindex":0},"south":{"uv":[0.0,3.8125,1.125,5.0625],"rotation":0,"texture":"#0","tintindex":0},"north":{"uv":[3.5625,3.375,4.6875,4.625],"rotation":0,"texture":"#0","tintindex":0},"west":{"uv":[5.9375,6.5,6.625,7.75],"rotation":0,"texture":"#0","tintindex":0},"up":{"uv":[7.875,6.0625,6.75,5.375],"rotation":0,"texture":"#0","tintindex":0},"down":{"uv":[8.25,4.0,7.125,4.6875],"rotation":0,"texture":"#0","tintindex":0}}},{"from":[4.2571425,-6.8813953,12.151922],"to":[14.571428,1.6900339,18.29478],"rotation":{"angle":22.5,"axis":"x","origin":[9.2,-3.8813953,16.866209]},"faces":{"east":{"uv":[2.1875,7.625,2.875,8.5625],"rotation":0,"texture":"#0","tintindex":0},"south":{"uv":[5.375,0.0,6.5,0.9375],"rotation":0,"texture":"#0","tintindex":0},"north":{"uv":[5.1875,4.5,6.3125,5.4375],"rotation":0,"texture":"#0","tintindex":0},"west":{"uv":[7.625,6.0625,8.3125,7.0],"rotation":0,"texture":"#0","tintindex":0},"up":{"uv":[8.25,5.375,7.125,4.6875],"rotation":0,"texture":"#0","tintindex":0},"down":{"uv":[8.4375,0.0,7.3125,0.6875],"rotation":0,"texture":"#0","tintindex":0}}},{"from":[5.542857,-1.4795256,15.628551],"to":[12.857143,4.634761,18.59998],"rotation":{"angle":45.0,"axis":"x","origin":[9.214286,-2.1902685,6.0619726]},"faces":{"east":{"uv":[4.875,5.9375,5.1875,6.625],"rotation":0,"texture":"#0","tintindex":0},"south":{"uv":[6.25,8.125,7.0625,8.8125],"rotation":0,"texture":"#0","tintindex":0},"north":{"uv":[3.75,8.125,4.5625,8.8125],"rotation":0,"texture":"#0","tintindex":0},"west":{"uv":[4.5625,6.875,4.875,7.5625],"rotation":0,"texture":"#0","tintindex":0},"up":{"uv":[10.9375,0.6875,10.125,0.375],"rotation":0,"texture":"#0","tintindex":0},"down":{"uv":[10.9375,0.6875,10.125,1.0],"rotation":0,"texture":"#0","tintindex":0}}}],"display":{"head":{"translation":[0.0,-6.4,0.0],"scale":[4.0,4.0,4.0]}}}