{"textures":{"0":"modelengine:entity/zebra"},"elements":[{"from":[8.204689,4.6511946,5.1458664],"to":[9.10483,6.395216,5.9897475],"rotation":{"angle":-45.0,"axis":"x","origin":[7.438036,10.507229,4.674236]},"faces":{"east":{"uv":[6.625,4.375,7.0,5.125],"rotation":0,"texture":"#0","tintindex":0},"south":{"uv":[0.0,6.75,0.375,7.5],"rotation":0,"texture":"#0","tintindex":0},"north":{"uv":[6.5,6.5,6.875,7.25],"rotation":0,"texture":"#0","tintindex":0},"west":{"uv":[6.75,0.0,7.125,0.75],"rotation":0,"texture":"#0","tintindex":0},"up":{"uv":[7.875,1.875,7.5,1.5],"rotation":0,"texture":"#0","tintindex":0},"down":{"uv":[7.875,1.875,7.5,2.25],"rotation":0,"texture":"#0","tintindex":0}}},{"from":[8.317207,5.7224345,8.889858],"to":[8.9923115,7.353938,9.621222],"rotation":{"angle":0.0,"axis":"x","origin":[7.438036,10.507229,4.674236]},"faces":{"east":{"uv":[6.25,7.25,6.5,7.875],"rotation":0,"texture":"#0","tintindex":0},"south":{"uv":[7.25,6.375,7.5,7.0],"rotation":0,"texture":"#0","tintindex":0},"north":{"uv":[6.0,7.25,6.25,7.875],"rotation":0,"texture":"#0","tintindex":0},"west":{"uv":[6.5,7.25,6.75,7.875],"rotation":0,"texture":"#0","tintindex":0},"up":{"uv":[8.125,3.5,7.875,3.25],"rotation":0,"texture":"#0","tintindex":0},"down":{"uv":[3.625,7.875,3.375,8.125],"rotation":0,"texture":"#0","tintindex":0}}},{"from":[8.204689,5.1598473,8.721082],"to":[9.10483,5.7224345,9.508704],"rotation":{"angle":0.0,"axis":"y","origin":[7.438036,10.507229,4.674236]},"faces":{"east":{"uv":[7.75,6.625,8.125,6.875],"rotation":0,"texture":"#0","tintindex":0},"south":{"uv":[7.25,7.75,7.625,8.0],"rotation":0,"texture":"#0","tintindex":0},"north":{"uv":[7.75,6.375,8.125,6.625],"rotation":0,"texture":"#0","tintindex":0},"west":{"uv":[0.0,7.875,0.375,8.125],"rotation":0,"texture":"#0","tintindex":0},"up":{"uv":[7.875,2.625,7.5,2.25],"rotation":0,"texture":"#0","tintindex":0},"down":{"uv":[2.875,7.5,2.5,7.875],"rotation":0,"texture":"#0","tintindex":0}}}],"display":{"head":{"translation":[0.0,-6.4,0.0],"scale":[4.0,4.0,4.0]}}}