{"textures":{"0":"modelengine:entity/zebra"},"elements":[{"from":[8.33419,4.355253,6.87269],"to":[9.346848,6.4627457,7.937186],"rotation":{"angle":-22.5,"axis":"x","origin":[7.623796,7.897363,5.1748695]},"faces":{"east":{"uv":[4.75,4.625,5.25,5.5],"rotation":0,"texture":"#0","tintindex":0},"south":{"uv":[5.875,4.625,6.25,5.5],"rotation":0,"texture":"#0","tintindex":0},"north":{"uv":[5.875,3.75,6.25,4.625],"rotation":0,"texture":"#0","tintindex":0},"west":{"uv":[5.125,1.75,5.625,2.625],"rotation":0,"texture":"#0","tintindex":0},"up":{"uv":[1.625,7.625,1.25,7.125],"rotation":0,"texture":"#0","tintindex":0},"down":{"uv":[2.0,7.125,1.625,7.625],"rotation":0,"texture":"#0","tintindex":0}}},{"from":[7.9403796,7.0579653,7.2567935],"to":[9.403107,8.576952,8.689181],"rotation":{"angle":0.0,"axis":"x","origin":[7.623796,8.325934,5.1748695]},"faces":{"east":{"uv":[5.375,0.625,6.0,1.25],"rotation":0,"texture":"#0","tintindex":0},"south":{"uv":[2.875,5.375,3.5,6.0],"rotation":0,"texture":"#0","tintindex":0},"north":{"uv":[5.375,0.0,6.0,0.625],"rotation":0,"texture":"#0","tintindex":0},"west":{"uv":[5.625,1.25,6.25,1.875],"rotation":0,"texture":"#0","tintindex":0},"up":{"uv":[6.25,2.5,5.625,1.875],"rotation":0,"texture":"#0","tintindex":0},"down":{"uv":[2.875,5.625,2.25,6.25],"rotation":0,"texture":"#0","tintindex":0}}}],"display":{"head":{"translation":[0.0,-6.4,0.0],"scale":[4.0,4.0,4.0]}}}