{"textures":{"0":"modelengine:entity/zebra"},"elements":[{"from":[7.6658025,4.716012,6.8547416],"to":[8.337668,5.9323263,7.501717],"rotation":{"angle":45.0,"axis":"x","origin":[8.001736,5.324169,7.409658]},"faces":{"east":{"uv":[3.25,6.0,3.5,6.5],"rotation":0,"texture":"#0","tintindex":0},"south":{"uv":[0.75,7.5,1.0,8.0],"rotation":0,"texture":"#0","tintindex":0},"north":{"uv":[5.375,1.25,5.625,1.75],"rotation":0,"texture":"#0","tintindex":0},"west":{"uv":[4.875,7.5,5.125,8.0],"rotation":0,"texture":"#0","tintindex":0},"up":{"uv":[4.25,6.0,4.0,5.75],"rotation":0,"texture":"#0","tintindex":0},"down":{"uv":[7.25,5.25,7.0,5.5],"rotation":0,"texture":"#0","tintindex":0}}},{"from":[7.8511415,6.605317,7.699492],"to":[8.156996,8.259408,8.100041],"rotation":{"angle":0.0,"axis":"y","origin":[8.004068,7.1623626,7.662624]},"faces":{"east":{"uv":[2.625,6.25,2.875,6.875],"rotation":0,"texture":"#0","tintindex":0},"south":{"uv":[5.5,7.125,5.75,7.75],"rotation":0,"texture":"#0","tintindex":0},"north":{"uv":[5.625,3.75,5.875,4.375],"rotation":0,"texture":"#0","tintindex":0},"west":{"uv":[7.25,1.5,7.5,2.125],"rotation":0,"texture":"#0","tintindex":0},"up":{"uv":[2.25,8.125,2.0,7.875],"rotation":0,"texture":"#0","tintindex":0},"down":{"uv":[2.5,7.875,2.25,8.125],"rotation":0,"texture":"#0","tintindex":0}}},{"from":[7.7082844,5.8338885,7.853778],"to":[8.299852,6.8708367,8.397184],"rotation":{"angle":22.5,"axis":"x","origin":[8.004068,7.1623626,7.662624]},"faces":{"east":{"uv":[7.875,1.0,8.125,1.375],"rotation":0,"texture":"#0","tintindex":0},"south":{"uv":[7.875,1.5,8.125,1.875],"rotation":0,"texture":"#0","tintindex":0},"north":{"uv":[1.0,7.875,1.25,8.25],"rotation":0,"texture":"#0","tintindex":0},"west":{"uv":[7.875,1.875,8.125,2.25],"rotation":0,"texture":"#0","tintindex":0},"up":{"uv":[8.125,8.125,7.875,7.875],"rotation":0,"texture":"#0","tintindex":0},"down":{"uv":[1.0,8.0,0.75,8.25],"rotation":0,"texture":"#0","tintindex":0}}}],"display":{"head":{"translation":[0.0,-6.4,0.0],"scale":[4.0,4.0,4.0]}}}