{"textures":{"0":"modelengine:entity/miner_zombie"},"elements":[{"from":[5.714286,1.1428566,6.857143],"to":[10.285714,8.0,9.142858],"rotation":{"angle":0.0,"axis":"y","origin":[8.0,4.5714283,8.0]},"faces":{"east":{"uv":[0.0,9.0,1.0,12.0],"rotation":0,"texture":"#0","tintindex":0},"south":{"uv":[5.0,3.0,7.0,6.0],"rotation":0,"texture":"#0","tintindex":0},"north":{"uv":[4.5,0.0,6.5,3.0],"rotation":0,"texture":"#0","tintindex":0},"west":{"uv":[1.0,9.0,2.0,12.0],"rotation":0,"texture":"#0","tintindex":0},"up":{"uv":[12.0,2.5,10.0,1.5],"rotation":0,"texture":"#0","tintindex":0},"down":{"uv":[12.0,2.5,10.0,3.5],"rotation":0,"texture":"#0","tintindex":0}}},{"from":[5.485714,0.5714283,6.1714287],"to":[10.6285715,8.0,9.6],"rotation":{"angle":0.0,"axis":"y","origin":[8.0,8.0,8.0]},"faces":{"east":{"uv":[0.0,5.75,1.5,9.0],"rotation":0,"texture":"#0","tintindex":0},"south":{"uv":[2.25,0.0,4.5,3.25],"rotation":0,"texture":"#0","tintindex":0},"north":{"uv":[0.0,0.0,2.25,3.25],"rotation":0,"texture":"#0","tintindex":0},"west":{"uv":[1.5,5.75,3.0,9.0],"rotation":0,"texture":"#0","tintindex":0},"up":{"uv":[9.25,9.5,7.0,8.0],"rotation":0,"texture":"#0","tintindex":0},"down":{"uv":[10.75,0.0,8.5,1.5],"rotation":0,"texture":"#0","tintindex":0}}}],"display":{"head":{"translation":[0.0,-6.4,0.0],"scale":[4.0,4.0,4.0]}}}