{"textures":{"0":"modelengine:entity/miner_zombie"},"elements":[{"from":[6.342857,2.2857141,6.857143],"to":[8.514286,6.285714,9.142858],"rotation":{"angle":22.5,"axis":"x","origin":[7.428571,5.714286,8.0]},"faces":{"east":{"uv":[6.0,10.0,7.0,11.75],"rotation":0,"texture":"#0","tintindex":0},"south":{"uv":[10.25,6.5,11.25,8.25],"rotation":0,"texture":"#0","tintindex":0},"north":{"uv":[5.0,10.0,6.0,11.75],"rotation":0,"texture":"#0","tintindex":0},"west":{"uv":[10.25,8.25,11.25,10.0],"rotation":0,"texture":"#0","tintindex":0},"up":{"uv":[8.0,13.5,7.0,12.5],"rotation":0,"texture":"#0","tintindex":0},"down":{"uv":[9.0,12.5,8.0,13.5],"rotation":0,"texture":"#0","tintindex":0}}},{"from":[6.285714,5.714286,6.857143],"to":[8.571428,9.142858,9.142858],"rotation":{"angle":0.0,"axis":"y","origin":[7.428571,5.714286,8.0]},"faces":{"east":{"uv":[5.0,11.75,6.0,13.25],"rotation":0,"texture":"#0","tintindex":0},"south":{"uv":[6.0,11.75,7.0,13.25],"rotation":0,"texture":"#0","tintindex":0},"north":{"uv":[11.25,11.5,12.25,13.0],"rotation":0,"texture":"#0","tintindex":0},"west":{"uv":[10.0,11.75,11.0,13.25],"rotation":0,"texture":"#0","tintindex":0},"up":{"uv":[13.75,1.0,12.75,0.0],"rotation":0,"texture":"#0","tintindex":0},"down":{"uv":[4.0,12.75,3.0,13.75],"rotation":0,"texture":"#0","tintindex":0}}}],"display":{"head":{"translation":[0.0,-6.4,0.0],"scale":[4.0,4.0,4.0]}}}