{"textures":{"0":"modelengine:entity/miner_zombie"},"elements":[{"from":[6.9142857,1.1428566,6.857143],"to":[9.2,8.0,9.142858],"rotation":{"angle":0.0,"axis":"y","origin":[8.057143,4.5714283,8.0]},"faces":{"east":{"uv":[8.0,9.5,9.0,12.5],"rotation":0,"texture":"#0","tintindex":0},"south":{"uv":[3.0,9.75,4.0,12.75],"rotation":0,"texture":"#0","tintindex":0},"north":{"uv":[7.0,9.5,8.0,12.5],"rotation":0,"texture":"#0","tintindex":0},"west":{"uv":[4.0,9.75,5.0,12.75],"rotation":0,"texture":"#0","tintindex":0},"up":{"uv":[14.0,2.0,13.0,1.0],"rotation":0,"texture":"#0","tintindex":0},"down":{"uv":[14.0,2.0,13.0,3.0],"rotation":0,"texture":"#0","tintindex":0}}}],"display":{"head":{"translation":[0.0,-6.4,0.0],"scale":[4.0,4.0,4.0]}}}