{"textures":{"0":"modelengine:entity/cheetah"},"elements":[{"from":[7.52,4.822857,7.3142858],"to":[8.845715,8.068571,9.142858],"rotation":{"angle":0.0,"axis":"y","origin":[9.805715,5.691428,7.04]},"faces":{"east":{"uv":[1.25,5.25,2.125,6.875],"rotation":0,"texture":"#0","tintindex":0},"south":{"uv":[1.625,5.25,0.875,6.875],"rotation":0,"texture":"#0","tintindex":0},"north":{"uv":[1.25,5.25,2.0,7.0],"rotation":0,"texture":"#0","tintindex":0},"west":{"uv":[1.25,5.25,2.125,6.875],"rotation":0,"texture":"#0","tintindex":0},"up":{"uv":[1.25,0.0,0.0,4.0],"rotation":0,"texture":"#0","tintindex":0},"down":{"uv":[2.25,5.25,1.75,6.0],"rotation":0,"texture":"#0","tintindex":0}}},{"from":[7.337143,6.4228573,7.68],"to":[9.0742855,9.348572,9.965714],"rotation":{"angle":-22.5,"axis":"x","origin":[5.691428,6.7885714,8.502857]},"faces":{"east":{"uv":[10.0,0.0,8.75,1.375],"rotation":0,"texture":"#0","tintindex":0},"south":{"uv":[11.875,0.875,13.0,2.625],"rotation":0,"texture":"#0","tintindex":0},"north":{"uv":[11.875,0.875,13.0,2.625],"rotation":0,"texture":"#0","tintindex":0},"west":{"uv":[1.25,5.875,2.125,6.875],"rotation":0,"texture":"#0","tintindex":0},"up":{"uv":[1.0,5.75,1.875,6.75],"rotation":0,"texture":"#0","tintindex":0},"down":{"uv":[2.125,5.75,1.375,6.75],"rotation":0,"texture":"#0","tintindex":0}}}],"display":{"head":{"translation":[0.0,-6.4,0.0],"scale":[4.0,4.0,4.0]}}}