{"textures":{"0":"modelengine:entity/cheetah"},"elements":[{"from":[8.731428,2.3409991,7.4165654],"to":[10.148571,5.358142,8.74228],"rotation":{"angle":22.5,"axis":"x","origin":[10.651428,0.03502989,11.90919]},"faces":{"east":{"uv":[8.375,5.375,7.75,6.75],"rotation":0,"texture":"#0","tintindex":0},"south":{"uv":[1.25,5.5,1.875,7.0],"rotation":0,"texture":"#0","tintindex":0},"north":{"uv":[1.875,5.5,1.125,7.0],"rotation":0,"texture":"#0","tintindex":0},"west":{"uv":[8.5,5.375,7.75,6.75],"rotation":0,"texture":"#0","tintindex":0},"up":{"uv":[6.0,5.25,6.5,5.875],"rotation":0,"texture":"#0","tintindex":0},"down":{"uv":[8.875,4.375,9.375,5.0],"rotation":0,"texture":"#0","tintindex":0}}},{"from":[8.914286,4.5035634,7.415433],"to":[10.011429,6.2407064,11.575433],"rotation":{"angle":45.0,"axis":"x","origin":[0.50285673,6.867384,11.49024]},"faces":{"east":{"uv":[10.75,1.5,9.25,2.25],"rotation":0,"texture":"#0","tintindex":0},"south":{"uv":[0.875,5.25,1.625,6.875],"rotation":0,"texture":"#0","tintindex":0},"north":{"uv":[1.875,5.25,1.125,7.0],"rotation":0,"texture":"#0","tintindex":0},"west":{"uv":[10.75,1.5,9.25,2.25],"rotation":0,"texture":"#0","tintindex":0},"up":{"uv":[1.375,5.25,2.0,6.875],"rotation":0,"texture":"#0","tintindex":0},"down":{"uv":[1.375,5.25,2.0,6.875],"rotation":0,"texture":"#0","tintindex":0}}},{"from":[8.424229,3.2028594,7.990658],"to":[10.4201145,3.9132595,9.918886],"rotation":{"angle":0.0,"axis":"y","origin":[9.455055,3.0740628,9.326759]},"faces":{"east":{"uv":[7.75,5.125,8.5,5.5],"rotation":0,"texture":"#0","tintindex":0},"south":{"uv":[6.0,6.0,6.75,5.625],"rotation":0,"texture":"#0","tintindex":0},"north":{"uv":[6.125,5.0,6.875,4.625],"rotation":0,"texture":"#0","tintindex":0},"west":{"uv":[8.5,5.125,7.75,5.5],"rotation":0,"texture":"#0","tintindex":0},"up":{"uv":[5.875,6.25,6.75,5.5],"rotation":0,"texture":"#0","tintindex":0},"down":{"uv":[2.375,0.375,3.125,1.125],"rotation":0,"texture":"#0","tintindex":0}}},{"from":[9.672605,3.1521168,7.3965816],"to":[9.875576,3.5580597,7.8025246],"rotation":{"angle":-22.5,"axis":"y","origin":[9.455055,3.0740628,9.428245]},"faces":{"east":{"uv":[9.0,4.375,9.375,4.75],"rotation":0,"texture":"#0","tintindex":0},"south":{"uv":[9.0,4.375,9.375,4.75],"rotation":0,"texture":"#0","tintindex":0},"north":{"uv":[9.0,4.375,9.375,4.75],"rotation":0,"texture":"#0","tintindex":0},"west":{"uv":[9.0,4.375,9.375,4.75],"rotation":0,"texture":"#0","tintindex":0},"up":{"uv":[9.0,4.375,9.375,4.75],"rotation":0,"texture":"#0","tintindex":0},"down":{"uv":[9.0,4.375,9.375,4.75],"rotation":0,"texture":"#0","tintindex":0}}},{"from":[9.405257,3.1521168,7.3479147],"to":[9.608229,3.5580597,7.7538576],"rotation":{"angle":0.0,"axis":"y","origin":[9.455055,3.0740628,9.428245]},"faces":{"east":{"uv":[9.0,4.375,9.375,4.75],"rotation":0,"texture":"#0","tintindex":0},"south":{"uv":[9.0,4.375,9.375,4.75],"rotation":0,"texture":"#0","tintindex":0},"north":{"uv":[9.0,4.375,9.375,4.75],"rotation":0,"texture":"#0","tintindex":0},"west":{"uv":[9.0,4.375,9.375,4.75],"rotation":0,"texture":"#0","tintindex":0},"up":{"uv":[9.0,4.375,9.375,4.75],"rotation":0,"texture":"#0","tintindex":0},"down":{"uv":[9.0,4.375,9.375,4.75],"rotation":0,"texture":"#0","tintindex":0}}},{"from":[8.999877,3.1521168,7.4102507],"to":[9.202848,3.5580597,7.8161936],"rotation":{"angle":22.5,"axis":"y","origin":[9.455055,3.0740628,9.428245]},"faces":{"east":{"uv":[9.0,4.375,9.375,4.75],"rotation":0,"texture":"#0","tintindex":0},"south":{"uv":[9.0,4.375,9.375,4.75],"rotation":0,"texture":"#0","tintindex":0},"north":{"uv":[9.0,4.375,9.375,4.75],"rotation":0,"texture":"#0","tintindex":0},"west":{"uv":[9.0,4.375,9.375,4.75],"rotation":0,"texture":"#0","tintindex":0},"up":{"uv":[9.0,4.375,9.375,4.75],"rotation":0,"texture":"#0","tintindex":0},"down":{"uv":[9.0,4.375,9.375,4.75],"rotation":0,"texture":"#0","tintindex":0}}},{"from":[8.644105,3.2366881,7.514803],"to":[9.455991,3.980917,8.52966],"rotation":{"angle":22.5,"axis":"y","origin":[9.455055,3.0740628,9.326759]},"faces":{"east":{"uv":[0.375,5.375,0.75,5.75],"rotation":0,"texture":"#0","tintindex":0},"south":{"uv":[0.375,5.375,0.75,5.75],"rotation":0,"texture":"#0","tintindex":0},"north":{"uv":[0.375,5.375,0.75,5.75],"rotation":0,"texture":"#0","tintindex":0},"west":{"uv":[0.375,5.375,0.75,5.75],"rotation":0,"texture":"#0","tintindex":0},"up":{"uv":[0.375,5.375,0.75,5.75],"rotation":0,"texture":"#0","tintindex":0},"down":{"uv":[0.375,5.375,0.75,5.75],"rotation":0,"texture":"#0","tintindex":0}}},{"from":[9.066972,3.2366881,7.4494004],"to":[9.912685,3.980917,8.464257],"rotation":{"angle":0.0,"axis":"y","origin":[9.455055,3.0740628,9.326759]},"faces":{"east":{"uv":[0.375,5.375,0.75,5.75],"rotation":0,"texture":"#0","tintindex":0},"south":{"uv":[0.375,5.375,0.75,5.75],"rotation":0,"texture":"#0","tintindex":0},"north":{"uv":[0.375,5.375,0.75,5.75],"rotation":0,"texture":"#0","tintindex":0},"west":{"uv":[0.375,5.375,0.75,5.75],"rotation":0,"texture":"#0","tintindex":0},"up":{"uv":[0.375,5.375,0.75,5.75],"rotation":0,"texture":"#0","tintindex":0},"down":{"uv":[0.375,5.375,0.75,5.75],"rotation":0,"texture":"#0","tintindex":0}}},{"from":[9.487119,3.2366881,7.5011344],"to":[10.163691,3.980917,8.515991],"rotation":{"angle":-22.5,"axis":"y","origin":[9.455055,3.0740628,9.326759]},"faces":{"east":{"uv":[0.375,5.375,0.75,5.75],"rotation":0,"texture":"#0","tintindex":0},"south":{"uv":[0.375,5.375,0.75,5.75],"rotation":0,"texture":"#0","tintindex":0},"north":{"uv":[0.375,5.375,0.75,5.75],"rotation":0,"texture":"#0","tintindex":0},"west":{"uv":[0.375,5.375,0.75,5.75],"rotation":0,"texture":"#0","tintindex":0},"up":{"uv":[0.375,5.375,0.75,5.75],"rotation":0,"texture":"#0","tintindex":0},"down":{"uv":[0.375,5.375,0.75,5.75],"rotation":0,"texture":"#0","tintindex":0}}}],"display":{"head":{"translation":[0.0,-6.4,0.0],"scale":[4.0,4.0,4.0]}}}