{"textures":{"0":"modelengine:entity/cheetah"},"elements":[{"from":[7.9885716,4.9942856,7.028571],"to":[9.314285,8.24,8.857143],"rotation":{"angle":0.0,"axis":"y","origin":[7.028571,5.862857,6.754286]},"faces":{"east":{"uv":[2.125,5.25,1.25,6.875],"rotation":0,"texture":"#0","tintindex":0},"south":{"uv":[0.875,5.25,1.625,6.875],"rotation":0,"texture":"#0","tintindex":0},"north":{"uv":[2.0,5.25,1.25,7.0],"rotation":0,"texture":"#0","tintindex":0},"west":{"uv":[2.125,5.25,1.25,6.875],"rotation":0,"texture":"#0","tintindex":0},"up":{"uv":[0.0,0.0,1.25,4.0],"rotation":0,"texture":"#0","tintindex":0},"down":{"uv":[1.75,5.25,2.25,6.0],"rotation":0,"texture":"#0","tintindex":0}}},{"from":[7.805714,6.5942855,7.3942857],"to":[9.542857,9.52,9.68],"rotation":{"angle":-22.5,"axis":"x","origin":[11.188572,6.96,8.217143]},"faces":{"east":{"uv":[2.125,5.875,1.25,6.875],"rotation":0,"texture":"#0","tintindex":0},"south":{"uv":[11.875,0.875,13.0,2.625],"rotation":0,"texture":"#0","tintindex":0},"north":{"uv":[11.875,0.875,13.0,2.625],"rotation":0,"texture":"#0","tintindex":0},"west":{"uv":[8.75,0.0,10.0,1.375],"rotation":0,"texture":"#0","tintindex":0},"up":{"uv":[1.875,5.75,1.0,6.75],"rotation":0,"texture":"#0","tintindex":0},"down":{"uv":[1.375,5.75,2.125,6.75],"rotation":0,"texture":"#0","tintindex":0}}}],"display":{"head":{"translation":[0.0,-6.4,0.0],"scale":[4.0,4.0,4.0]}}}