{"textures":{"0":"modelengine:entity/cheetah"},"elements":[{"from":[7.0742855,5.5725713,7.5771427],"to":[9.360001,9.184,10.365714],"rotation":{"angle":-22.5,"axis":"x","origin":[6.5714283,5.325714,7.44]},"faces":{"east":{"uv":[2.125,5.875,1.25,6.875],"rotation":0,"texture":"#0","tintindex":0},"south":{"uv":[2.0,5.625,1.125,6.625],"rotation":0,"texture":"#0","tintindex":0},"north":{"uv":[11.875,0.875,13.0,2.0],"rotation":0,"texture":"#0","tintindex":0},"west":{"uv":[8.75,0.0,10.0,1.375],"rotation":0,"texture":"#0","tintindex":0},"up":{"uv":[1.875,5.75,1.0,6.75],"rotation":0,"texture":"#0","tintindex":0},"down":{"uv":[1.375,5.75,2.125,6.75],"rotation":0,"texture":"#0","tintindex":0}}},{"from":[7.12,6.6514287,8.6285715],"to":[9.085714,9.988571,10.045714],"rotation":{"angle":0.0,"axis":"y","origin":[10.548572,4.0457144,6.937143]},"faces":{"east":{"uv":[1.375,5.5,2.125,6.875],"rotation":0,"texture":"#0","tintindex":0},"south":{"uv":[1.375,5.5,2.125,6.625],"rotation":0,"texture":"#0","tintindex":0},"north":{"uv":[13.0,0.875,11.875,2.0],"rotation":0,"texture":"#0","tintindex":0},"west":{"uv":[1.375,5.5,2.125,6.875],"rotation":0,"texture":"#0","tintindex":0},"up":{"uv":[1.0,6.375,1.75,6.75],"rotation":0,"texture":"#0","tintindex":0},"down":{"uv":[2.125,5.75,1.375,6.75],"rotation":0,"texture":"#0","tintindex":0}}}],"display":{"head":{"translation":[0.0,-6.4,0.0],"scale":[4.0,4.0,4.0]}}}