{"textures":{"0":"modelengine:entity/cheetah"},"elements":[{"from":[7.5186267,7.3287225,5.7526636],"to":[8.582161,8.196438,9.530848],"rotation":{"angle":45.0,"axis":"x","origin":[6.3475313,5.466427,7.8913136]},"faces":{"east":{"uv":[0.875,7.0,2.125,7.375],"rotation":0,"texture":"#0","tintindex":0},"south":{"uv":[2.25,5.625,2.75,6.875],"rotation":0,"texture":"#0","tintindex":0},"north":{"uv":[2.625,7.0,2.875,7.375],"rotation":0,"texture":"#0","tintindex":0},"west":{"uv":[0.875,7.0,2.125,7.375],"rotation":0,"texture":"#0","tintindex":0},"up":{"uv":[2.25,5.75,2.75,7.0],"rotation":0,"texture":"#0","tintindex":0},"down":{"uv":[2.25,5.75,2.75,7.0],"rotation":0,"texture":"#0","tintindex":0}}},{"from":[7.516081,4.946496,9.399698],"to":[8.584706,5.9345026,12.386843],"rotation":{"angle":22.5,"axis":"x","origin":[6.3475313,3.1242356,11.63882]},"faces":{"east":{"uv":[0.875,7.0,2.125,7.375],"rotation":0,"texture":"#0","tintindex":0},"south":{"uv":[2.25,5.625,2.75,6.875],"rotation":0,"texture":"#0","tintindex":0},"north":{"uv":[2.25,5.625,2.75,6.875],"rotation":0,"texture":"#0","tintindex":0},"west":{"uv":[0.875,7.0,2.125,7.375],"rotation":0,"texture":"#0","tintindex":0},"up":{"uv":[2.25,5.625,2.75,6.875],"rotation":0,"texture":"#0","tintindex":0},"down":{"uv":[2.25,5.625,2.75,6.875],"rotation":0,"texture":"#0","tintindex":0}}},{"from":[7.5966997,5.4013505,12.760233],"to":[8.504087,6.462338,15.132977],"rotation":{"angle":-22.5,"axis":"x","origin":[8.338394,5.451844,14.868204]},"faces":{"east":{"uv":[0.875,7.0,2.125,7.375],"rotation":0,"texture":"#0","tintindex":0},"south":{"uv":[2.25,5.625,2.75,6.875],"rotation":0,"texture":"#0","tintindex":0},"north":{"uv":[2.25,5.625,2.75,6.875],"rotation":0,"texture":"#0","tintindex":0},"west":{"uv":[0.875,7.0,2.125,7.375],"rotation":0,"texture":"#0","tintindex":0},"up":{"uv":[2.25,5.625,2.75,6.875],"rotation":0,"texture":"#0","tintindex":0},"down":{"uv":[2.25,5.625,2.75,6.875],"rotation":0,"texture":"#0","tintindex":0}}},{"from":[7.631281,7.634707,15.202775],"to":[8.431107,8.620168,17.283804],"rotation":{"angle":-45.0,"axis":"x","origin":[6.3475313,6.3969955,17.779186]},"faces":{"east":{"uv":[4.0,7.125,3.375,7.375],"rotation":0,"texture":"#0","tintindex":0},"south":{"uv":[9.0,4.375,9.375,4.75],"rotation":0,"texture":"#0","tintindex":0},"north":{"uv":[4.0,7.125,3.375,7.375],"rotation":0,"texture":"#0","tintindex":0},"west":{"uv":[4.0,7.125,3.375,7.375],"rotation":180,"texture":"#0","tintindex":0},"up":{"uv":[4.0,7.125,3.375,7.375],"rotation":270,"texture":"#0","tintindex":0},"down":{"uv":[4.0,7.125,3.375,7.375],"rotation":90,"texture":"#0","tintindex":0}}}],"display":{"head":{"translation":[0.0,-6.4,0.0],"scale":[4.0,4.0,4.0]}}}