{"textures":{"0":"modelengine:entity/nether_zombie"},"elements":[{"from":[8.0,8.123597,7.5311666],"to":[8.0,10.409311,8.674024],"rotation":{"angle":45.0,"axis":"x","origin":[7.3142858,9.495026,5.1311665]},"faces":{"east":{"uv":[4.5,10.5,5.0,11.5],"rotation":0,"texture":"#0","tintindex":0},"south":{"uv":[0.0,0.0,0.0,1.0],"rotation":0,"texture":"#0","tintindex":0},"north":{"uv":[0.0,0.0,0.0,1.0],"rotation":0,"texture":"#0","tintindex":0},"west":{"uv":[5.0,10.5,5.5,11.5],"rotation":0,"texture":"#0","tintindex":0},"up":{"uv":[0.0,0.5,0.0,0.0],"rotation":0,"texture":"#0","tintindex":0},"down":{"uv":[0.0,0.0,0.0,0.5],"rotation":0,"texture":"#0","tintindex":0}}},{"from":[6.857143,10.409311,6.9597383],"to":[9.142858,11.552169,9.245453],"rotation":{"angle":45.0,"axis":"x","origin":[7.3142858,9.495026,5.1311665]},"faces":{"east":{"uv":[7.0,10.25,8.0,10.75],"rotation":0,"texture":"#0","tintindex":0},"south":{"uv":[10.25,8.5,11.25,9.0],"rotation":0,"texture":"#0","tintindex":0},"north":{"uv":[10.25,2.5,11.25,3.0],"rotation":0,"texture":"#0","tintindex":0},"west":{"uv":[10.25,9.0,11.25,9.5],"rotation":0,"texture":"#0","tintindex":0},"up":{"uv":[10.0,8.5,9.0,7.5],"rotation":0,"texture":"#0","tintindex":0},"down":{"uv":[10.25,8.5,9.25,9.5],"rotation":0,"texture":"#0","tintindex":0}}},{"from":[7.428571,8.123597,8.102595],"to":[8.571428,10.409311,8.102595],"rotation":{"angle":45.0,"axis":"x","origin":[7.3142858,9.495026,5.1311665]},"faces":{"east":{"uv":[0.0,0.0,0.0,1.0],"rotation":0,"texture":"#0","tintindex":0},"south":{"uv":[4.0,10.5,4.5,11.5],"rotation":0,"texture":"#0","tintindex":0},"north":{"uv":[10.25,9.5,10.75,10.5],"rotation":0,"texture":"#0","tintindex":0},"west":{"uv":[0.0,0.0,0.0,1.0],"rotation":0,"texture":"#0","tintindex":0},"up":{"uv":[0.5,0.0,0.0,0.0],"rotation":0,"texture":"#0","tintindex":0},"down":{"uv":[0.5,0.0,0.0,0.0],"rotation":0,"texture":"#0","tintindex":0}}}],"display":{"head":{"translation":[0.0,-6.4,0.0],"scale":[4.0,4.0,4.0]}}}