{"textures":{"0":"modelengine:entity/elytrabeetle"},"elements":[{"from":[5.714286,9.714286,7.428571],"to":[10.285714,13.714286,8.0],"rotation":{"angle":0.0,"axis":"y","origin":[8.0,8.0,8.0]},"faces":{"east":{"uv":[2.0,6.125,2.125,7.0],"rotation":0,"texture":"#0","tintindex":0},"south":{"uv":[3.25,6.125,4.25,7.0],"rotation":0,"texture":"#0","tintindex":0},"north":{"uv":[2.125,6.125,3.125,7.0],"rotation":0,"texture":"#0","tintindex":0},"west":{"uv":[3.125,6.125,3.25,7.0],"rotation":0,"texture":"#0","tintindex":0},"up":{"uv":[3.125,6.125,2.125,6.0],"rotation":0,"texture":"#0","tintindex":0},"down":{"uv":[4.125,6.0,3.125,6.125],"rotation":0,"texture":"#0","tintindex":0}}},{"from":[4.5714283,8.571428,8.0],"to":[11.428572,14.285715,14.857143],"rotation":{"angle":0.0,"axis":"y","origin":[8.0,8.0,8.0]},"faces":{"east":{"uv":[0.0,4.0,1.5,5.25],"rotation":0,"texture":"#0","tintindex":0},"south":{"uv":[4.5,4.0,6.0,5.25],"rotation":0,"texture":"#0","tintindex":0},"north":{"uv":[1.5,4.0,3.0,5.25],"rotation":0,"texture":"#0","tintindex":0},"west":{"uv":[3.0,4.0,4.5,5.25],"rotation":0,"texture":"#0","tintindex":0},"up":{"uv":[3.0,4.0,1.5,2.5],"rotation":0,"texture":"#0","tintindex":0},"down":{"uv":[4.5,2.5,3.0,4.0],"rotation":0,"texture":"#0","tintindex":0}}}],"display":{"head":{"translation":[0.0,-6.4,0.0],"scale":[4.0,4.0,4.0]}}}