{"textures":{"0":"modelengine:entity/elytrabeetle"},"elements":[{"from":[6.285714,6.285714,4.8571424],"to":[9.714286,9.714286,7.714286],"rotation":{"angle":0.0,"axis":"y","origin":[8.0,4.0,12.857143]},"faces":{"east":{"uv":[5.0,0.625,5.625,1.375],"rotation":0,"texture":"#0","tintindex":0},"south":{"uv":[7.0,0.625,7.75,1.375],"rotation":0,"texture":"#0","tintindex":0},"north":{"uv":[5.625,0.625,6.375,1.375],"rotation":0,"texture":"#0","tintindex":0},"west":{"uv":[6.375,0.625,7.0,1.375],"rotation":0,"texture":"#0","tintindex":0},"up":{"uv":[6.375,0.625,5.625,0.0],"rotation":0,"texture":"#0","tintindex":0},"down":{"uv":[7.125,0.0,6.375,0.625],"rotation":0,"texture":"#0","tintindex":0}}}],"display":{"head":{"translation":[0.0,-6.4,0.0],"scale":[4.0,4.0,4.0]}}}