{"textures":{"0":"modelengine:entity/elytrabeetle"},"elements":[{"from":[5.5714283,8.008781,5.2054644],"to":[6.428571,8.865924,7.491179],"rotation":{"angle":-22.5,"axis":"y","origin":[6.857143,9.008781,6.634036]},"faces":{"east":{"uv":[6.5,5.375,7.0,5.5],"rotation":0,"texture":"#0","tintindex":0},"south":{"uv":[7.625,5.375,7.75,5.5],"rotation":0,"texture":"#0","tintindex":0},"north":{"uv":[7.0,5.375,7.125,5.5],"rotation":0,"texture":"#0","tintindex":0},"west":{"uv":[7.125,5.375,7.625,5.5],"rotation":0,"texture":"#0","tintindex":0},"up":{"uv":[7.125,5.375,7.0,4.875],"rotation":0,"texture":"#0","tintindex":0},"down":{"uv":[7.25,4.875,7.125,5.375],"rotation":0,"texture":"#0","tintindex":0}}},{"from":[5.0,7.723067,5.776893],"to":[6.428571,9.151638,8.634036],"rotation":{"angle":45.0,"axis":"y","origin":[6.857143,9.008781,6.634036]},"faces":{"east":{"uv":[3.625,7.0,4.25,7.25],"rotation":0,"texture":"#0","tintindex":0},"south":{"uv":[5.125,7.0,5.375,7.25],"rotation":0,"texture":"#0","tintindex":0},"north":{"uv":[4.25,7.0,4.5,7.25],"rotation":0,"texture":"#0","tintindex":0},"west":{"uv":[4.5,7.0,5.125,7.25],"rotation":0,"texture":"#0","tintindex":0},"up":{"uv":[4.5,7.0,4.25,6.375],"rotation":0,"texture":"#0","tintindex":0},"down":{"uv":[4.75,6.375,4.5,7.0],"rotation":0,"texture":"#0","tintindex":0}}},{"from":[9.571428,8.008781,5.2054644],"to":[10.428572,8.865924,7.491179],"rotation":{"angle":22.5,"axis":"y","origin":[9.142858,9.008781,6.634036]},"faces":{"east":{"uv":[7.625,5.375,7.125,5.5],"rotation":0,"texture":"#0","tintindex":0},"south":{"uv":[7.75,5.375,7.625,5.5],"rotation":0,"texture":"#0","tintindex":0},"north":{"uv":[7.125,5.375,7.0,5.5],"rotation":0,"texture":"#0","tintindex":0},"west":{"uv":[7.0,5.375,6.5,5.5],"rotation":0,"texture":"#0","tintindex":0},"up":{"uv":[7.0,5.375,7.125,4.875],"rotation":0,"texture":"#0","tintindex":0},"down":{"uv":[7.125,4.875,7.25,5.375],"rotation":0,"texture":"#0","tintindex":0}}},{"from":[9.571428,7.723067,5.776893],"to":[11.0,9.151638,8.634036],"rotation":{"angle":-45.0,"axis":"y","origin":[9.142858,9.008781,6.634036]},"faces":{"east":{"uv":[5.125,7.0,4.5,7.25],"rotation":0,"texture":"#0","tintindex":0},"south":{"uv":[5.375,7.0,5.125,7.25],"rotation":0,"texture":"#0","tintindex":0},"north":{"uv":[4.5,7.0,4.25,7.25],"rotation":0,"texture":"#0","tintindex":0},"west":{"uv":[4.25,7.0,3.625,7.25],"rotation":0,"texture":"#0","tintindex":0},"up":{"uv":[4.25,7.0,4.5,6.375],"rotation":0,"texture":"#0","tintindex":0},"down":{"uv":[4.5,6.375,4.75,7.0],"rotation":0,"texture":"#0","tintindex":0}}}],"display":{"head":{"translation":[0.0,-6.4,0.0],"scale":[4.0,4.0,4.0]}}}