{"textures":{"0":"modelengine:entity/elytrabeetle"},"elements":[{"from":[2.6666665,8.190476,8.190476],"to":[8.380953,8.190476,19.61905],"rotation":{"angle":0.0,"axis":"y","origin":[8.380953,1.9047613,8.333333]},"faces":{"east":{"uv":[6.25,2.5,3.75,2.5],"rotation":0,"texture":"#0","tintindex":0},"south":{"uv":[7.5,2.5,6.25,2.5],"rotation":0,"texture":"#0","tintindex":0},"north":{"uv":[3.75,2.5,2.5,2.5],"rotation":0,"texture":"#0","tintindex":0},"west":{"uv":[2.5,2.5,0.0,2.5],"rotation":0,"texture":"#0","tintindex":0},"up":{"uv":[2.5,2.5,3.75,0.0],"rotation":0,"texture":"#0","tintindex":0},"down":{"uv":[2.5,0.0,3.75,2.5],"rotation":0,"texture":"#0","tintindex":0}}},{"from":[2.6666665,7.047619,8.190476],"to":[8.380953,8.190476,8.190476],"rotation":{"angle":0.0,"axis":"y","origin":[8.380953,1.9047613,8.333333]},"faces":{"east":{"uv":[4.5,3.5,4.5,3.75],"rotation":0,"texture":"#0","tintindex":0},"south":{"uv":[5.75,3.5,7.0,3.75],"rotation":0,"texture":"#0","tintindex":0},"north":{"uv":[4.5,3.5,5.75,3.75],"rotation":0,"texture":"#0","tintindex":0},"west":{"uv":[5.75,3.5,5.75,3.75],"rotation":0,"texture":"#0","tintindex":0},"up":{"uv":[5.75,3.5,4.5,3.5],"rotation":0,"texture":"#0","tintindex":0},"down":{"uv":[7.0,3.5,5.75,3.5],"rotation":0,"texture":"#0","tintindex":0}}},{"from":[2.6666665,4.7619047,8.190476],"to":[2.6666665,8.190476,19.61905],"rotation":{"angle":0.0,"axis":"y","origin":[8.380953,1.9047613,8.333333]},"faces":{"east":{"uv":[0.0,5.25,2.5,6.0],"rotation":0,"texture":"#0","tintindex":0},"south":{"uv":[5.0,5.25,5.0,6.0],"rotation":0,"texture":"#0","tintindex":0},"north":{"uv":[2.5,5.25,2.5,6.0],"rotation":0,"texture":"#0","tintindex":0},"west":{"uv":[2.5,5.25,0.0,6.0],"rotation":0,"texture":"#0","tintindex":0},"up":{"uv":[2.5,5.25,2.5,2.75],"rotation":0,"texture":"#0","tintindex":0},"down":{"uv":[2.5,2.75,2.5,5.25],"rotation":0,"texture":"#0","tintindex":0}}}],"display":{"head":{"translation":[0.0,-6.4,0.0],"scale":[4.0,4.0,4.0]}}}