{"textures":{"0":"modelengine:entity/elytrabeetle"},"elements":[{"from":[7.6190476,8.190476,7.6190476],"to":[13.333334,8.190476,19.047619],"rotation":{"angle":0.0,"axis":"y","origin":[7.6190476,1.9047613,7.7619047]},"faces":{"east":{"uv":[0.0,2.5,2.5,2.5],"rotation":0,"texture":"#0","tintindex":0},"south":{"uv":[6.25,2.5,7.5,2.5],"rotation":0,"texture":"#0","tintindex":0},"north":{"uv":[2.5,2.5,3.75,2.5],"rotation":0,"texture":"#0","tintindex":0},"west":{"uv":[3.75,2.5,6.25,2.5],"rotation":0,"texture":"#0","tintindex":0},"up":{"uv":[3.75,2.5,2.5,0.0],"rotation":0,"texture":"#0","tintindex":0},"down":{"uv":[3.75,0.0,2.5,2.5],"rotation":0,"texture":"#0","tintindex":0}}},{"from":[7.6190476,7.047619,7.6190476],"to":[13.333334,8.190476,7.6190476],"rotation":{"angle":0.0,"axis":"y","origin":[7.6190476,1.9047613,7.7619047]},"faces":{"east":{"uv":[5.75,3.5,5.75,3.75],"rotation":0,"texture":"#0","tintindex":0},"south":{"uv":[7.0,3.5,5.75,3.75],"rotation":0,"texture":"#0","tintindex":0},"north":{"uv":[5.75,3.5,4.5,3.75],"rotation":0,"texture":"#0","tintindex":0},"west":{"uv":[4.5,3.5,4.5,3.75],"rotation":0,"texture":"#0","tintindex":0},"up":{"uv":[4.5,3.5,5.75,3.5],"rotation":0,"texture":"#0","tintindex":0},"down":{"uv":[5.75,3.5,7.0,3.5],"rotation":0,"texture":"#0","tintindex":0}}},{"from":[13.333334,4.7619047,7.6190476],"to":[13.333334,8.190476,19.047619],"rotation":{"angle":0.0,"axis":"y","origin":[7.6190476,1.9047613,7.7619047]},"faces":{"east":{"uv":[0.0,5.25,2.5,6.0],"rotation":0,"texture":"#0","tintindex":0},"south":{"uv":[5.0,5.25,5.0,6.0],"rotation":0,"texture":"#0","tintindex":0},"north":{"uv":[2.5,5.25,2.5,6.0],"rotation":0,"texture":"#0","tintindex":0},"west":{"uv":[2.5,5.25,0.0,6.0],"rotation":0,"texture":"#0","tintindex":0},"up":{"uv":[2.5,5.25,2.5,2.75],"rotation":0,"texture":"#0","tintindex":0},"down":{"uv":[2.5,2.75,2.5,5.25],"rotation":0,"texture":"#0","tintindex":0}}}],"display":{"head":{"translation":[0.0,-6.4,0.0],"scale":[4.0,4.0,4.0]}}}