{"textures":{"0":"modelengine:entity/madparrot"},"elements":[{"from":[6.857143,7.7785716,6.928571],"to":[9.142858,9.492857,8.642858],"rotation":{"angle":0.0,"axis":"y","origin":[8.0,3.7785711,9.785714]},"faces":{"east":{"uv":[0.0,7.5,0.75,8.25],"rotation":0,"texture":"#0","tintindex":0},"south":{"uv":[6.25,6.75,7.25,7.5],"rotation":0,"texture":"#0","tintindex":0},"north":{"uv":[2.0,6.75,3.0,7.5],"rotation":0,"texture":"#0","tintindex":0},"west":{"uv":[7.5,0.0,8.25,0.75],"rotation":0,"texture":"#0","tintindex":0},"up":{"uv":[4.0,7.75,3.0,7.0],"rotation":0,"texture":"#0","tintindex":0},"down":{"uv":[5.0,7.0,4.0,7.75],"rotation":0,"texture":"#0","tintindex":0}}},{"from":[6.857143,9.492857,5.785714],"to":[9.142858,10.635715,8.642858],"rotation":{"angle":0.0,"axis":"y","origin":[8.0,3.7785711,9.785714]},"faces":{"east":{"uv":[7.25,6.75,8.5,7.25],"rotation":0,"texture":"#0","tintindex":0},"south":{"uv":[5.5,7.5,6.5,8.0],"rotation":0,"texture":"#0","tintindex":0},"north":{"uv":[1.75,7.5,2.75,8.0],"rotation":0,"texture":"#0","tintindex":0},"west":{"uv":[7.25,7.25,8.5,7.75],"rotation":0,"texture":"#0","tintindex":0},"up":{"uv":[1.0,7.5,0.0,6.25],"rotation":0,"texture":"#0","tintindex":0},"down":{"uv":[2.0,6.25,1.0,7.5],"rotation":0,"texture":"#0","tintindex":0}}},{"from":[7.428571,8.064285,5.442857],"to":[8.571428,9.492857,7.1571426],"rotation":{"angle":0.0,"axis":"y","origin":[8.0,3.7785711,9.785714]},"faces":{"east":{"uv":[0.75,7.5,1.5,8.25],"rotation":0,"texture":"#0","tintindex":0},"south":{"uv":[7.75,1.5,8.25,2.25],"rotation":0,"texture":"#0","tintindex":0},"north":{"uv":[6.5,7.5,7.0,8.25],"rotation":0,"texture":"#0","tintindex":0},"west":{"uv":[7.5,0.75,8.25,1.5],"rotation":0,"texture":"#0","tintindex":0},"up":{"uv":[8.25,3.0,7.75,2.25],"rotation":0,"texture":"#0","tintindex":0},"down":{"uv":[3.25,7.75,2.75,8.5],"rotation":0,"texture":"#0","tintindex":0}}},{"from":[8.0,10.064285,4.928571],"to":[8.0,14.064286,10.071428],"rotation":{"angle":0.0,"axis":"y","origin":[8.0,3.7785711,9.785714]},"faces":{"east":{"uv":[0.0,0.0,2.25,1.75],"rotation":0,"texture":"#0","tintindex":0},"south":{"uv":[0.0,0.0,0.0,1.75],"rotation":0,"texture":"#0","tintindex":0},"north":{"uv":[0.0,0.0,0.0,1.75],"rotation":0,"texture":"#0","tintindex":0},"west":{"uv":[0.0,1.75,2.25,3.5],"rotation":0,"texture":"#0","tintindex":0},"up":{"uv":[0.0,2.25,0.0,0.0],"rotation":0,"texture":"#0","tintindex":0},"down":{"uv":[0.0,0.0,0.0,2.25],"rotation":0,"texture":"#0","tintindex":0}}}],"display":{"head":{"translation":[0.0,-6.4,0.0],"scale":[4.0,4.0,4.0]}}}