{"textures":{"0":"modelengine:entity/zc_crusher"},"elements":[{"from":[5.5914283,5.64,2.8571424],"to":[10.162857,10.211429,8.0],"rotation":{"angle":0.0,"axis":"y","origin":[8.0,0.28571415,8.571428]},"faces":{"east":{"uv":[4.0,0.0,5.125,1.0],"rotation":0,"texture":"#0","tintindex":0},"south":{"uv":[2.125,5.25,3.125,6.25],"rotation":0,"texture":"#0","tintindex":0},"north":{"uv":[5.25,1.625,6.25,2.625],"rotation":0,"texture":"#0","tintindex":0},"west":{"uv":[4.0,1.0,5.125,2.0],"rotation":0,"texture":"#0","tintindex":0},"up":{"uv":[5.25,3.125,4.25,2.0],"rotation":0,"texture":"#0","tintindex":0},"down":{"uv":[5.25,3.125,4.25,4.25],"rotation":0,"texture":"#0","tintindex":0}}},{"from":[9.591429,6.7828574,4.0],"to":[10.734285,7.925715,5.142857],"rotation":{"angle":0.0,"axis":"y","origin":[9.591429,10.21143,9.714286]},"faces":{"east":{"uv":[6.0,8.25,6.25,8.5],"rotation":0,"texture":"#0","tintindex":0},"south":{"uv":[8.25,6.125,8.5,6.375],"rotation":0,"texture":"#0","tintindex":0},"north":{"uv":[5.75,8.25,6.0,8.5],"rotation":0,"texture":"#0","tintindex":0},"west":{"uv":[6.25,8.25,6.5,8.5],"rotation":0,"texture":"#0","tintindex":0},"up":{"uv":[8.5,6.625,8.25,6.375],"rotation":0,"texture":"#0","tintindex":0},"down":{"uv":[7.625,8.25,7.375,8.5],"rotation":0,"texture":"#0","tintindex":0}}},{"from":[9.02,10.21143,5.714286],"to":[9.591429,10.782858,5.714286],"rotation":{"angle":0.0,"axis":"y","origin":[7.305714,6.7828574,5.714286]},"faces":{"east":{"uv":[0.0,0.0,0.0,0.125],"rotation":0,"texture":"#0","tintindex":0},"south":{"uv":[5.125,1.75,5.25,1.875],"rotation":0,"texture":"#0","tintindex":0},"north":{"uv":[5.125,1.625,5.25,1.75],"rotation":0,"texture":"#0","tintindex":0},"west":{"uv":[0.0,0.0,0.0,0.125],"rotation":0,"texture":"#0","tintindex":0},"up":{"uv":[0.125,0.0,0.0,0.0],"rotation":0,"texture":"#0","tintindex":0},"down":{"uv":[0.125,0.0,0.0,0.0],"rotation":0,"texture":"#0","tintindex":0}}}],"display":{"head":{"translation":[0.0,-6.4,0.0],"scale":[4.0,4.0,4.0]}}}