{"textures":{"0":"modelengine:entity/zc_crusher"},"elements":[{"from":[6.305714,4.497143,6.0],"to":[9.734285,8.497143,9.428572],"rotation":{"angle":0.0,"axis":"y","origin":[10.142858,6.5714283,4.5714283]},"faces":{"east":{"uv":[5.5,5.875,6.25,6.75],"rotation":0,"texture":"#0","tintindex":0},"south":{"uv":[6.0,2.625,6.75,3.5],"rotation":0,"texture":"#0","tintindex":0},"north":{"uv":[5.75,3.875,6.5,4.75],"rotation":0,"texture":"#0","tintindex":0},"west":{"uv":[0.0,6.25,0.75,7.125],"rotation":0,"texture":"#0","tintindex":0},"up":{"uv":[4.75,7.375,4.0,6.625],"rotation":0,"texture":"#0","tintindex":0},"down":{"uv":[5.5,6.625,4.75,7.375],"rotation":0,"texture":"#0","tintindex":0}}},{"from":[6.5914288,2.8870983,6.4280667],"to":[9.448571,7.458527,8.713781],"rotation":{"angle":22.5,"axis":"x","origin":[10.142858,6.5714283,4.5714283]},"faces":{"east":{"uv":[0.5,7.25,1.0,8.25],"rotation":0,"texture":"#0","tintindex":0},"south":{"uv":[2.75,6.5,3.375,7.5],"rotation":0,"texture":"#0","tintindex":0},"north":{"uv":[6.25,5.75,6.875,6.75],"rotation":0,"texture":"#0","tintindex":0},"west":{"uv":[2.125,7.25,2.625,8.25],"rotation":0,"texture":"#0","tintindex":0},"up":{"uv":[8.375,4.875,7.75,4.375],"rotation":0,"texture":"#0","tintindex":0},"down":{"uv":[8.375,4.875,7.75,5.375],"rotation":0,"texture":"#0","tintindex":0}}}],"display":{"head":{"translation":[0.0,-6.4,0.0],"scale":[4.0,4.0,4.0]}}}