{"textures":{"0":"modelengine:entity/zc_crusher"},"elements":[{"from":[4.448571,6.4912057,6.0767155],"to":[11.305715,12.205492,9.505287],"rotation":{"angle":-22.5,"axis":"x","origin":[8.0,8.0,4.0]},"faces":{"east":{"uv":[5.25,2.625,6.0,3.875],"rotation":0,"texture":"#0","tintindex":0},"south":{"uv":[0.0,2.5,1.5,3.75],"rotation":0,"texture":"#0","tintindex":0},"north":{"uv":[2.0,2.0,3.5,3.25],"rotation":0,"texture":"#0","tintindex":0},"west":{"uv":[3.125,5.25,3.875,6.5],"rotation":0,"texture":"#0","tintindex":0},"up":{"uv":[5.75,5.0,4.25,4.25],"rotation":0,"texture":"#0","tintindex":0},"down":{"uv":[3.0,4.5,1.5,5.25],"rotation":0,"texture":"#0","tintindex":0}}}],"display":{"head":{"translation":[0.0,-6.4,0.0],"scale":[4.0,4.0,4.0]}}}