{"textures":{"0":"modelengine:entity/zc_crusher"},"elements":[{"from":[6.734286,4.1113453,5.248684],"to":[9.02,8.682774,6.96297],"rotation":{"angle":-22.5,"axis":"x","origin":[6.0,12.571428,6.428571]},"faces":{"east":{"uv":[7.375,5.75,7.75,6.75],"rotation":0,"texture":"#0","tintindex":0},"south":{"uv":[7.125,3.375,7.625,4.375],"rotation":0,"texture":"#0","tintindex":0},"north":{"uv":[0.0,7.125,0.5,8.125],"rotation":0,"texture":"#0","tintindex":0},"west":{"uv":[2.625,7.5,3.0,8.5],"rotation":0,"texture":"#0","tintindex":0},"up":{"uv":[5.75,4.25,5.25,3.875],"rotation":0,"texture":"#0","tintindex":0},"down":{"uv":[6.5,3.5,6.0,3.875],"rotation":0,"texture":"#0","tintindex":0}}}],"display":{"head":{"translation":[0.0,-6.4,0.0],"scale":[4.0,4.0,4.0]}}}