{"textures":{"0":"modelengine:entity/zc_impaler"},"elements":[{"from":[6.285714,3.3802361,7.94005],"to":[8.0,8.523093,9.654336],"rotation":{"angle":-45.0,"axis":"x","origin":[7.142857,7.094522,7.6543355]},"faces":{"east":{"uv":[7.25,8.0,7.625,9.125],"rotation":0,"texture":"#0","tintindex":0},"south":{"uv":[7.625,8.0,8.0,9.125],"rotation":0,"texture":"#0","tintindex":0},"north":{"uv":[8.0,3.25,8.375,4.375],"rotation":0,"texture":"#0","tintindex":0},"west":{"uv":[8.0,8.0,8.375,9.125],"rotation":0,"texture":"#0","tintindex":0},"up":{"uv":[9.5,8.125,9.125,7.75],"rotation":0,"texture":"#0","tintindex":0},"down":{"uv":[9.5,8.125,9.125,8.5],"rotation":0,"texture":"#0","tintindex":0}}}],"display":{"head":{"translation":[0.0,-6.4,0.0],"scale":[4.0,4.0,4.0]}}}