{"textures":{"0":"modelengine:entity/zc_impaler"},"elements":[{"from":[5.428571,7.1065006,6.1994963],"to":[10.571428,11.106501,9.628068],"rotation":{"angle":0.0,"axis":"y","origin":[8.0,8.0,6.285714]},"faces":{"east":{"uv":[6.75,6.75,7.5,7.625],"rotation":0,"texture":"#0","tintindex":0},"south":{"uv":[5.75,4.25,6.875,5.125],"rotation":0,"texture":"#0","tintindex":0},"north":{"uv":[0.0,5.75,1.125,6.625],"rotation":0,"texture":"#0","tintindex":0},"west":{"uv":[6.875,3.625,7.625,4.5],"rotation":0,"texture":"#0","tintindex":0},"up":{"uv":[7.375,6.75,6.25,6.0],"rotation":0,"texture":"#0","tintindex":0},"down":{"uv":[7.5,2.875,6.375,3.625],"rotation":0,"texture":"#0","tintindex":0}}}],"display":{"head":{"translation":[0.0,-6.4,0.0],"scale":[4.0,4.0,4.0]}}}