{"textures":{"0":"modelengine:entity/zc_impaler"},"elements":[{"from":[8.785714,3.8050842,7.485479],"to":[10.5,8.947942,9.199765],"rotation":{"angle":45.0,"axis":"x","origin":[7.928571,9.036356,6.086218]},"faces":{"east":{"uv":[8.0,0.0,8.375,1.125],"rotation":0,"texture":"#0","tintindex":0},"south":{"uv":[1.875,8.0,2.25,9.125],"rotation":0,"texture":"#0","tintindex":0},"north":{"uv":[7.875,5.25,8.25,6.375],"rotation":0,"texture":"#0","tintindex":0},"west":{"uv":[2.25,8.0,2.625,9.125],"rotation":0,"texture":"#0","tintindex":0},"up":{"uv":[1.5,5.0,1.125,4.625],"rotation":0,"texture":"#0","tintindex":0},"down":{"uv":[5.75,4.25,5.375,4.625],"rotation":0,"texture":"#0","tintindex":0}}},{"from":[8.214286,6.285714,6.5714283],"to":[11.071428,9.714286,8.857143],"rotation":{"angle":22.5,"axis":"x","origin":[8.0,8.0,8.0]},"faces":{"east":{"uv":[8.25,2.25,8.75,3.0],"rotation":0,"texture":"#0","tintindex":0},"south":{"uv":[7.5,7.25,8.125,8.0],"rotation":0,"texture":"#0","tintindex":0},"north":{"uv":[7.5,6.5,8.125,7.25],"rotation":0,"texture":"#0","tintindex":0},"west":{"uv":[4.125,8.25,4.625,9.0],"rotation":0,"texture":"#0","tintindex":0},"up":{"uv":[9.125,7.25,8.5,6.75],"rotation":0,"texture":"#0","tintindex":0},"down":{"uv":[9.375,0.0,8.75,0.5],"rotation":0,"texture":"#0","tintindex":0}}}],"display":{"head":{"translation":[0.0,-6.4,0.0],"scale":[4.0,4.0,4.0]}}}