{"textures":{"0":"modelengine:entity/zc_runner"},"elements":[{"from":[6.285714,4.5714283,7.142857],"to":[8.0,8.0,8.857143],"rotation":{"angle":0.0,"axis":"y","origin":[10.285714,3.7142854,8.0]},"faces":{"east":{"uv":[0.0,8.75,0.75,10.25],"rotation":0,"texture":"#0","tintindex":0},"south":{"uv":[0.75,8.75,1.5,10.25],"rotation":0,"texture":"#0","tintindex":0},"north":{"uv":[8.5,7.5,9.25,9.0],"rotation":0,"texture":"#0","tintindex":0},"west":{"uv":[1.5,8.75,2.25,10.25],"rotation":0,"texture":"#0","tintindex":0},"up":{"uv":[3.0,11.0,2.25,10.25],"rotation":0,"texture":"#0","tintindex":0},"down":{"uv":[3.75,10.25,3.0,11.0],"rotation":0,"texture":"#0","tintindex":0}}}],"display":{"head":{"translation":[0.0,-6.4,0.0],"scale":[4.0,4.0,4.0]}}}