{"textures":{"0":"modelengine:entity/zc_runner"},"elements":[{"from":[7.142857,4.5714283,7.142857],"to":[8.857143,8.0,8.857143],"rotation":{"angle":0.0,"axis":"y","origin":[11.142858,7.142857,8.0]},"faces":{"east":{"uv":[3.0,8.75,3.75,10.25],"rotation":0,"texture":"#0","tintindex":0},"south":{"uv":[9.0,0.0,9.75,1.5],"rotation":0,"texture":"#0","tintindex":0},"north":{"uv":[2.25,8.75,3.0,10.25],"rotation":0,"texture":"#0","tintindex":0},"west":{"uv":[9.0,1.5,9.75,3.0],"rotation":0,"texture":"#0","tintindex":0},"up":{"uv":[11.0,10.5,10.25,9.75],"rotation":0,"texture":"#0","tintindex":0},"down":{"uv":[11.25,0.0,10.5,0.75],"rotation":0,"texture":"#0","tintindex":0}}}],"display":{"head":{"translation":[0.0,-6.4,0.0],"scale":[4.0,4.0,4.0]}}}