{"textures":{"0":"modelengine:entity/zc_runner"},"elements":[{"from":[7.142857,6.857143,6.0],"to":[8.857143,8.0,8.857143],"rotation":{"angle":0.0,"axis":"y","origin":[9.142858,10.285714,7.714286]},"faces":{"east":{"uv":[9.25,8.5,10.5,9.0],"rotation":0,"texture":"#0","tintindex":0},"south":{"uv":[7.25,4.5,8.0,5.0],"rotation":0,"texture":"#0","tintindex":0},"north":{"uv":[5.25,6.5,6.0,7.0],"rotation":0,"texture":"#0","tintindex":0},"west":{"uv":[10.0,3.25,11.25,3.75],"rotation":0,"texture":"#0","tintindex":0},"up":{"uv":[10.0,7.25,9.25,6.0],"rotation":0,"texture":"#0","tintindex":0},"down":{"uv":[10.0,7.25,9.25,8.5],"rotation":0,"texture":"#0","tintindex":0}}}],"display":{"head":{"translation":[0.0,-6.4,0.0],"scale":[4.0,4.0,4.0]}}}