{"textures":{"0":"modelengine:entity/zc_runner"},"elements":[{"from":[5.714286,8.0,5.428571],"to":[10.285714,12.571428,10.571428],"rotation":{"angle":0.0,"axis":"y","origin":[8.0,3.142857,8.0]},"faces":{"east":{"uv":[0.0,0.0,2.25,2.0],"rotation":0,"texture":"#0","tintindex":0},"south":{"uv":[4.25,0.0,6.25,2.0],"rotation":0,"texture":"#0","tintindex":0},"north":{"uv":[0.0,4.0,2.0,6.0],"rotation":0,"texture":"#0","tintindex":0},"west":{"uv":[0.0,2.0,2.25,4.0],"rotation":0,"texture":"#0","tintindex":0},"up":{"uv":[4.25,2.25,2.25,0.0],"rotation":0,"texture":"#0","tintindex":0},"down":{"uv":[4.25,2.25,2.25,4.5],"rotation":0,"texture":"#0","tintindex":0}}},{"from":[9.428572,9.142858,7.714286],"to":[11.714286,13.714286,7.714286],"rotation":{"angle":-22.5,"axis":"y","origin":[9.714286,12.285715,8.285714]},"faces":{"east":{"uv":[0.0,0.0,0.0,2.0],"rotation":0,"texture":"#0","tintindex":0},"south":{"uv":[6.25,2.0,7.25,4.0],"rotation":0,"texture":"#0","tintindex":0},"north":{"uv":[6.25,0.0,7.25,2.0],"rotation":0,"texture":"#0","tintindex":0},"west":{"uv":[0.0,0.0,0.0,2.0],"rotation":0,"texture":"#0","tintindex":0},"up":{"uv":[1.0,0.0,0.0,0.0],"rotation":0,"texture":"#0","tintindex":0},"down":{"uv":[1.0,0.0,0.0,0.0],"rotation":0,"texture":"#0","tintindex":0}}},{"from":[10.285714,10.857143,7.714286],"to":[11.428572,10.857143,9.428572],"rotation":{"angle":0.0,"axis":"y","origin":[10.857143,7.428571,6.0]},"faces":{"east":{"uv":[0.0,0.0,0.75,0.0],"rotation":0,"texture":"#0","tintindex":0},"south":{"uv":[0.0,0.0,0.5,0.0],"rotation":0,"texture":"#0","tintindex":0},"north":{"uv":[0.0,0.0,0.5,0.0],"rotation":0,"texture":"#0","tintindex":0},"west":{"uv":[0.0,0.0,0.75,0.0],"rotation":0,"texture":"#0","tintindex":0},"up":{"uv":[11.0,9.0,10.5,8.25],"rotation":0,"texture":"#0","tintindex":0},"down":{"uv":[10.75,10.5,10.25,11.25],"rotation":0,"texture":"#0","tintindex":0}}}],"display":{"head":{"translation":[0.0,-6.4,0.0],"scale":[4.0,4.0,4.0]}}}