{"textures":{"0":"modelengine:entity/zc_runner"},"elements":[{"from":[5.714286,8.0,6.857143],"to":[10.285714,11.428572,9.142858],"rotation":{"angle":0.0,"axis":"y","origin":[8.0,10.0,8.0]},"faces":{"east":{"uv":[7.25,1.5,8.25,3.0],"rotation":0,"texture":"#0","tintindex":0},"south":{"uv":[4.0,5.0,6.0,6.5],"rotation":0,"texture":"#0","tintindex":0},"north":{"uv":[2.0,4.5,4.0,6.0],"rotation":0,"texture":"#0","tintindex":0},"west":{"uv":[2.0,7.25,3.0,8.75],"rotation":0,"texture":"#0","tintindex":0},"up":{"uv":[8.0,6.0,6.0,5.0],"rotation":0,"texture":"#0","tintindex":0},"down":{"uv":[8.0,6.0,6.0,7.0],"rotation":0,"texture":"#0","tintindex":0}}},{"from":[9.714286,9.714286,5.142857],"to":[9.714286,11.428572,6.857143],"rotation":{"angle":0.0,"axis":"y","origin":[8.0,8.0,8.0]},"faces":{"east":{"uv":[10.5,0.75,11.25,1.5],"rotation":0,"texture":"#0","tintindex":0},"south":{"uv":[0.0,0.0,0.0,0.75],"rotation":0,"texture":"#0","tintindex":0},"north":{"uv":[0.0,0.0,0.0,0.75],"rotation":0,"texture":"#0","tintindex":0},"west":{"uv":[10.5,1.5,11.25,2.25],"rotation":0,"texture":"#0","tintindex":0},"up":{"uv":[0.0,0.75,0.0,0.0],"rotation":0,"texture":"#0","tintindex":0},"down":{"uv":[0.0,0.0,0.0,0.75],"rotation":0,"texture":"#0","tintindex":0}}},{"from":[8.0,10.857143,5.714286],"to":[10.285714,10.857143,6.857143],"rotation":{"angle":0.0,"axis":"y","origin":[8.0,8.0,8.0]},"faces":{"east":{"uv":[0.0,0.0,0.5,0.0],"rotation":0,"texture":"#0","tintindex":0},"south":{"uv":[0.0,0.0,1.0,0.0],"rotation":0,"texture":"#0","tintindex":0},"north":{"uv":[0.0,0.0,1.0,0.0],"rotation":0,"texture":"#0","tintindex":0},"west":{"uv":[0.0,0.0,0.5,0.0],"rotation":0,"texture":"#0","tintindex":0},"up":{"uv":[11.5,4.25,10.5,3.75],"rotation":0,"texture":"#0","tintindex":0},"down":{"uv":[11.5,4.25,10.5,4.75],"rotation":0,"texture":"#0","tintindex":0}}}],"display":{"head":{"translation":[0.0,-6.4,0.0],"scale":[4.0,4.0,4.0]}}}