{"textures":{"0":"modelengine:entity/toxishroom"},"elements":[{"from":[5.428571,8.285714,7.714286],"to":[8.285714,9.428572,10.571428],"rotation":{"angle":-22.5,"axis":"y","origin":[8.0,8.0,8.0]},"faces":{"east":{"uv":[9.0,0.0,11.5,1.0],"rotation":0,"texture":"#0","tintindex":0},"south":{"uv":[9.0,1.0,11.5,2.0],"rotation":0,"texture":"#0","tintindex":0},"north":{"uv":[0.0,9.0,2.5,10.0],"rotation":0,"texture":"#0","tintindex":0},"west":{"uv":[9.0,2.0,11.5,3.0],"rotation":0,"texture":"#0","tintindex":0},"up":{"uv":[7.0,10.5,4.5,8.0],"rotation":0,"texture":"#0","tintindex":0},"down":{"uv":[9.5,8.0,7.0,10.5],"rotation":0,"texture":"#0","tintindex":0}}},{"from":[6.857143,7.142857,8.571428],"to":[6.857143,8.285714,9.714286],"rotation":{"angle":-22.5,"axis":"y","origin":[8.0,8.0,8.0]},"faces":{"east":{"uv":[9.5,8.0,10.5,9.0],"rotation":0,"texture":"#0","tintindex":0},"south":{"uv":[0.0,0.0,0.0,1.0],"rotation":0,"texture":"#0","tintindex":0},"north":{"uv":[0.0,0.0,0.0,1.0],"rotation":0,"texture":"#0","tintindex":0},"west":{"uv":[9.5,9.0,10.5,10.0],"rotation":0,"texture":"#0","tintindex":0},"up":{"uv":[0.0,1.0,0.0,0.0],"rotation":0,"texture":"#0","tintindex":0},"down":{"uv":[0.0,0.0,0.0,1.0],"rotation":0,"texture":"#0","tintindex":0}}},{"from":[6.285714,7.142857,9.142858],"to":[7.428571,8.285714,9.142858],"rotation":{"angle":-22.5,"axis":"y","origin":[8.0,8.0,8.0]},"faces":{"east":{"uv":[0.0,0.0,0.0,1.0],"rotation":0,"texture":"#0","tintindex":0},"south":{"uv":[1.0,10.0,2.0,11.0],"rotation":0,"texture":"#0","tintindex":0},"north":{"uv":[0.0,10.0,1.0,11.0],"rotation":0,"texture":"#0","tintindex":0},"west":{"uv":[0.0,0.0,0.0,1.0],"rotation":0,"texture":"#0","tintindex":0},"up":{"uv":[1.0,0.0,0.0,0.0],"rotation":0,"texture":"#0","tintindex":0},"down":{"uv":[1.0,0.0,0.0,0.0],"rotation":0,"texture":"#0","tintindex":0}}}],"display":{"head":{"translation":[0.0,-6.4,0.0],"scale":[4.0,4.0,4.0]}}}