{"textures":{"0":"modelengine:entity/toxishroom"},"elements":[{"from":[3.142857,10.0,4.8571424],"to":[8.285714,12.285715,10.0],"rotation":{"angle":0.0,"axis":"y","origin":[8.0,8.0,8.0]},"faces":{"east":{"uv":[4.5,2.0,9.0,4.0],"rotation":0,"texture":"#0","tintindex":0},"south":{"uv":[4.5,2.0,9.0,4.0],"rotation":0,"texture":"#0","tintindex":0},"north":{"uv":[4.5,2.0,9.0,4.0],"rotation":0,"texture":"#0","tintindex":0},"west":{"uv":[4.5,2.0,9.0,4.0],"rotation":0,"texture":"#0","tintindex":0},"up":{"uv":[4.5,4.5,0.0,0.0],"rotation":0,"texture":"#0","tintindex":0},"down":{"uv":[4.5,4.5,0.0,9.0],"rotation":0,"texture":"#0","tintindex":0}}},{"from":[5.714286,7.142857,6.857143],"to":[5.714286,10.0,8.0],"rotation":{"angle":0.0,"axis":"y","origin":[8.0,8.0,8.0]},"faces":{"east":{"uv":[2.5,9.0,3.5,11.5],"rotation":0,"texture":"#0","tintindex":0},"south":{"uv":[0.0,0.0,0.0,2.5],"rotation":0,"texture":"#0","tintindex":0},"north":{"uv":[0.0,0.0,0.0,2.5],"rotation":0,"texture":"#0","tintindex":0},"west":{"uv":[9.0,3.0,10.0,5.5],"rotation":0,"texture":"#0","tintindex":0},"up":{"uv":[0.0,1.0,0.0,0.0],"rotation":0,"texture":"#0","tintindex":0},"down":{"uv":[0.0,0.0,0.0,1.0],"rotation":0,"texture":"#0","tintindex":0}}},{"from":[5.142857,7.142857,7.428571],"to":[6.285714,10.0,7.428571],"rotation":{"angle":0.0,"axis":"y","origin":[8.0,8.0,8.0]},"faces":{"east":{"uv":[0.0,0.0,0.0,2.5],"rotation":0,"texture":"#0","tintindex":0},"south":{"uv":[9.0,5.5,10.0,8.0],"rotation":0,"texture":"#0","tintindex":0},"north":{"uv":[3.5,9.0,4.5,11.5],"rotation":0,"texture":"#0","tintindex":0},"west":{"uv":[0.0,0.0,0.0,2.5],"rotation":0,"texture":"#0","tintindex":0},"up":{"uv":[1.0,0.0,0.0,0.0],"rotation":0,"texture":"#0","tintindex":0},"down":{"uv":[1.0,0.0,0.0,0.0],"rotation":0,"texture":"#0","tintindex":0}}}],"display":{"head":{"translation":[0.0,-6.4,0.0],"scale":[4.0,4.0,4.0]}}}