{"textures":{"0":"modelengine:entity/pirate_zombie"},"elements":[{"from":[4.0,-4.0,6.0],"to":[12.0,8.0,10.0],"faces":{"east":{"uv":[3.125,5.25,3.625,6.75],"tintindex":0,"rotation":0,"texture":"#0"},"south":{"uv":[4.0,0.0,5.0,1.5],"tintindex":0,"rotation":0,"texture":"#0"},"north":{"uv":[3.0,2.5,4.0,4.0],"tintindex":0,"rotation":0,"texture":"#0"},"west":{"uv":[3.625,5.25,4.125,6.75],"tintindex":0,"rotation":0,"texture":"#0"},"up":{"uv":[7.5,6.5,6.5,6.0],"tintindex":0,"rotation":0,"texture":"#0"},"down":{"uv":[7.5,6.5,6.5,7.0],"tintindex":0,"rotation":0,"texture":"#0"}}},{"from":[3.6,-11.0,4.8],"to":[12.6,8.0,10.8],"faces":{"east":{"uv":[0.0,2.375,0.75,4.75],"tintindex":0,"rotation":0,"texture":"#0"},"south":{"uv":[1.125,0.0,2.25,2.375],"tintindex":0,"rotation":0,"texture":"#0"},"north":{"uv":[0.0,0.0,1.125,2.375],"tintindex":0,"rotation":0,"texture":"#0"},"west":{"uv":[0.75,2.375,1.5,4.75],"tintindex":0,"rotation":0,"texture":"#0"},"up":{"uv":[3.125,6.0,2.0,5.25],"tintindex":0,"rotation":0,"texture":"#0"},"down":{"uv":[6.375,2.0,5.25,2.75],"tintindex":0,"rotation":0,"texture":"#0"}}}],"display":{"gui":{"rotation":[30,225,0]}}}