{"textures":{"0":"modelengine:entity/pirate_zombie"},"elements":[{"from":[1.0,13.6,3.0],"to":[15.0,13.6,13.0],"faces":{"up":{"uv":[4.0,1.25,2.25,0.0],"tintindex":0,"rotation":0,"texture":"#0"},"down":{"uv":[4.0,1.25,2.25,2.5],"tintindex":0,"rotation":0,"texture":"#0"}}},{"from":[1.0,13.6,3.0],"to":[15.0,18.599998,3.0],"faces":{"south":{"uv":[1.5,4.625,3.25,5.25],"tintindex":0,"rotation":0,"texture":"#0"},"north":{"uv":[3.0,4.0,4.75,4.625],"tintindex":0,"rotation":0,"texture":"#0"}}},{"from":[1.0,13.6,3.0],"to":[1.0,17.599998,13.0],"faces":{"east":{"uv":[6.25,2.75,7.5,3.25],"tintindex":0,"rotation":0,"texture":"#0"},"west":{"uv":[6.375,1.625,7.625,2.125],"tintindex":0,"rotation":0,"texture":"#0"}}},{"from":[4.0,8.0,4.0],"to":[12.0,16.0,12.0],"faces":{"east":{"uv":[5.0,0.0,6.0,1.0],"tintindex":0,"rotation":0,"texture":"#0"},"south":{"uv":[5.0,4.125,6.0,5.125],"tintindex":0,"rotation":0,"texture":"#0"},"north":{"uv":[0.0,4.75,1.0,5.75],"tintindex":0,"rotation":0,"texture":"#0"},"west":{"uv":[5.0,5.125,6.0,6.125],"tintindex":0,"rotation":0,"texture":"#0"},"up":{"uv":[2.0,6.25,1.0,5.25],"tintindex":0,"rotation":0,"texture":"#0"},"down":{"uv":[6.25,1.0,5.25,2.0],"tintindex":0,"rotation":0,"texture":"#0"}}},{"from":[4.0,10.0,3.6],"to":[4.0,15.0,10.6],"faces":{"east":{"uv":[6.5,3.75,7.375,4.375],"tintindex":0,"rotation":0,"texture":"#0"},"west":{"uv":[6.5,4.375,7.375,5.0],"tintindex":0,"rotation":0,"texture":"#0"}}},{"from":[1.0,13.6,13.0],"to":[15.0,18.599998,13.0],"faces":{"south":{"uv":[4.75,3.5,6.5,4.125],"tintindex":0,"rotation":0,"texture":"#0"},"north":{"uv":[3.25,4.625,5.0,5.25],"tintindex":0,"rotation":0,"texture":"#0"}}},{"from":[15.0,13.6,3.0],"to":[15.0,17.599998,13.0],"faces":{"east":{"uv":[6.375,2.125,7.625,2.625],"tintindex":0,"rotation":0,"texture":"#0"},"west":{"uv":[6.5,3.25,7.75,3.75],"tintindex":0,"rotation":0,"texture":"#0"}}},{"from":[3.0,13.6,4.0],"to":[13.0,17.599998,12.0],"faces":{"east":{"uv":[6.5,5.0,7.5,5.5],"tintindex":0,"rotation":0,"texture":"#0"},"south":{"uv":[6.25,1.125,7.5,1.625],"tintindex":0,"rotation":0,"texture":"#0"},"north":{"uv":[6.25,0.625,7.5,1.125],"tintindex":0,"rotation":0,"texture":"#0"},"west":{"uv":[6.5,5.5,7.5,6.0],"tintindex":0,"rotation":0,"texture":"#0"},"up":{"uv":[5.25,2.5,4.0,1.5],"tintindex":0,"rotation":0,"texture":"#0"},"down":{"uv":[5.25,2.5,4.0,3.5],"tintindex":0,"rotation":0,"texture":"#0"}}},{"from":[3.9,10.0,3.5],"to":[12.0,15.0,3.5],"faces":{"south":{"uv":[6.0,0.0,7.0,0.625],"tintindex":0,"rotation":0,"texture":"#0"},"north":{"uv":[5.25,2.75,6.25,3.375],"tintindex":0,"rotation":0,"texture":"#0"}}}],"display":{"gui":{"rotation":[30,225,0]}}}