{"textures":{"0":"modelengine:entity/pirate_zombie"},"elements":[{"from":[5.9,-4.0,6.0],"to":[9.9,8.0,10.0],"faces":{"east":{"uv":[0.0,5.75,0.5,7.25],"tintindex":0,"rotation":0,"texture":"#0"},"south":{"uv":[0.5,5.75,1.0,7.25],"tintindex":0,"rotation":0,"texture":"#0"},"north":{"uv":[4.125,5.25,4.625,6.75],"tintindex":0,"rotation":0,"texture":"#0"},"west":{"uv":[2.0,6.0,2.5,7.5],"tintindex":0,"rotation":0,"texture":"#0"},"up":{"uv":[8.25,3.625,7.75,3.125],"tintindex":0,"rotation":0,"texture":"#0"},"down":{"uv":[5.5,7.75,5.0,8.25],"tintindex":0,"rotation":0,"texture":"#0"}}}],"display":{"gui":{"rotation":[30,225,0]}}}