{"textures":{"0":"modelengine:entity/pirate_zombie"},"elements":[{"from":[5.1,-2.0,6.0],"to":[8.9,5.0,10.0],"faces":{"east":{"uv":[3.5,6.75,4.0,7.625],"tintindex":0,"rotation":0,"texture":"#0"},"south":{"uv":[4.0,6.75,4.5,7.625],"tintindex":0,"rotation":0,"texture":"#0"},"north":{"uv":[3.0,6.75,3.5,7.625],"tintindex":0,"rotation":0,"texture":"#0"},"west":{"uv":[5.125,6.875,5.625,7.75],"tintindex":0,"rotation":0,"texture":"#0"},"up":{"uv":[4.5,4.0,4.0,3.5],"tintindex":0,"rotation":0,"texture":"#0"},"down":{"uv":[1.5,4.75,1.0,5.25],"tintindex":0,"rotation":0,"texture":"#0"}},"rotation":{"origin":[7.0,4.0,8.0],"angle":22.5,"axis":"x"}},{"from":[4.8999996,-4.3,6.2],"to":[8.7,-2.3000002,10.2],"faces":{"east":{"uv":[7.0,7.875,7.5,8.125],"tintindex":0,"rotation":0,"texture":"#0"},"south":{"uv":[8.0,0.5,8.5,0.75],"tintindex":0,"rotation":0,"texture":"#0"},"north":{"uv":[6.5,7.875,7.0,8.125],"tintindex":0,"rotation":0,"texture":"#0"},"west":{"uv":[8.0,0.75,8.5,1.0],"tintindex":0,"rotation":0,"texture":"#0"},"up":{"uv":[8.0,3.125,7.5,2.625],"tintindex":0,"rotation":0,"texture":"#0"},"down":{"uv":[8.125,0.0,7.625,0.5],"tintindex":0,"rotation":0,"texture":"#0"}},"rotation":{"origin":[7.0,4.0,8.0],"angle":22.5,"axis":"x"}},{"from":[6.8,-9.3869705,0.20989132],"to":[6.8,-3.3869705,6.2098913],"faces":{"east":{"uv":[5.125,6.125,5.875,6.875],"tintindex":0,"rotation":0,"texture":"#0"},"west":{"uv":[1.0,6.25,1.75,7.0],"tintindex":0,"rotation":0,"texture":"#0"}},"rotation":{"origin":[6.8,-8.086971,3.2098913],"angle":22.5,"axis":"x"}},{"from":[4.3,-2.3000002,5.6],"to":[9.1,-0.3000002,10.6],"faces":{"east":{"uv":[0.0,7.875,0.625,8.125],"tintindex":0,"rotation":0,"texture":"#0"},"south":{"uv":[0.625,7.875,1.25,8.125],"tintindex":0,"rotation":0,"texture":"#0"},"north":{"uv":[7.625,2.375,8.25,2.625],"tintindex":0,"rotation":0,"texture":"#0"},"west":{"uv":[1.25,7.875,1.875,8.125],"tintindex":0,"rotation":0,"texture":"#0"},"up":{"uv":[7.625,0.625,7.0,0.0],"tintindex":0,"rotation":0,"texture":"#0"},"down":{"uv":[6.25,7.125,5.625,7.75],"tintindex":0,"rotation":0,"texture":"#0"}},"rotation":{"origin":[7.0,4.0,8.0],"angle":22.5,"axis":"x"}},{"from":[5.0,4.0,6.0],"to":[9.0,10.0,10.0],"faces":{"east":{"uv":[2.0,7.5,2.5,8.25],"tintindex":0,"rotation":0,"texture":"#0"},"south":{"uv":[2.5,7.5,3.0,8.25],"tintindex":0,"rotation":0,"texture":"#0"},"north":{"uv":[7.5,0.625,8.0,1.375],"tintindex":0,"rotation":0,"texture":"#0"},"west":{"uv":[7.5,4.375,8.0,5.125],"tintindex":0,"rotation":0,"texture":"#0"},"up":{"uv":[8.125,1.875,7.625,1.375],"tintindex":0,"rotation":0,"texture":"#0"},"down":{"uv":[8.125,1.875,7.625,2.375],"tintindex":0,"rotation":0,"texture":"#0"}}}],"display":{"gui":{"rotation":[30,225,0]}}}