{"textures":{"0":"modelengine:entity/pirate_zombie"},"elements":[{"from":[7.0,4.0,6.0],"to":[11.0,10.0,10.0],"faces":{"east":{"uv":[7.5,5.875,8.0,6.625],"tintindex":0,"rotation":0,"texture":"#0"},"south":{"uv":[7.5,6.625,8.0,7.375],"tintindex":0,"rotation":0,"texture":"#0"},"north":{"uv":[7.5,5.125,8.0,5.875],"tintindex":0,"rotation":0,"texture":"#0"},"west":{"uv":[7.5,7.375,8.0,8.125],"tintindex":0,"rotation":0,"texture":"#0"},"up":{"uv":[4.5,8.125,4.0,7.625],"tintindex":0,"rotation":0,"texture":"#0"},"down":{"uv":[5.0,7.625,4.5,8.125],"tintindex":0,"rotation":0,"texture":"#0"}}},{"from":[7.1,-2.0,6.0],"to":[10.9,5.0,10.0],"faces":{"east":{"uv":[1.5,7.0,2.0,7.875],"tintindex":0,"rotation":0,"texture":"#0"},"south":{"uv":[6.5,7.0,7.0,7.875],"tintindex":0,"rotation":0,"texture":"#0"},"north":{"uv":[1.0,7.0,1.5,7.875],"tintindex":0,"rotation":0,"texture":"#0"},"west":{"uv":[7.0,7.0,7.5,7.875],"tintindex":0,"rotation":0,"texture":"#0"},"up":{"uv":[3.5,8.125,3.0,7.625],"tintindex":0,"rotation":0,"texture":"#0"},"down":{"uv":[4.0,7.625,3.5,8.125],"tintindex":0,"rotation":0,"texture":"#0"}},"rotation":{"origin":[9.0,4.0,8.0],"angle":22.5,"axis":"x"}}],"display":{"gui":{"rotation":[30,225,0]}}}