{"textures":{"0":"modelengine:entity/zombiebossz"},"elements":[{"from":[2.8571424,0.28571415,5.428571],"to":[13.142858,9.714286,10.571428],"rotation":{"angle":0.0,"axis":"y","origin":[8.0,2.8571424,8.0]},"faces":{"east":{"uv":[0.0,5.625,1.125,7.75],"rotation":0,"texture":"#0","tintindex":0},"south":{"uv":[0.0,2.125,2.25,4.25],"rotation":0,"texture":"#0","tintindex":0},"north":{"uv":[0.0,0.0,2.25,2.125],"rotation":0,"texture":"#0","tintindex":0},"west":{"uv":[6.0,0.0,7.125,2.125],"rotation":0,"texture":"#0","tintindex":0},"up":{"uv":[4.125,6.375,1.875,5.25],"rotation":0,"texture":"#0","tintindex":0},"down":{"uv":[6.375,5.875,4.125,7.0],"rotation":0,"texture":"#0","tintindex":0}}}],"display":{"head":{"translation":[0.0,-6.4,0.0],"scale":[4.0,4.0,4.0]}}}