{"textures":{"0":"modelengine:entity/zc_impaler"},"elements":[{"from":[6.857143,0.4191041,5.202485],"to":[9.142858,7.8476763,7.4881997],"rotation":{"angle":45.0,"axis":"x","origin":[12.285715,5.8840322,4.860132]},"faces":{"east":{"uv":[2.625,6.5,3.125,8.125],"rotation":0,"texture":"#0","tintindex":0},"south":{"uv":[3.125,6.5,3.625,8.125],"rotation":0,"texture":"#0","tintindex":0},"north":{"uv":[2.125,5.125,2.625,6.75],"rotation":0,"texture":"#0","tintindex":0},"west":{"uv":[3.625,6.5,4.125,8.125],"rotation":0,"texture":"#0","tintindex":0},"up":{"uv":[6.25,5.625,5.75,5.125],"rotation":0,"texture":"#0","tintindex":0},"down":{"uv":[9.5,1.25,9.0,1.75],"rotation":0,"texture":"#0","tintindex":0}}},{"from":[8.0,-1.4142141,0.09506798],"to":[8.0,4.871501,5.809354],"rotation":{"angle":45.0,"axis":"x","origin":[8.0,2.5857863,1.237925]},"faces":{"east":{"uv":[3.75,1.25,5.0,2.625],"rotation":0,"texture":"#0","tintindex":0},"south":{"uv":[0.0,0.0,0.0,1.375],"rotation":0,"texture":"#0","tintindex":0},"north":{"uv":[0.0,0.0,0.0,1.375],"rotation":0,"texture":"#0","tintindex":0},"west":{"uv":[1.5,3.75,2.75,5.125],"rotation":0,"texture":"#0","tintindex":0},"up":{"uv":[0.0,1.25,0.0,0.0],"rotation":0,"texture":"#0","tintindex":0},"down":{"uv":[0.0,0.0,0.0,1.25],"rotation":0,"texture":"#0","tintindex":0}}},{"from":[7.428571,4.4674397,0.83386374],"to":[8.571428,6.1817255,1.405292],"rotation":{"angle":45.0,"axis":"x","origin":[-2.285715,2.1817255,0.83386374]},"faces":{"east":{"uv":[2.625,5.125,2.75,5.5],"rotation":0,"texture":"#0","tintindex":0},"south":{"uv":[7.25,7.625,7.5,8.0],"rotation":0,"texture":"#0","tintindex":0},"north":{"uv":[7.25,2.5,7.5,2.875],"rotation":0,"texture":"#0","tintindex":0},"west":{"uv":[5.25,3.125,5.375,3.5],"rotation":0,"texture":"#0","tintindex":0},"up":{"uv":[5.25,2.625,5.0,2.5],"rotation":0,"texture":"#0","tintindex":0},"down":{"uv":[5.875,1.125,5.625,1.25],"rotation":0,"texture":"#0","tintindex":0}}},{"from":[7.142857,7.8476763,5.4881997],"to":[8.857143,11.276248,7.2024856],"rotation":{"angle":45.0,"axis":"x","origin":[12.285715,5.8840322,4.860132]},"faces":{"east":{"uv":[8.75,5.25,9.125,6.0],"rotation":0,"texture":"#0","tintindex":0},"south":{"uv":[5.5,8.75,5.875,9.5],"rotation":0,"texture":"#0","tintindex":0},"north":{"uv":[1.5,8.75,1.875,9.5],"rotation":0,"texture":"#0","tintindex":0},"west":{"uv":[5.875,8.75,6.25,9.5],"rotation":0,"texture":"#0","tintindex":0},"up":{"uv":[9.5,8.875,9.125,8.5],"rotation":0,"texture":"#0","tintindex":0},"down":{"uv":[9.5,8.875,9.125,9.25],"rotation":0,"texture":"#0","tintindex":0}}},{"from":[5.714286,5.17752,2.1559834],"to":[6.857143,5.17752,7.2988405],"rotation":{"angle":-45.0,"axis":"x","origin":[7.428571,4.6060915,7.2988405]},"faces":{"east":{"uv":[0.0,0.0,1.125,0.0],"rotation":0,"texture":"#0","tintindex":0},"south":{"uv":[0.0,0.0,0.25,0.0],"rotation":0,"texture":"#0","tintindex":0},"north":{"uv":[0.0,0.0,0.25,0.0],"rotation":0,"texture":"#0","tintindex":0},"west":{"uv":[0.0,0.0,1.125,0.0],"rotation":0,"texture":"#0","tintindex":0},"up":{"uv":[7.25,10.0,7.0,8.875],"rotation":0,"texture":"#0","tintindex":0},"down":{"uv":[8.625,8.875,8.375,10.0],"rotation":0,"texture":"#0","tintindex":0}}},{"from":[9.142858,5.8876004,1.2498193],"to":[10.285714,8.173315,1.2498193],"rotation":{"angle":-45.0,"axis":"x","origin":[9.714286,7.0304575,8.106962]},"faces":{"east":{"uv":[0.0,0.0,0.0,0.5],"rotation":0,"texture":"#0","tintindex":0},"south":{"uv":[9.375,0.0,9.625,0.5],"rotation":0,"texture":"#0","tintindex":0},"north":{"uv":[0.0,9.375,0.25,9.875],"rotation":0,"texture":"#0","tintindex":0},"west":{"uv":[0.0,0.0,0.0,0.5],"rotation":0,"texture":"#0","tintindex":0},"up":{"uv":[0.25,0.0,0.0,0.0],"rotation":0,"texture":"#0","tintindex":0},"down":{"uv":[0.25,0.0,0.0,0.0],"rotation":0,"texture":"#0","tintindex":0}}},{"from":[4.5714283,8.0752735,-3.8930387],"to":[7.428571,8.0752735,1.821248],"rotation":{"angle":-45.0,"axis":"x","origin":[7.428571,8.646702,8.106962]},"faces":{"east":{"uv":[0.0,0.0,1.25,0.0],"rotation":0,"texture":"#0","tintindex":0},"south":{"uv":[0.0,0.0,0.625,0.0],"rotation":0,"texture":"#0","tintindex":0},"north":{"uv":[0.0,0.0,0.625,0.0],"rotation":0,"texture":"#0","tintindex":0},"west":{"uv":[0.0,0.0,1.25,0.0],"rotation":0,"texture":"#0","tintindex":0},"up":{"uv":[5.75,7.875,5.125,6.625],"rotation":0,"texture":"#0","tintindex":0},"down":{"uv":[2.5,6.75,1.875,8.0],"rotation":0,"texture":"#0","tintindex":0}}}],"display":{"head":{"translation":[0.0,-6.4,0.0],"scale":[4.0,4.0,4.0]}}}