{"textures":{"0":"modelengine:entity/zc_impaler"},"elements":[{"from":[5.5,3.8050842,7.485479],"to":[7.214286,8.947942,9.199765],"rotation":{"angle":45.0,"axis":"x","origin":[4.642857,9.036356,6.086218]},"faces":{"east":{"uv":[0.0,8.25,0.375,9.375],"rotation":0,"texture":"#0","tintindex":0},"south":{"uv":[0.375,8.25,0.75,9.375],"rotation":0,"texture":"#0","tintindex":0},"north":{"uv":[8.125,6.375,8.5,7.5],"rotation":0,"texture":"#0","tintindex":0},"west":{"uv":[8.25,1.125,8.625,2.25],"rotation":0,"texture":"#0","tintindex":0},"up":{"uv":[3.875,9.625,3.5,9.25],"rotation":0,"texture":"#0","tintindex":0},"down":{"uv":[9.625,3.75,9.25,4.125],"rotation":0,"texture":"#0","tintindex":0}}},{"from":[4.928571,6.285714,6.5714283],"to":[7.785714,9.714286,8.857143],"rotation":{"angle":22.5,"axis":"x","origin":[8.0,8.0,8.0]},"faces":{"east":{"uv":[4.625,8.25,5.125,9.0],"rotation":0,"texture":"#0","tintindex":0},"south":{"uv":[5.125,7.875,5.75,8.625],"rotation":0,"texture":"#0","tintindex":0},"north":{"uv":[7.75,4.5,8.375,5.25],"rotation":0,"texture":"#0","tintindex":0},"west":{"uv":[8.25,5.25,8.75,6.0],"rotation":0,"texture":"#0","tintindex":0},"up":{"uv":[9.375,1.0,8.75,0.5],"rotation":0,"texture":"#0","tintindex":0},"down":{"uv":[9.375,1.875,8.75,2.375],"rotation":0,"texture":"#0","tintindex":0}}}],"display":{"head":{"translation":[0.0,-6.4,0.0],"scale":[4.0,4.0,4.0]}}}