{"textures":{"0":"modelengine:entity/zc_impaler"},"elements":[{"from":[7.1904764,7.578302,5.3178587],"to":[8.904762,11.006874,7.0321445],"rotation":{"angle":45.0,"axis":"x","origin":[12.333334,5.6146584,4.6897907]},"faces":{"east":{"uv":[8.75,8.625,9.125,9.375],"rotation":0,"texture":"#0","tintindex":0},"south":{"uv":[6.25,8.875,6.625,9.625],"rotation":0,"texture":"#0","tintindex":0},"north":{"uv":[8.75,7.875,9.125,8.625],"rotation":0,"texture":"#0","tintindex":0},"west":{"uv":[6.625,8.875,7.0,9.625],"rotation":0,"texture":"#0","tintindex":0},"up":{"uv":[3.5,9.625,3.125,9.25],"rotation":0,"texture":"#0","tintindex":0},"down":{"uv":[9.625,3.375,9.25,3.75],"rotation":0,"texture":"#0","tintindex":0}}},{"from":[6.904762,0.1497302,5.0321445],"to":[9.190476,7.578302,7.3178587],"rotation":{"angle":45.0,"axis":"x","origin":[12.333334,5.6146584,4.6897907]},"faces":{"east":{"uv":[0.5,6.625,1.0,8.25],"rotation":0,"texture":"#0","tintindex":0},"south":{"uv":[4.125,6.625,4.625,8.25],"rotation":0,"texture":"#0","tintindex":0},"north":{"uv":[0.0,6.625,0.5,8.25],"rotation":0,"texture":"#0","tintindex":0},"west":{"uv":[4.625,6.625,5.125,8.25],"rotation":0,"texture":"#0","tintindex":0},"up":{"uv":[4.625,9.5,4.125,9.0],"rotation":0,"texture":"#0","tintindex":0},"down":{"uv":[5.125,9.0,4.625,9.5],"rotation":0,"texture":"#0","tintindex":0}}},{"from":[8.619047,2.2470865,2.6145015],"to":[9.761905,4.5328007,3.757359],"rotation":{"angle":45.0,"axis":"x","origin":[6.333333,1.104229,1.4716444]},"faces":{"east":{"uv":[8.0,1.125,8.25,1.625],"rotation":0,"texture":"#0","tintindex":0},"south":{"uv":[8.125,9.125,8.375,9.625],"rotation":0,"texture":"#0","tintindex":0},"north":{"uv":[7.25,2.0,7.5,2.5],"rotation":0,"texture":"#0","tintindex":0},"west":{"uv":[3.875,9.25,4.125,9.75],"rotation":0,"texture":"#0","tintindex":0},"up":{"uv":[9.625,2.75,9.375,2.5],"rotation":0,"texture":"#0","tintindex":0},"down":{"uv":[9.625,2.75,9.375,3.0],"rotation":0,"texture":"#0","tintindex":0}}},{"from":[7.239497,3.1245346,5.1081944],"to":[9.525211,7.695963,5.1081944],"rotation":{"angle":-45.0,"axis":"z","origin":[8.382354,3.1245346,5.1081944]},"faces":{"east":{"uv":[0.0,0.0,0.0,1.0],"rotation":0,"texture":"#0","tintindex":0},"south":{"uv":[7.5,1.0,8.0,2.0],"rotation":0,"texture":"#0","tintindex":0},"north":{"uv":[1.0,7.5,1.5,8.5],"rotation":0,"texture":"#0","tintindex":0},"west":{"uv":[0.0,0.0,0.0,1.0],"rotation":0,"texture":"#0","tintindex":0},"up":{"uv":[0.5,0.0,0.0,0.0],"rotation":0,"texture":"#0","tintindex":0},"down":{"uv":[0.5,0.0,0.0,0.0],"rotation":0,"texture":"#0","tintindex":0}}},{"from":[6.333333,4.042592,4.1327047],"to":[9.761905,4.042592,11.561276],"rotation":{"angle":-45.0,"axis":"x","origin":[8.619047,9.18545,4.704133]},"faces":{"east":{"uv":[0.0,0.0,1.625,0.0],"rotation":0,"texture":"#0","tintindex":0},"south":{"uv":[0.0,0.0,0.75,0.0],"rotation":0,"texture":"#0","tintindex":0},"north":{"uv":[0.0,0.0,0.75,0.0],"rotation":0,"texture":"#0","tintindex":0},"west":{"uv":[0.0,0.0,1.625,0.0],"rotation":0,"texture":"#0","tintindex":0},"up":{"uv":[3.5,6.5,2.75,4.875],"rotation":0,"texture":"#0","tintindex":0},"down":{"uv":[4.25,4.875,3.5,6.5],"rotation":0,"texture":"#0","tintindex":0}}}],"display":{"head":{"translation":[0.0,-6.4,0.0],"scale":[4.0,4.0,4.0]}}}