{"textures":{"0":"modelengine:entity/zc_impaler"},"elements":[{"from":[6.857143,6.857143,4.5714283],"to":[9.142858,8.0,9.142858],"rotation":{"angle":0.0,"axis":"y","origin":[6.285714,16.820787,8.48521]},"faces":{"east":{"uv":[8.5,7.25,9.5,7.5],"rotation":0,"texture":"#0","tintindex":0},"south":{"uv":[9.25,4.875,9.75,5.125],"rotation":0,"texture":"#0","tintindex":0},"north":{"uv":[7.0,1.0,7.5,1.25],"rotation":0,"texture":"#0","tintindex":0},"west":{"uv":[9.0,1.0,10.0,1.25],"rotation":0,"texture":"#0","tintindex":0},"up":{"uv":[7.5,1.0,7.0,0.0],"rotation":0,"texture":"#0","tintindex":0},"down":{"uv":[7.75,4.5,7.25,5.5],"rotation":0,"texture":"#0","tintindex":0}}}],"display":{"head":{"translation":[0.0,-6.4,0.0],"scale":[4.0,4.0,4.0]}}}