{"textures":{"0":"modelengine:entity/zc_impaler"},"elements":[{"from":[7.16,3.869481,5.755349],"to":[8.845715,9.583767,7.469635],"rotation":{"angle":-22.5,"axis":"x","origin":[6.285714,12.580956,10.422359]},"faces":{"east":{"uv":[7.5,2.0,7.875,3.25],"rotation":0,"texture":"#0","tintindex":0},"south":{"uv":[5.75,7.5,6.125,8.75],"rotation":0,"texture":"#0","tintindex":0},"north":{"uv":[1.5,7.5,1.875,8.75],"rotation":0,"texture":"#0","tintindex":0},"west":{"uv":[6.125,7.5,6.5,8.75],"rotation":0,"texture":"#0","tintindex":0},"up":{"uv":[7.25,4.875,6.875,4.5],"rotation":0,"texture":"#0","tintindex":0},"down":{"uv":[8.125,9.125,7.75,9.5],"rotation":0,"texture":"#0","tintindex":0}}}],"display":{"head":{"translation":[0.0,-6.4,0.0],"scale":[4.0,4.0,4.0]}}}