{"textures":{"0":"modelengine:entity/zc_impaler"},"elements":[{"from":[4.5714283,7.083886,7.0413527],"to":[11.428572,12.798172,10.469924],"rotation":{"angle":-22.5,"axis":"x","origin":[8.0,5.642517,6.090634]},"faces":{"east":{"uv":[6.25,0.0,7.0,1.25],"rotation":0,"texture":"#0","tintindex":0},"south":{"uv":[3.75,0.0,5.25,1.25],"rotation":0,"texture":"#0","tintindex":0},"north":{"uv":[0.0,3.375,1.5,4.625],"rotation":0,"texture":"#0","tintindex":0},"west":{"uv":[1.125,6.25,1.875,7.5],"rotation":0,"texture":"#0","tintindex":0},"up":{"uv":[5.75,5.625,4.25,4.875],"rotation":0,"texture":"#0","tintindex":0},"down":{"uv":[6.5,1.25,5.0,2.0],"rotation":0,"texture":"#0","tintindex":0}}},{"from":[6.857143,10.285714,5.714286],"to":[8.571428,11.428572,6.285714],"rotation":{"angle":-22.5,"axis":"x","origin":[5.142857,7.428571,5.142857]},"faces":{"east":{"uv":[5.25,3.5,5.375,3.75],"rotation":0,"texture":"#0","tintindex":0},"south":{"uv":[0.625,9.375,1.0,9.625],"rotation":0,"texture":"#0","tintindex":0},"north":{"uv":[9.375,0.5,9.75,0.75],"rotation":0,"texture":"#0","tintindex":0},"west":{"uv":[2.625,5.5,2.75,5.75],"rotation":0,"texture":"#0","tintindex":0},"up":{"uv":[1.5,5.125,1.125,5.0],"rotation":0,"texture":"#0","tintindex":0},"down":{"uv":[5.625,1.125,5.25,1.25],"rotation":0,"texture":"#0","tintindex":0}}},{"from":[6.857143,9.714286,5.714286],"to":[8.0,10.285714,6.285714],"rotation":{"angle":-22.5,"axis":"x","origin":[5.142857,7.428571,5.142857]},"faces":{"east":{"uv":[2.625,5.75,2.75,5.875],"rotation":0,"texture":"#0","tintindex":0},"south":{"uv":[5.75,6.625,6.0,6.75],"rotation":0,"texture":"#0","tintindex":0},"north":{"uv":[5.875,1.125,6.125,1.25],"rotation":0,"texture":"#0","tintindex":0},"west":{"uv":[2.625,5.875,2.75,6.0],"rotation":0,"texture":"#0","tintindex":0},"up":{"uv":[6.25,6.75,6.0,6.625],"rotation":0,"texture":"#0","tintindex":0},"down":{"uv":[6.75,7.5,6.5,7.625],"rotation":0,"texture":"#0","tintindex":0}}},{"from":[6.285714,8.142858,3.4285712],"to":[6.285714,16.714287,9.142858],"rotation":{"angle":45.0,"axis":"x","origin":[8.0,8.0,8.0]},"faces":{"east":{"uv":[2.5,0.0,3.75,1.875],"rotation":0,"texture":"#0","tintindex":0},"south":{"uv":[0.0,0.0,0.0,1.875],"rotation":0,"texture":"#0","tintindex":0},"north":{"uv":[0.0,0.0,0.0,1.875],"rotation":0,"texture":"#0","tintindex":0},"west":{"uv":[2.5,1.875,3.75,3.75],"rotation":0,"texture":"#0","tintindex":0},"up":{"uv":[0.0,1.25,0.0,0.0],"rotation":0,"texture":"#0","tintindex":0},"down":{"uv":[0.0,0.0,0.0,1.25],"rotation":0,"texture":"#0","tintindex":0}}},{"from":[8.571428,2.8571424,4.5714283],"to":[8.571428,18.285715,10.285714],"rotation":{"angle":45.0,"axis":"x","origin":[8.0,8.0,8.0]},"faces":{"east":{"uv":[0.0,0.0,1.25,3.375],"rotation":0,"texture":"#0","tintindex":0},"south":{"uv":[0.0,0.0,0.0,3.375],"rotation":0,"texture":"#0","tintindex":0},"north":{"uv":[0.0,0.0,0.0,3.375],"rotation":0,"texture":"#0","tintindex":0},"west":{"uv":[1.25,0.0,2.5,3.375],"rotation":0,"texture":"#0","tintindex":0},"up":{"uv":[0.0,1.25,0.0,0.0],"rotation":0,"texture":"#0","tintindex":0},"down":{"uv":[0.0,0.0,0.0,1.25],"rotation":0,"texture":"#0","tintindex":0}}},{"from":[5.714286,8.571428,1.7142854],"to":[5.714286,10.285714,6.285714],"rotation":{"angle":0.0,"axis":"y","origin":[8.0,8.0,8.0]},"faces":{"east":{"uv":[8.25,6.0,9.25,6.375],"rotation":0,"texture":"#0","tintindex":0},"south":{"uv":[0.0,0.0,0.0,0.375],"rotation":0,"texture":"#0","tintindex":0},"north":{"uv":[0.0,0.0,0.0,0.375],"rotation":0,"texture":"#0","tintindex":0},"west":{"uv":[8.5,6.375,9.5,6.75],"rotation":0,"texture":"#0","tintindex":0},"up":{"uv":[0.0,1.0,0.0,0.0],"rotation":0,"texture":"#0","tintindex":0},"down":{"uv":[0.0,0.0,0.0,1.0],"rotation":0,"texture":"#0","tintindex":0}}}],"display":{"head":{"translation":[0.0,-6.4,0.0],"scale":[4.0,4.0,4.0]}}}