{"textures":{"0":"modelengine:entity/zc_walker"},"elements":[{"from":[5.714286,8.0,5.428571],"to":[10.285714,12.571428,10.571428],"rotation":{"angle":0.0,"axis":"y","origin":[8.0,3.142857,8.0]},"faces":{"east":{"uv":[0.0,0.0,2.25,2.0],"rotation":0,"texture":"#0","tintindex":0},"south":{"uv":[4.25,0.0,6.25,2.0],"rotation":0,"texture":"#0","tintindex":0},"north":{"uv":[0.0,4.0,2.0,6.0],"rotation":0,"texture":"#0","tintindex":0},"west":{"uv":[0.0,2.0,2.25,4.0],"rotation":0,"texture":"#0","tintindex":0},"up":{"uv":[4.25,2.25,2.25,0.0],"rotation":0,"texture":"#0","tintindex":0},"down":{"uv":[4.25,2.25,2.25,4.5],"rotation":0,"texture":"#0","tintindex":0}}},{"from":[9.142858,11.428572,4.285714],"to":[9.142858,13.714286,8.857143],"rotation":{"angle":0.0,"axis":"y","origin":[8.0,8.0,8.0]},"faces":{"east":{"uv":[6.25,0.0,8.25,1.0],"rotation":0,"texture":"#0","tintindex":0},"south":{"uv":[0.0,0.0,0.0,1.0],"rotation":0,"texture":"#0","tintindex":0},"north":{"uv":[0.0,0.0,0.0,1.0],"rotation":0,"texture":"#0","tintindex":0},"west":{"uv":[6.25,1.0,8.25,2.0],"rotation":0,"texture":"#0","tintindex":0},"up":{"uv":[0.0,2.0,0.0,0.0],"rotation":0,"texture":"#0","tintindex":0},"down":{"uv":[0.0,0.0,0.0,2.0],"rotation":0,"texture":"#0","tintindex":0}}},{"from":[7.428571,12.571428,6.5714283],"to":[9.714286,13.142858,6.5714283],"rotation":{"angle":0.0,"axis":"y","origin":[8.0,8.0,8.0]},"faces":{"east":{"uv":[0.0,0.0,0.0,0.25],"rotation":0,"texture":"#0","tintindex":0},"south":{"uv":[10.5,5.5,11.5,5.75],"rotation":0,"texture":"#0","tintindex":0},"north":{"uv":[10.0,9.0,11.0,9.25],"rotation":0,"texture":"#0","tintindex":0},"west":{"uv":[0.0,0.0,0.0,0.25],"rotation":0,"texture":"#0","tintindex":0},"up":{"uv":[1.0,0.0,0.0,0.0],"rotation":0,"texture":"#0","tintindex":0},"down":{"uv":[1.0,0.0,0.0,0.0],"rotation":0,"texture":"#0","tintindex":0}}}],"display":{"head":{"translation":[0.0,-6.4,0.0],"scale":[4.0,4.0,4.0]}}}