{"textures":{"0":"modelengine:entity/zc_walker"},"elements":[{"from":[5.714286,8.0,6.857143],"to":[10.285714,11.428572,9.142858],"rotation":{"angle":0.0,"axis":"y","origin":[8.0,10.0,8.0]},"faces":{"east":{"uv":[0.0,7.25,1.0,8.75],"rotation":0,"texture":"#0","tintindex":0},"south":{"uv":[4.0,5.0,6.0,6.5],"rotation":0,"texture":"#0","tintindex":0},"north":{"uv":[2.0,4.5,4.0,6.0],"rotation":0,"texture":"#0","tintindex":0},"west":{"uv":[1.0,7.25,2.0,8.75],"rotation":0,"texture":"#0","tintindex":0},"up":{"uv":[8.0,6.0,6.0,5.0],"rotation":0,"texture":"#0","tintindex":0},"down":{"uv":[8.0,6.0,6.0,7.0],"rotation":0,"texture":"#0","tintindex":0}}},{"from":[9.142858,9.714286,5.142857],"to":[9.142858,11.428572,6.857143],"rotation":{"angle":0.0,"axis":"y","origin":[8.0,8.0,8.0]},"faces":{"east":{"uv":[5.25,10.5,6.0,11.25],"rotation":0,"texture":"#0","tintindex":0},"south":{"uv":[0.0,0.0,0.0,0.75],"rotation":0,"texture":"#0","tintindex":0},"north":{"uv":[0.0,0.0,0.0,0.75],"rotation":0,"texture":"#0","tintindex":0},"west":{"uv":[6.0,10.5,6.75,11.25],"rotation":0,"texture":"#0","tintindex":0},"up":{"uv":[0.0,0.75,0.0,0.0],"rotation":0,"texture":"#0","tintindex":0},"down":{"uv":[0.0,0.0,0.0,0.75],"rotation":0,"texture":"#0","tintindex":0}}},{"from":[7.428571,10.857143,5.714286],"to":[9.714286,10.857143,6.857143],"rotation":{"angle":0.0,"axis":"y","origin":[8.0,8.0,8.0]},"faces":{"east":{"uv":[0.0,0.0,0.5,0.0],"rotation":0,"texture":"#0","tintindex":0},"south":{"uv":[0.0,0.0,1.0,0.0],"rotation":0,"texture":"#0","tintindex":0},"north":{"uv":[0.0,0.0,1.0,0.0],"rotation":0,"texture":"#0","tintindex":0},"west":{"uv":[0.0,0.0,0.5,0.0],"rotation":0,"texture":"#0","tintindex":0},"up":{"uv":[11.5,4.25,10.5,3.75],"rotation":0,"texture":"#0","tintindex":0},"down":{"uv":[11.5,6.5,10.5,7.0],"rotation":0,"texture":"#0","tintindex":0}}}],"display":{"head":{"translation":[0.0,-6.4,0.0],"scale":[4.0,4.0,4.0]}}}