{"textures":{"0":"modelengine:entity/zc_walker"},"elements":[{"from":[6.857143,4.5714283,6.857143],"to":[9.142858,8.0,9.142858],"rotation":{"angle":0.0,"axis":"y","origin":[6.857143,10.0,8.0]},"faces":{"east":{"uv":[5.0,6.5,6.0,8.0],"rotation":0,"texture":"#0","tintindex":0},"south":{"uv":[6.0,7.0,7.0,8.5],"rotation":0,"texture":"#0","tintindex":0},"north":{"uv":[4.0,6.5,5.0,8.0],"rotation":0,"texture":"#0","tintindex":0},"west":{"uv":[7.0,7.0,8.0,8.5],"rotation":0,"texture":"#0","tintindex":0},"up":{"uv":[9.75,8.25,8.75,7.25],"rotation":0,"texture":"#0","tintindex":0},"down":{"uv":[9.0,8.75,8.0,9.75],"rotation":0,"texture":"#0","tintindex":0}}}],"display":{"head":{"translation":[0.0,-6.4,0.0],"scale":[4.0,4.0,4.0]}}}