{"textures":{"0":"modelengine:entity/zc_walker"},"elements":[{"from":[7.142857,5.714286,7.142857],"to":[8.857143,8.0,8.857143],"rotation":{"angle":0.0,"axis":"y","origin":[6.857143,13.428572,8.0]},"faces":{"east":{"uv":[9.75,4.75,10.5,5.75],"rotation":0,"texture":"#0","tintindex":0},"south":{"uv":[9.75,6.75,10.5,7.75],"rotation":0,"texture":"#0","tintindex":0},"north":{"uv":[9.5,5.75,10.25,6.75],"rotation":0,"texture":"#0","tintindex":0},"west":{"uv":[8.0,9.75,8.75,10.75],"rotation":0,"texture":"#0","tintindex":0},"up":{"uv":[3.0,11.0,2.25,10.25],"rotation":0,"texture":"#0","tintindex":0},"down":{"uv":[3.75,10.25,3.0,11.0],"rotation":0,"texture":"#0","tintindex":0}}}],"display":{"head":{"translation":[0.0,-6.4,0.0],"scale":[4.0,4.0,4.0]}}}