{"textures":{"0":"modelengine:entity/zc_impaler"},"elements":[{"from":[6.857143,6.857143,4.5714283],"to":[9.142858,8.0,9.142858],"rotation":{"angle":0.0,"axis":"y","origin":[6.285714,16.820787,8.48521]},"faces":{"east":{"uv":[9.125,5.25,10.125,5.5],"rotation":0,"texture":"#0","tintindex":0},"south":{"uv":[9.125,9.25,9.625,9.5],"rotation":0,"texture":"#0","tintindex":0},"north":{"uv":[9.25,6.0,9.75,6.25],"rotation":0,"texture":"#0","tintindex":0},"west":{"uv":[9.125,5.5,10.125,5.75],"rotation":0,"texture":"#0","tintindex":0},"up":{"uv":[7.875,6.5,7.375,5.5],"rotation":0,"texture":"#0","tintindex":0},"down":{"uv":[8.0,0.0,7.5,1.0],"rotation":0,"texture":"#0","tintindex":0}}}],"display":{"head":{"translation":[0.0,-6.4,0.0],"scale":[4.0,4.0,4.0]}}}