{"textures":{"0":"modelengine:entity/zc_impaler"},"elements":[{"from":[5.6571426,8.525636,3.9575167],"to":[10.228572,13.668493,9.100374],"rotation":{"angle":0.0,"axis":"y","origin":[7.9428573,1.4191341,7.4723067]},"faces":{"east":{"uv":[4.25,3.75,5.375,4.875],"rotation":0,"texture":"#0","tintindex":0},"south":{"uv":[5.25,0.0,6.25,1.125],"rotation":0,"texture":"#0","tintindex":0},"north":{"uv":[1.125,5.125,2.125,6.25],"rotation":0,"texture":"#0","tintindex":0},"west":{"uv":[0.0,4.625,1.125,5.75],"rotation":0,"texture":"#0","tintindex":0},"up":{"uv":[6.25,3.125,5.25,2.0],"rotation":0,"texture":"#0","tintindex":0},"down":{"uv":[6.375,3.125,5.375,4.25],"rotation":0,"texture":"#0","tintindex":0}}},{"from":[6.1714287,13.668493,6.81466],"to":[10.742857,18.239922,6.81466],"rotation":{"angle":22.5,"axis":"x","origin":[7.885714,13.668493,6.81466]},"faces":{"east":{"uv":[0.0,0.0,0.0,1.0],"rotation":0,"texture":"#0","tintindex":0},"south":{"uv":[5.25,5.625,6.25,6.625],"rotation":0,"texture":"#0","tintindex":0},"north":{"uv":[4.25,5.625,5.25,6.625],"rotation":0,"texture":"#0","tintindex":0},"west":{"uv":[0.0,0.0,0.0,1.0],"rotation":0,"texture":"#0","tintindex":0},"up":{"uv":[1.0,0.0,0.0,0.0],"rotation":0,"texture":"#0","tintindex":0},"down":{"uv":[1.0,0.0,0.0,0.0],"rotation":0,"texture":"#0","tintindex":0}}},{"from":[6.2285714,11.954207,3.3860884],"to":[9.085714,14.239922,4.528946],"rotation":{"angle":0.0,"axis":"y","origin":[6.2285714,-9.18865,4.528946]},"faces":{"east":{"uv":[5.0,2.0,5.25,2.5],"rotation":0,"texture":"#0","tintindex":0},"south":{"uv":[8.75,2.875,9.375,3.375],"rotation":0,"texture":"#0","tintindex":0},"north":{"uv":[8.75,2.375,9.375,2.875],"rotation":0,"texture":"#0","tintindex":0},"west":{"uv":[1.875,6.25,2.125,6.75],"rotation":0,"texture":"#0","tintindex":0},"up":{"uv":[9.75,7.25,9.125,7.0],"rotation":0,"texture":"#0","tintindex":0},"down":{"uv":[9.75,7.5,9.125,7.75],"rotation":0,"texture":"#0","tintindex":0}}},{"from":[7.9428573,13.668493,3.9575171],"to":[9.657143,14.81135,5.100374],"rotation":{"angle":0.0,"axis":"y","origin":[9.657143,-10.331509,3.9575171]},"faces":{"east":{"uv":[8.0,1.625,8.25,1.875],"rotation":0,"texture":"#0","tintindex":0},"south":{"uv":[6.875,4.875,7.25,5.125],"rotation":0,"texture":"#0","tintindex":0},"north":{"uv":[5.375,4.625,5.75,4.875],"rotation":0,"texture":"#0","tintindex":0},"west":{"uv":[0.75,8.25,1.0,8.5],"rotation":0,"texture":"#0","tintindex":0},"up":{"uv":[8.75,5.25,8.375,5.0],"rotation":0,"texture":"#0","tintindex":0},"down":{"uv":[0.625,9.375,0.25,9.625],"rotation":0,"texture":"#0","tintindex":0}}},{"from":[6.8,11.382778,8.528946],"to":[7.9428573,12.525636,9.6718025],"rotation":{"angle":0.0,"axis":"y","origin":[9.657143,8.525636,8.528946]},"faces":{"east":{"uv":[1.0,9.375,1.25,9.625],"rotation":0,"texture":"#0","tintindex":0},"south":{"uv":[1.25,9.375,1.5,9.625],"rotation":0,"texture":"#0","tintindex":0},"north":{"uv":[9.375,0.75,9.625,1.0],"rotation":0,"texture":"#0","tintindex":0},"west":{"uv":[9.375,1.75,9.625,2.0],"rotation":0,"texture":"#0","tintindex":0},"up":{"uv":[9.625,2.25,9.375,2.0],"rotation":0,"texture":"#0","tintindex":0},"down":{"uv":[9.625,2.25,9.375,2.5],"rotation":0,"texture":"#0","tintindex":0}}},{"from":[5.6,13.668493,9.100374],"to":[10.171429,17.097065,9.100374],"rotation":{"angle":45.0,"axis":"x","origin":[7.885714,13.668493,9.100374]},"faces":{"east":{"uv":[0.0,0.0,0.0,0.75],"rotation":0,"texture":"#0","tintindex":0},"south":{"uv":[5.75,6.75,6.75,7.5],"rotation":0,"texture":"#0","tintindex":0},"north":{"uv":[6.5,1.25,7.5,2.0],"rotation":0,"texture":"#0","tintindex":0},"west":{"uv":[0.0,0.0,0.0,0.75],"rotation":0,"texture":"#0","tintindex":0},"up":{"uv":[1.0,0.0,0.0,0.0],"rotation":0,"texture":"#0","tintindex":0},"down":{"uv":[1.0,0.0,0.0,0.0],"rotation":0,"texture":"#0","tintindex":0}}},{"from":[10.3714285,9.668493,5.957517],"to":[12.085714,13.668493,5.957517],"rotation":{"angle":-22.5,"axis":"y","origin":[10.228572,11.668493,5.671803]},"faces":{"east":{"uv":[0.0,0.0,0.0,0.875],"rotation":0,"texture":"#0","tintindex":0},"south":{"uv":[1.125,8.5,1.5,9.375],"rotation":0,"texture":"#0","tintindex":0},"north":{"uv":[0.75,8.5,1.125,9.375],"rotation":0,"texture":"#0","tintindex":0},"west":{"uv":[0.0,0.0,0.0,0.875],"rotation":0,"texture":"#0","tintindex":0},"up":{"uv":[0.375,0.0,0.0,0.0],"rotation":0,"texture":"#0","tintindex":0},"down":{"uv":[0.375,0.0,0.0,0.0],"rotation":0,"texture":"#0","tintindex":0}}},{"from":[3.7999997,9.668493,5.957517],"to":[5.5142856,13.668493,5.957517],"rotation":{"angle":22.5,"axis":"y","origin":[5.6571426,11.668493,5.671803]},"faces":{"east":{"uv":[0.0,0.0,0.0,0.875],"rotation":0,"texture":"#0","tintindex":0},"south":{"uv":[5.125,8.625,5.5,9.5],"rotation":0,"texture":"#0","tintindex":0},"north":{"uv":[8.625,1.0,9.0,1.875],"rotation":0,"texture":"#0","tintindex":0},"west":{"uv":[0.0,0.0,0.0,0.875],"rotation":0,"texture":"#0","tintindex":0},"up":{"uv":[0.375,0.0,0.0,0.0],"rotation":0,"texture":"#0","tintindex":0},"down":{"uv":[0.375,0.0,0.0,0.0],"rotation":0,"texture":"#0","tintindex":0}}},{"from":[5.6,13.668493,7.957517],"to":[10.171429,15.382778,7.957517],"rotation":{"angle":45.0,"axis":"x","origin":[7.885714,13.668493,7.957517]},"faces":{"east":{"uv":[0.0,0.0,0.0,0.375],"rotation":0,"texture":"#0","tintindex":0},"south":{"uv":[8.125,7.5,9.125,7.875],"rotation":0,"texture":"#0","tintindex":0},"north":{"uv":[1.5,3.375,2.5,3.75],"rotation":0,"texture":"#0","tintindex":0},"west":{"uv":[0.0,0.0,0.0,0.375],"rotation":0,"texture":"#0","tintindex":0},"up":{"uv":[1.0,0.0,0.0,0.0],"rotation":0,"texture":"#0","tintindex":0},"down":{"uv":[1.0,0.0,0.0,0.0],"rotation":0,"texture":"#0","tintindex":0}}},{"from":[5.6571426,10.81135,9.100374],"to":[10.228572,10.81135,10.243232],"rotation":{"angle":0.0,"axis":"y","origin":[9.657143,9.097064,9.6718025]},"faces":{"east":{"uv":[0.0,0.0,0.25,0.0],"rotation":0,"texture":"#0","tintindex":0},"south":{"uv":[0.0,0.0,1.0,0.0],"rotation":0,"texture":"#0","tintindex":0},"north":{"uv":[0.0,0.0,1.0,0.0],"rotation":0,"texture":"#0","tintindex":0},"west":{"uv":[0.0,0.0,0.25,0.0],"rotation":0,"texture":"#0","tintindex":0},"up":{"uv":[10.125,6.0,9.125,5.75],"rotation":0,"texture":"#0","tintindex":0},"down":{"uv":[10.125,6.75,9.125,7.0],"rotation":0,"texture":"#0","tintindex":0}}},{"from":[10.228572,9.097064,7.957517],"to":[11.942858,13.668493,7.957517],"rotation":{"angle":-45.0,"axis":"y","origin":[10.228572,11.097064,7.957517]},"faces":{"east":{"uv":[0.0,0.0,0.0,1.0],"rotation":0,"texture":"#0","tintindex":0},"south":{"uv":[8.375,3.0,8.75,4.0],"rotation":0,"texture":"#0","tintindex":0},"north":{"uv":[8.375,0.0,8.75,1.0],"rotation":0,"texture":"#0","tintindex":0},"west":{"uv":[0.0,0.0,0.0,1.0],"rotation":0,"texture":"#0","tintindex":0},"up":{"uv":[0.375,0.0,0.0,0.0],"rotation":0,"texture":"#0","tintindex":0},"down":{"uv":[0.375,0.0,0.0,0.0],"rotation":0,"texture":"#0","tintindex":0}}},{"from":[3.9428568,9.097064,7.957517],"to":[5.6571426,13.668493,7.957517],"rotation":{"angle":45.0,"axis":"y","origin":[5.6571426,11.382778,7.957517]},"faces":{"east":{"uv":[0.0,0.0,0.0,1.0],"rotation":0,"texture":"#0","tintindex":0},"south":{"uv":[8.375,7.875,8.75,8.875],"rotation":0,"texture":"#0","tintindex":0},"north":{"uv":[8.375,4.0,8.75,5.0],"rotation":0,"texture":"#0","tintindex":0},"west":{"uv":[0.0,0.0,0.0,1.0],"rotation":0,"texture":"#0","tintindex":0},"up":{"uv":[0.375,0.0,0.0,0.0],"rotation":0,"texture":"#0","tintindex":0},"down":{"uv":[0.375,0.0,0.0,0.0],"rotation":0,"texture":"#0","tintindex":0}}},{"from":[6.8,7.358008,6.1655693],"to":[9.085714,10.215151,8.451284],"rotation":{"angle":-22.5,"axis":"x","origin":[5.6571426,9.072293,7.0227127]},"faces":{"east":{"uv":[8.75,3.375,9.25,4.0],"rotation":0,"texture":"#0","tintindex":0},"south":{"uv":[8.75,4.0,9.25,4.625],"rotation":0,"texture":"#0","tintindex":0},"north":{"uv":[6.375,3.625,6.875,4.25],"rotation":0,"texture":"#0","tintindex":0},"west":{"uv":[8.75,4.625,9.25,5.25],"rotation":0,"texture":"#0","tintindex":0},"up":{"uv":[2.375,9.625,1.875,9.125],"rotation":0,"texture":"#0","tintindex":0},"down":{"uv":[7.75,9.125,7.25,9.625],"rotation":0,"texture":"#0","tintindex":0}}},{"from":[4.5142856,12.382778,5.243232],"to":[11.3714285,17.525637,5.243232],"rotation":{"angle":22.5,"axis":"x","origin":[7.9428573,13.668493,5.671803]},"faces":{"east":{"uv":[0.0,0.0,0.0,1.125],"rotation":0,"texture":"#0","tintindex":0},"south":{"uv":[2.75,3.75,4.25,4.875],"rotation":0,"texture":"#0","tintindex":0},"north":{"uv":[3.75,2.625,5.25,3.75],"rotation":0,"texture":"#0","tintindex":0},"west":{"uv":[0.0,0.0,0.0,1.125],"rotation":0,"texture":"#0","tintindex":0},"up":{"uv":[1.5,0.0,0.0,0.0],"rotation":0,"texture":"#0","tintindex":0},"down":{"uv":[1.5,0.0,0.0,0.0],"rotation":0,"texture":"#0","tintindex":0}}}],"display":{"head":{"translation":[0.0,-6.4,0.0],"scale":[4.0,4.0,4.0]}}}