{"textures":{"0":"modelengine:entity/zc_impaler"},"elements":[{"from":[7.1571426,3.869481,5.755349],"to":[8.842857,9.583767,7.469635],"rotation":{"angle":-22.5,"axis":"x","origin":[6.2885714,12.580956,10.422359]},"faces":{"east":{"uv":[6.5,7.625,6.875,8.875],"rotation":0,"texture":"#0","tintindex":0},"south":{"uv":[6.875,7.625,7.25,8.875],"rotation":0,"texture":"#0","tintindex":0},"north":{"uv":[7.625,3.25,8.0,4.5],"rotation":0,"texture":"#0","tintindex":0},"west":{"uv":[7.875,2.0,8.25,3.25],"rotation":0,"texture":"#0","tintindex":0},"up":{"uv":[9.625,4.5,9.25,4.125],"rotation":0,"texture":"#0","tintindex":0},"down":{"uv":[9.625,4.5,9.25,4.875],"rotation":0,"texture":"#0","tintindex":0}}}],"display":{"head":{"translation":[0.0,-6.4,0.0],"scale":[4.0,4.0,4.0]}}}