{"textures":{"0":"modelengine:entity/zc_impaler"},"elements":[{"from":[8.0,3.0455008,8.274785],"to":[9.714286,8.188358,9.989071],"rotation":{"angle":-45.0,"axis":"x","origin":[8.857143,6.759787,7.989071]},"faces":{"east":{"uv":[3.0,8.125,3.375,9.25],"rotation":0,"texture":"#0","tintindex":0},"south":{"uv":[3.375,8.125,3.75,9.25],"rotation":0,"texture":"#0","tintindex":0},"north":{"uv":[2.625,8.125,3.0,9.25],"rotation":0,"texture":"#0","tintindex":0},"west":{"uv":[3.75,8.125,4.125,9.25],"rotation":0,"texture":"#0","tintindex":0},"up":{"uv":[2.75,9.625,2.375,9.25],"rotation":0,"texture":"#0","tintindex":0},"down":{"uv":[3.125,9.25,2.75,9.625],"rotation":0,"texture":"#0","tintindex":0}}}],"display":{"head":{"translation":[0.0,-6.4,0.0],"scale":[4.0,4.0,4.0]}}}