{"textures":{"0":"modelengine:entity/enderman"},"elements":[{"from":[5.714286,1.1428566,6.857143],"to":[10.285714,8.0,9.142858],"rotation":{"angle":0.0,"axis":"y","origin":[8.0,-14.285715,8.0]},"faces":{"east":{"uv":[8.0,10.0,9.0,16.0],"rotation":0,"texture":"#0","tintindex":0},"south":{"uv":[12.0,10.0,14.0,16.0],"rotation":0,"texture":"#0","tintindex":0},"north":{"uv":[9.0,10.0,11.0,16.0],"rotation":0,"texture":"#0","tintindex":0},"west":{"uv":[11.0,10.0,12.0,16.0],"rotation":0,"texture":"#0","tintindex":0},"up":{"uv":[11.0,10.0,9.0,8.0],"rotation":0,"texture":"#0","tintindex":0},"down":{"uv":[13.0,8.0,11.0,10.0],"rotation":0,"texture":"#0","tintindex":0}}}],"display":{"head":{"translation":[0.0,-6.4,0.0],"scale":[4.0,4.0,4.0]}}}