{"textures":{"0":"modelengine:entity/enderman"},"elements":[{"from":[6.0,8.285714,6.0],"to":[10.0,12.285715,10.0],"rotation":{"angle":0.0,"axis":"y","origin":[8.0,-14.285715,8.0]},"faces":{"east":{"uv":[0.0,12.0,2.0,16.0],"rotation":0,"texture":"#0","tintindex":0},"south":{"uv":[6.0,12.0,8.0,16.0],"rotation":0,"texture":"#0","tintindex":0},"north":{"uv":[2.0,12.0,4.0,16.0],"rotation":0,"texture":"#0","tintindex":0},"west":{"uv":[4.0,12.0,6.0,16.0],"rotation":0,"texture":"#0","tintindex":0},"up":{"uv":[4.0,12.0,2.0,8.0],"rotation":0,"texture":"#0","tintindex":0},"down":{"uv":[6.0,8.0,4.0,12.0],"rotation":0,"texture":"#0","tintindex":0}}}],"display":{"head":{"translation":[0.0,-6.4,0.0],"scale":[4.0,4.0,4.0]}}}