{"textures":{"0":"modelengine:entity/enderman"},"elements":[{"from":[7.428571,-8.0,7.428571],"to":[8.571428,9.142858,8.571428],"rotation":{"angle":0.0,"axis":"y","origin":[10.857143,-13.1428585,8.0]},"faces":{"east":{"uv":[15.5,1.0,15.0,16.0],"rotation":0,"texture":"#0","tintindex":0},"south":{"uv":[16.0,1.0,15.5,16.0],"rotation":0,"texture":"#0","tintindex":0},"north":{"uv":[15.0,1.0,14.5,16.0],"rotation":0,"texture":"#0","tintindex":0},"west":{"uv":[14.5,1.0,14.0,16.0],"rotation":0,"texture":"#0","tintindex":0},"up":{"uv":[14.5,1.0,15.0,0.0],"rotation":0,"texture":"#0","tintindex":0},"down":{"uv":[15.0,0.0,15.5,1.0],"rotation":0,"texture":"#0","tintindex":0}}}],"display":{"head":{"translation":[0.0,-6.4,0.0],"scale":[4.0,4.0,4.0]}}}