{"textures":{"0":"modelengine:entity/texture"},"elements":[{"from":[3.0,4.0,1.9999862],"to":[13.0,12.0,10.999987],"rotation":{"angle":0.0,"axis":"y","origin":[8.0,8.0,7.9999866]},"faces":{"east":{"uv":[0.0,0.9375,0.9375,1.8125],"rotation":0,"texture":"#0","tintindex":0},"south":{"uv":[2.9375,0.9375,4.0,1.8125],"rotation":0,"texture":"#0","tintindex":0},"north":{"uv":[0.9375,0.9375,2.0,1.8125],"rotation":0,"texture":"#0","tintindex":0},"west":{"uv":[2.0,0.9375,2.9375,1.8125],"rotation":0,"texture":"#0","tintindex":0},"up":{"uv":[2.0,0.9375,0.9375,0.0],"rotation":0,"texture":"#0","tintindex":0},"down":{"uv":[3.0625,0.0,2.0,0.9375],"rotation":0,"texture":"#0","tintindex":0}}}],"display":{"head":{"translation":[0.0,-6.4,0.0],"scale":[4.0,4.0,4.0]}}}