{"textures":{"0":"modelengine:entity/texture"},"elements":[{"from":[5.0249996,4.5,3.0],"to":[10.975,11.5,13.0],"rotation":{"angle":0.0,"axis":"y","origin":[8.0,8.0,8.0]},"faces":{"east":{"uv":[2.5625,3.5,3.625,4.25],"rotation":0,"texture":"#0","tintindex":0},"south":{"uv":[5.3125,3.5,5.9375,4.25],"rotation":0,"texture":"#0","tintindex":0},"north":{"uv":[3.625,3.5,4.25,4.25],"rotation":0,"texture":"#0","tintindex":0},"west":{"uv":[4.25,3.5,5.3125,4.25],"rotation":0,"texture":"#0","tintindex":0},"up":{"uv":[4.25,3.5,3.625,2.4375],"rotation":0,"texture":"#0","tintindex":0},"down":{"uv":[4.875,2.4375,4.25,3.5],"rotation":0,"texture":"#0","tintindex":0}}}],"display":{"head":{"translation":[0.0,-6.4,0.0],"scale":[4.0,4.0,4.0]}}}