{"textures":{"0":"modelengine:entity/texture"},"elements":[{"from":[4.0,4.0,5.0],"to":[12.0,12.0,12.0],"rotation":{"angle":0.0,"axis":"y","origin":[8.0,8.0,8.0]},"faces":{"east":{"uv":[0.0,4.25,0.75,5.125],"rotation":0,"texture":"#0","tintindex":0},"south":{"uv":[2.375,4.25,3.25,5.125],"rotation":0,"texture":"#0","tintindex":0},"north":{"uv":[0.75,4.25,1.625,5.125],"rotation":0,"texture":"#0","tintindex":0},"west":{"uv":[1.625,4.25,2.375,5.125],"rotation":0,"texture":"#0","tintindex":0},"up":{"uv":[1.625,4.25,0.75,3.5],"rotation":0,"texture":"#0","tintindex":0},"down":{"uv":[2.5,3.5,1.625,4.25],"rotation":0,"texture":"#0","tintindex":0}}}],"display":{"head":{"translation":[0.0,-6.4,0.0],"scale":[4.0,4.0,4.0]}}}