{"textures":{"0":"modelengine:entity/texture"},"elements":[{"from":[3.5889683,12.448476,0.3736658],"to":[11.588968,18.448475,0.3736658],"rotation":{"angle":0.0,"axis":"y","origin":[7.9999886,8.000027,8.000009]},"faces":{"east":{"uv":[3.5,5.75,3.5,6.375],"rotation":0,"texture":"#0","tintindex":0},"south":{"uv":[4.375,5.75,5.25,6.375],"rotation":0,"texture":"#0","tintindex":0},"north":{"uv":[3.5,5.75,4.375,6.375],"rotation":0,"texture":"#0","tintindex":0},"west":{"uv":[4.375,5.75,4.375,6.375],"rotation":0,"texture":"#0","tintindex":0},"up":{"uv":[4.375,5.75,3.5,5.75],"rotation":0,"texture":"#0","tintindex":0},"down":{"uv":[5.25,5.75,4.375,5.75],"rotation":0,"texture":"#0","tintindex":0}}},{"from":[5.5889683,14.448477,-0.6263342],"to":[11.588968,16.448477,1.3736658],"rotation":{"angle":0.0,"axis":"y","origin":[7.9999886,8.000027,8.000009]},"faces":{"east":{"uv":[7.5,2.875,7.6875,3.0625],"rotation":0,"texture":"#0","tintindex":0},"south":{"uv":[8.5,2.875,9.125,3.0625],"rotation":0,"texture":"#0","tintindex":0},"north":{"uv":[7.6875,2.875,8.3125,3.0625],"rotation":0,"texture":"#0","tintindex":0},"west":{"uv":[8.3125,2.875,8.5,3.0625],"rotation":0,"texture":"#0","tintindex":0},"up":{"uv":[8.3125,2.875,7.6875,2.6875],"rotation":0,"texture":"#0","tintindex":0},"down":{"uv":[8.9375,2.6875,8.3125,2.875],"rotation":0,"texture":"#0","tintindex":0}}}],"display":{"head":{"translation":[0.0,-6.4,0.0],"scale":[4.0,4.0,4.0]}}}