{"textures":{"0":"modelengine:entity/texture"},"elements":[{"from":[7.4824233,-5.0154257,14.536841],"to":[15.482424,12.984575,14.536841],"rotation":{"angle":0.0,"axis":"y","origin":[8.0,8.0,8.0]},"faces":{"east":{"uv":[2.625,5.75,2.625,7.6875],"rotation":0,"texture":"#0","tintindex":0},"south":{"uv":[3.5,5.75,2.625,7.6875],"rotation":0,"texture":"#0","tintindex":0},"north":{"uv":[2.625,5.75,1.75,7.6875],"rotation":0,"texture":"#0","tintindex":0},"west":{"uv":[1.75,5.75,1.75,7.6875],"rotation":0,"texture":"#0","tintindex":0},"up":{"uv":[1.75,5.75,2.625,5.75],"rotation":0,"texture":"#0","tintindex":0},"down":{"uv":[2.625,5.75,3.5,5.75],"rotation":0,"texture":"#0","tintindex":0}}}],"display":{"head":{"translation":[0.0,-6.4,0.0],"scale":[4.0,4.0,4.0]}}}