{"textures":{"0":"modelengine:entity/texture"},"elements":[{"from":[3.5889683,-5.551525,0.3736658],"to":[10.588968,12.448476,0.3736658],"rotation":{"angle":0.0,"axis":"y","origin":[7.9999886,8.000027,8.000009]},"faces":{"east":{"uv":[3.5,6.875,3.5,8.8125],"rotation":0,"texture":"#0","tintindex":0},"south":{"uv":[4.25,6.875,5.0,8.8125],"rotation":0,"texture":"#0","tintindex":0},"north":{"uv":[3.5,6.875,4.25,8.8125],"rotation":0,"texture":"#0","tintindex":0},"west":{"uv":[4.25,6.875,4.25,8.8125],"rotation":0,"texture":"#0","tintindex":0},"up":{"uv":[4.25,6.875,3.5,6.875],"rotation":0,"texture":"#0","tintindex":0},"down":{"uv":[5.0,6.875,4.25,6.875],"rotation":0,"texture":"#0","tintindex":0}}}],"display":{"head":{"translation":[0.0,-6.4,0.0],"scale":[4.0,4.0,4.0]}}}