{"textures":{"0":"modelengine:entity/texture"},"elements":[{"from":[1.6537786,8.285786,6.7617774],"to":[13.653779,10.285786,8.761778],"rotation":{"angle":0.0,"axis":"y","origin":[8.000011,8.000027,8.000009]},"faces":{"east":{"uv":[7.875,0.1875,7.6875,0.375],"rotation":0,"texture":"#0","tintindex":0},"south":{"uv":[9.1875,0.1875,7.875,0.375],"rotation":0,"texture":"#0","tintindex":0},"north":{"uv":[7.6875,0.1875,6.375,0.375],"rotation":0,"texture":"#0","tintindex":0},"west":{"uv":[6.375,0.1875,6.1875,0.375],"rotation":0,"texture":"#0","tintindex":0},"up":{"uv":[6.375,0.1875,7.6875,0.0],"rotation":0,"texture":"#0","tintindex":0},"down":{"uv":[7.6875,0.0,9.0,0.1875],"rotation":0,"texture":"#0","tintindex":0}}},{"from":[13.653779,8.785786,7.2617774],"to":[21.653778,9.785786,8.261778],"rotation":{"angle":0.0,"axis":"y","origin":[8.000011,8.000027,8.000009]},"faces":{"east":{"uv":[7.25,4.6875,7.1875,4.75],"rotation":0,"texture":"#0","tintindex":0},"south":{"uv":[8.125,4.6875,7.25,4.75],"rotation":0,"texture":"#0","tintindex":0},"north":{"uv":[7.1875,4.6875,6.3125,4.75],"rotation":0,"texture":"#0","tintindex":0},"west":{"uv":[6.3125,4.6875,6.25,4.75],"rotation":0,"texture":"#0","tintindex":0},"up":{"uv":[6.3125,4.6875,7.1875,4.625],"rotation":0,"texture":"#0","tintindex":0},"down":{"uv":[7.1875,4.625,8.0625,4.6875],"rotation":0,"texture":"#0","tintindex":0}}}],"display":{"head":{"translation":[0.0,-6.4,0.0],"scale":[4.0,4.0,4.0]}}}