{"textures":{"0":"modelengine:entity/texture"},"elements":[{"from":[2.528418,8.0886135,-0.6263342],"to":[14.528419,10.0886135,1.3736658],"rotation":{"angle":0.0,"axis":"y","origin":[7.9999886,8.000027,8.000009]},"faces":{"east":{"uv":[6.1875,0.5625,6.375,0.75],"rotation":0,"texture":"#0","tintindex":0},"south":{"uv":[7.875,0.5625,9.1875,0.75],"rotation":0,"texture":"#0","tintindex":0},"north":{"uv":[6.375,0.5625,7.6875,0.75],"rotation":0,"texture":"#0","tintindex":0},"west":{"uv":[7.6875,0.5625,7.875,0.75],"rotation":0,"texture":"#0","tintindex":0},"up":{"uv":[7.6875,0.5625,6.375,0.375],"rotation":0,"texture":"#0","tintindex":0},"down":{"uv":[9.0,0.375,7.6875,0.5625],"rotation":0,"texture":"#0","tintindex":0}}},{"from":[-3.4715824,8.5886135,-0.12633419],"to":[2.528418,9.5886135,0.8736658],"rotation":{"angle":0.0,"axis":"y","origin":[7.9999886,8.000027,8.000009]},"faces":{"east":{"uv":[6.0,2.25,6.0625,2.3125],"rotation":0,"texture":"#0","tintindex":0},"south":{"uv":[6.75,2.25,7.375,2.3125],"rotation":0,"texture":"#0","tintindex":0},"north":{"uv":[6.0625,2.25,6.6875,2.3125],"rotation":0,"texture":"#0","tintindex":0},"west":{"uv":[6.6875,2.25,6.75,2.3125],"rotation":0,"texture":"#0","tintindex":0},"up":{"uv":[6.6875,2.25,6.0625,2.1875],"rotation":0,"texture":"#0","tintindex":0},"down":{"uv":[7.3125,2.1875,6.6875,2.25],"rotation":0,"texture":"#0","tintindex":0}}}],"display":{"head":{"translation":[0.0,-6.4,0.0],"scale":[4.0,4.0,4.0]}}}