{"textures":{"0":"modelengine:entity/texture"},"elements":[{"from":[5.4110193,-5.551551,0.37365675],"to":[12.41102,12.44845,0.37365675],"rotation":{"angle":0.0,"axis":"y","origin":[8.0,8.0,8.0]},"faces":{"east":{"uv":[4.25,6.875,4.25,8.8125],"rotation":0,"texture":"#0","tintindex":0},"south":{"uv":[5.0,6.875,4.25,8.8125],"rotation":0,"texture":"#0","tintindex":0},"north":{"uv":[4.25,6.875,3.5,8.8125],"rotation":0,"texture":"#0","tintindex":0},"west":{"uv":[3.5,6.875,3.5,8.8125],"rotation":0,"texture":"#0","tintindex":0},"up":{"uv":[3.5,6.875,4.25,6.875],"rotation":0,"texture":"#0","tintindex":0},"down":{"uv":[4.25,6.875,5.0,6.875],"rotation":0,"texture":"#0","tintindex":0}}}],"display":{"head":{"translation":[0.0,-6.4,0.0],"scale":[4.0,4.0,4.0]}}}