{"textures":{"0":"modelengine:entity/texture"},"elements":[{"from":[13.47157,8.588587,-0.12634277],"to":[19.47157,9.588587,0.87365675],"rotation":{"angle":0.0,"axis":"y","origin":[8.0,8.0,8.0]},"faces":{"east":{"uv":[6.75,2.25,6.6875,2.3125],"rotation":0,"texture":"#0","tintindex":0},"south":{"uv":[7.375,2.25,6.75,2.3125],"rotation":0,"texture":"#0","tintindex":0},"north":{"uv":[6.6875,2.25,6.0625,2.3125],"rotation":0,"texture":"#0","tintindex":0},"west":{"uv":[6.0625,2.25,6.0,2.3125],"rotation":0,"texture":"#0","tintindex":0},"up":{"uv":[6.0625,2.25,6.6875,2.1875],"rotation":0,"texture":"#0","tintindex":0},"down":{"uv":[6.6875,2.1875,7.3125,2.25],"rotation":0,"texture":"#0","tintindex":0}}},{"from":[1.4715695,8.088587,-0.6263428],"to":[13.47157,10.088587,1.3736567],"rotation":{"angle":0.0,"axis":"y","origin":[8.0,8.0,8.0]},"faces":{"east":{"uv":[7.875,0.5625,7.6875,0.75],"rotation":0,"texture":"#0","tintindex":0},"south":{"uv":[9.1875,0.5625,7.875,0.75],"rotation":0,"texture":"#0","tintindex":0},"north":{"uv":[7.6875,0.5625,6.375,0.75],"rotation":0,"texture":"#0","tintindex":0},"west":{"uv":[6.375,0.5625,6.1875,0.75],"rotation":0,"texture":"#0","tintindex":0},"up":{"uv":[6.375,0.5625,7.6875,0.375],"rotation":0,"texture":"#0","tintindex":0},"down":{"uv":[7.6875,0.375,9.0,0.5625],"rotation":0,"texture":"#0","tintindex":0}}}],"display":{"head":{"translation":[0.0,-6.4,0.0],"scale":[4.0,4.0,4.0]}}}