{"textures":{"0":"modelengine:entity/texture"},"elements":[{"from":[3.4824343,14.984575,13.53685],"to":[13.482435,16.984575,15.53685],"rotation":{"angle":0.0,"axis":"y","origin":[8.000011,8.0,8.000009]},"faces":{"east":{"uv":[8.5625,0.9375,8.375,1.125],"rotation":0,"texture":"#0","tintindex":0},"south":{"uv":[9.625,0.9375,8.5625,1.125],"rotation":0,"texture":"#0","tintindex":0},"north":{"uv":[8.375,0.9375,7.3125,1.125],"rotation":0,"texture":"#0","tintindex":0},"west":{"uv":[7.3125,0.9375,7.125,1.125],"rotation":0,"texture":"#0","tintindex":0},"up":{"uv":[7.3125,0.9375,8.375,0.75],"rotation":0,"texture":"#0","tintindex":0},"down":{"uv":[8.375,0.75,9.4375,0.9375],"rotation":0,"texture":"#0","tintindex":0}}},{"from":[3.4824343,12.984575,14.53685],"to":[15.482435,18.984575,14.53685],"rotation":{"angle":0.0,"axis":"y","origin":[8.000011,8.0,8.000009]},"faces":{"east":{"uv":[7.5625,4.0,7.5625,4.625],"rotation":0,"texture":"#0","tintindex":0},"south":{"uv":[8.875,4.0,7.5625,4.625],"rotation":0,"texture":"#0","tintindex":0},"north":{"uv":[7.5625,4.0,6.25,4.625],"rotation":0,"texture":"#0","tintindex":0},"west":{"uv":[6.25,4.0,6.25,4.625],"rotation":0,"texture":"#0","tintindex":0},"up":{"uv":[6.25,4.0,7.5625,4.0],"rotation":0,"texture":"#0","tintindex":0},"down":{"uv":[7.5625,4.0,8.875,4.0],"rotation":0,"texture":"#0","tintindex":0}}}],"display":{"head":{"translation":[0.0,-6.4,0.0],"scale":[4.0,4.0,4.0]}}}