{"textures":{"0":"modelengine:entity/texture"},"elements":[{"from":[2.600068,14.257826,6.761769],"to":[10.600069,16.257826,8.761769],"rotation":{"angle":0.0,"axis":"y","origin":[8.000011,8.0,8.0]},"faces":{"east":{"uv":[8.375,1.3125,8.1875,1.5],"rotation":0,"texture":"#0","tintindex":0},"south":{"uv":[9.25,1.3125,8.375,1.5],"rotation":0,"texture":"#0","tintindex":0},"north":{"uv":[8.1875,1.3125,7.3125,1.5],"rotation":0,"texture":"#0","tintindex":0},"west":{"uv":[7.3125,1.3125,7.125,1.5],"rotation":0,"texture":"#0","tintindex":0},"up":{"uv":[7.3125,1.3125,8.1875,1.125],"rotation":0,"texture":"#0","tintindex":0},"down":{"uv":[8.1875,1.125,9.0625,1.3125],"rotation":0,"texture":"#0","tintindex":0}}},{"from":[2.600068,12.257826,7.7617693],"to":[12.600069,18.257826,7.7617693],"rotation":{"angle":0.0,"axis":"y","origin":[8.000011,8.0,8.0]},"faces":{"east":{"uv":[8.5625,2.0625,8.5625,2.6875],"rotation":0,"texture":"#0","tintindex":0},"south":{"uv":[9.625,2.0625,8.5625,2.6875],"rotation":0,"texture":"#0","tintindex":0},"north":{"uv":[8.5625,2.0625,7.5,2.6875],"rotation":0,"texture":"#0","tintindex":0},"west":{"uv":[7.5,2.0625,7.5,2.6875],"rotation":0,"texture":"#0","tintindex":0},"up":{"uv":[7.5,2.0625,8.5625,2.0625],"rotation":0,"texture":"#0","tintindex":0},"down":{"uv":[8.5625,2.0625,9.625,2.0625],"rotation":0,"texture":"#0","tintindex":0}}}],"display":{"head":{"translation":[0.0,-6.4,0.0],"scale":[4.0,4.0,4.0]}}}