{"textures":{"0":"modelengine:entity/texture"},"elements":[{"from":[4.4110312,14.448477,-0.6263342],"to":[10.411032,16.448477,1.3736658],"rotation":{"angle":0.0,"axis":"y","origin":[8.000011,8.000027,8.000009]},"faces":{"east":{"uv":[8.5,2.875,8.3125,3.0625],"rotation":0,"texture":"#0","tintindex":0},"south":{"uv":[9.125,2.875,8.5,3.0625],"rotation":0,"texture":"#0","tintindex":0},"north":{"uv":[8.3125,2.875,7.6875,3.0625],"rotation":0,"texture":"#0","tintindex":0},"west":{"uv":[7.6875,2.875,7.5,3.0625],"rotation":0,"texture":"#0","tintindex":0},"up":{"uv":[7.6875,2.875,8.3125,2.6875],"rotation":0,"texture":"#0","tintindex":0},"down":{"uv":[8.3125,2.6875,8.9375,2.875],"rotation":0,"texture":"#0","tintindex":0}}},{"from":[4.4110312,12.448476,0.3736658],"to":[12.411032,18.448475,0.3736658],"rotation":{"angle":0.0,"axis":"y","origin":[8.000011,8.000027,8.000009]},"faces":{"east":{"uv":[4.375,5.75,4.375,6.375],"rotation":0,"texture":"#0","tintindex":0},"south":{"uv":[5.25,5.75,4.375,6.375],"rotation":0,"texture":"#0","tintindex":0},"north":{"uv":[4.375,5.75,3.5,6.375],"rotation":0,"texture":"#0","tintindex":0},"west":{"uv":[3.5,5.75,3.5,6.375],"rotation":0,"texture":"#0","tintindex":0},"up":{"uv":[3.5,5.75,4.375,5.75],"rotation":0,"texture":"#0","tintindex":0},"down":{"uv":[4.375,5.75,5.25,5.75],"rotation":0,"texture":"#0","tintindex":0}}}],"display":{"head":{"translation":[0.0,-6.4,0.0],"scale":[4.0,4.0,4.0]}}}