{"textures":{"0":"modelengine:entity/texture"},"elements":[{"from":[6.4,3.7881708,2.6908789],"to":[9.6,6.788171,10.69088],"rotation":{"angle":0.0,"axis":"y","origin":[8.0,8.0,8.0]},"faces":{"east":{"uv":[6.0,3.1875,6.875,3.5],"rotation":0,"texture":"#0","tintindex":0},"south":{"uv":[8.0625,3.1875,8.375,3.5],"rotation":0,"texture":"#0","tintindex":0},"north":{"uv":[6.875,3.1875,7.1875,3.5],"rotation":0,"texture":"#0","tintindex":0},"west":{"uv":[7.1875,3.1875,8.0625,3.5],"rotation":0,"texture":"#0","tintindex":0},"up":{"uv":[7.1875,3.1875,6.875,2.3125],"rotation":0,"texture":"#0","tintindex":0},"down":{"uv":[7.5,2.3125,7.1875,3.1875],"rotation":0,"texture":"#0","tintindex":0}}},{"from":[4.3999996,5.288171,2.6908789],"to":[11.6,5.288171,10.69088],"rotation":{"angle":0.0,"axis":"y","origin":[8.0,8.0,8.0]},"faces":{"east":{"uv":[2.1875,0.875,3.0625,0.875],"rotation":0,"texture":"#0","tintindex":0},"south":{"uv":[4.6875,0.875,5.4375,0.875],"rotation":0,"texture":"#0","tintindex":0},"north":{"uv":[3.0625,0.875,3.8125,0.875],"rotation":0,"texture":"#0","tintindex":0},"west":{"uv":[3.8125,0.875,4.6875,0.875],"rotation":0,"texture":"#0","tintindex":0},"up":{"uv":[3.8125,0.875,3.0625,0.0],"rotation":0,"texture":"#0","tintindex":0},"down":{"uv":[4.5625,0.0,3.8125,0.875],"rotation":0,"texture":"#0","tintindex":0}}}],"display":{"head":{"translation":[0.0,-6.4,0.0],"scale":[4.0,4.0,4.0]}}}