{"textures":{"0":"modelengine:entity/texture"},"elements":[{"from":[6.4,8.449979,4.200019],"to":[9.6,11.449979,11.200019],"rotation":{"angle":0.0,"axis":"y","origin":[8.0,7.9999785,8.000019]},"faces":{"east":{"uv":[6.625,5.625,7.375,5.9375],"rotation":0,"texture":"#0","tintindex":0},"south":{"uv":[8.4375,5.625,8.75,5.9375],"rotation":0,"texture":"#0","tintindex":0},"north":{"uv":[7.375,5.625,7.6875,5.9375],"rotation":0,"texture":"#0","tintindex":0},"west":{"uv":[7.6875,5.625,8.4375,5.9375],"rotation":0,"texture":"#0","tintindex":0},"up":{"uv":[7.6875,5.625,7.375,4.875],"rotation":0,"texture":"#0","tintindex":0},"down":{"uv":[8.0,4.875,7.6875,5.625],"rotation":0,"texture":"#0","tintindex":0}}}],"display":{"head":{"translation":[0.0,-6.4,0.0],"scale":[4.0,4.0,4.0]}}}