{"textures":{"0":"modelengine:entity/texture"},"elements":[{"from":[6.4,2.1913629,-2.5343142],"to":[9.6,5.1913633,4.4656863],"rotation":{"angle":0.0,"axis":"y","origin":[8.0,8.0,8.0]},"faces":{"east":{"uv":[6.375,7.9375,7.125,8.25],"rotation":0,"texture":"#0","tintindex":0},"south":{"uv":[8.1875,7.9375,8.5,8.25],"rotation":0,"texture":"#0","tintindex":0},"north":{"uv":[7.125,7.9375,7.4375,8.25],"rotation":0,"texture":"#0","tintindex":0},"west":{"uv":[7.4375,7.9375,8.1875,8.25],"rotation":0,"texture":"#0","tintindex":0},"up":{"uv":[7.4375,7.9375,7.125,7.1875],"rotation":0,"texture":"#0","tintindex":0},"down":{"uv":[7.75,7.1875,7.4375,7.9375],"rotation":0,"texture":"#0","tintindex":0}}}],"display":{"head":{"translation":[0.0,-6.4,0.0],"scale":[4.0,4.0,4.0]}}}