{"textures":{"0":"modelengine:entity/texture"},"elements":[{"from":[6.4,1.0868874,10.724479],"to":[9.6,4.086888,17.72448],"rotation":{"angle":0.0,"axis":"y","origin":[8.0,8.0,8.0]},"faces":{"east":{"uv":[5.0,7.625,5.75,7.9375],"rotation":0,"texture":"#0","tintindex":0},"south":{"uv":[6.8125,7.625,7.125,7.9375],"rotation":0,"texture":"#0","tintindex":0},"north":{"uv":[5.75,7.625,6.0625,7.9375],"rotation":0,"texture":"#0","tintindex":0},"west":{"uv":[6.0625,7.625,6.8125,7.9375],"rotation":0,"texture":"#0","tintindex":0},"up":{"uv":[6.0625,7.625,5.75,6.875],"rotation":0,"texture":"#0","tintindex":0},"down":{"uv":[6.375,6.875,6.0625,7.625],"rotation":0,"texture":"#0","tintindex":0}}}],"display":{"head":{"translation":[0.0,-6.4,0.0],"scale":[4.0,4.0,4.0]}}}