{"textures":{"0":"modelengine:entity/zc_spitter"},"elements":[{"from":[6.857143,5.142857,7.428571],"to":[8.0,8.0,8.571428],"rotation":{"angle":0.0,"axis":"y","origin":[10.142858,3.7171874,5.5714283]},"faces":{"east":{"uv":[10.5,4.75,11.0,6.0],"rotation":0,"texture":"#0","tintindex":0},"south":{"uv":[12.0,4.75,12.5,6.0],"rotation":0,"texture":"#0","tintindex":0},"north":{"uv":[11.0,4.75,11.5,6.0],"rotation":0,"texture":"#0","tintindex":0},"west":{"uv":[11.5,4.75,12.0,6.0],"rotation":0,"texture":"#0","tintindex":0},"up":{"uv":[11.5,4.75,11.0,4.25],"rotation":0,"texture":"#0","tintindex":0},"down":{"uv":[12.0,4.25,11.5,4.75],"rotation":0,"texture":"#0","tintindex":0}}}],"display":{"head":{"translation":[0.0,-6.4,0.0],"scale":[4.0,4.0,4.0]}}}