{"textures":{"0":"modelengine:entity/zc_spitter"},"elements":[{"from":[5.714286,8.571428,3.7142854],"to":[10.285714,10.285714,7.714286],"rotation":{"angle":0.0,"axis":"y","origin":[7.857143,2.0029016,7.0]},"faces":{"east":{"uv":[0.0,4.75,1.75,5.5],"rotation":0,"texture":"#0","tintindex":0},"south":{"uv":[5.5,4.75,7.5,5.5],"rotation":0,"texture":"#0","tintindex":0},"north":{"uv":[1.75,4.75,3.75,5.5],"rotation":0,"texture":"#0","tintindex":0},"west":{"uv":[3.75,4.75,5.5,5.5],"rotation":0,"texture":"#0","tintindex":0},"up":{"uv":[3.75,4.75,1.75,3.0],"rotation":0,"texture":"#0","tintindex":0},"down":{"uv":[5.75,3.0,3.75,4.75],"rotation":0,"texture":"#0","tintindex":0}}},{"from":[5.714286,8.0,3.7142854],"to":[10.285714,8.571428,3.7142854],"rotation":{"angle":0.0,"axis":"y","origin":[7.857143,2.0029016,7.0]},"faces":{"east":{"uv":[7.0,1.75,7.0,2.0],"rotation":0,"texture":"#0","tintindex":0},"south":{"uv":[9.0,1.75,11.0,2.0],"rotation":0,"texture":"#0","tintindex":0},"north":{"uv":[7.0,1.75,9.0,2.0],"rotation":0,"texture":"#0","tintindex":0},"west":{"uv":[9.0,1.75,9.0,2.0],"rotation":0,"texture":"#0","tintindex":0},"up":{"uv":[9.0,1.75,7.0,1.75],"rotation":0,"texture":"#0","tintindex":0},"down":{"uv":[11.0,1.75,9.0,1.75],"rotation":0,"texture":"#0","tintindex":0}}},{"from":[6.001714,6.857143,6.0],"to":[9.973143,8.571428,7.714286],"rotation":{"angle":0.0,"axis":"y","origin":[7.857143,2.0029016,7.0]},"faces":{"east":{"uv":[5.25,0.75,6.0,1.5],"rotation":0,"texture":"#0","tintindex":0},"south":{"uv":[8.25,0.75,9.75,1.5],"rotation":0,"texture":"#0","tintindex":0},"north":{"uv":[6.0,0.75,7.5,1.5],"rotation":0,"texture":"#0","tintindex":0},"west":{"uv":[7.5,0.75,8.25,1.5],"rotation":0,"texture":"#0","tintindex":0},"up":{"uv":[7.5,0.75,6.0,0.0],"rotation":0,"texture":"#0","tintindex":0},"down":{"uv":[9.0,0.0,7.5,0.75],"rotation":0,"texture":"#0","tintindex":0}}}],"display":{"head":{"translation":[0.0,-6.4,0.0],"scale":[4.0,4.0,4.0]}}}