{"textures":{"0":"modelengine:entity/zc_spitter"},"elements":[{"from":[7.142857,5.960719,7.4130077],"to":[8.857143,9.389291,9.127294],"rotation":{"angle":22.5,"axis":"x","origin":[9.0,8.8600445,4.714286]},"faces":{"east":{"uv":[6.5,7.5,7.25,9.0],"rotation":0,"texture":"#0","tintindex":0},"south":{"uv":[8.75,7.5,9.5,9.0],"rotation":0,"texture":"#0","tintindex":0},"north":{"uv":[7.25,7.5,8.0,9.0],"rotation":0,"texture":"#0","tintindex":0},"west":{"uv":[8.0,7.5,8.75,9.0],"rotation":0,"texture":"#0","tintindex":0},"up":{"uv":[8.0,7.5,7.25,6.75],"rotation":0,"texture":"#0","tintindex":0},"down":{"uv":[8.75,6.75,8.0,7.5],"rotation":0,"texture":"#0","tintindex":0}}}],"display":{"head":{"translation":[0.0,-6.4,0.0],"scale":[4.0,4.0,4.0]}}}