{"textures":{"0":"modelengine:entity/zc_spitter"},"elements":[{"from":[6.285714,7.428571,6.857143],"to":[9.714286,11.428572,9.142858],"rotation":{"angle":0.0,"axis":"y","origin":[7.857143,8.8600445,4.714286]},"faces":{"east":{"uv":[6.0,3.0,7.0,4.75],"rotation":0,"texture":"#0","tintindex":0},"south":{"uv":[9.5,3.0,11.0,4.75],"rotation":0,"texture":"#0","tintindex":0},"north":{"uv":[7.0,3.0,8.5,4.75],"rotation":0,"texture":"#0","tintindex":0},"west":{"uv":[8.5,3.0,9.5,4.75],"rotation":0,"texture":"#0","tintindex":0},"up":{"uv":[8.5,3.0,7.0,2.0],"rotation":0,"texture":"#0","tintindex":0},"down":{"uv":[10.0,2.0,8.5,3.0],"rotation":0,"texture":"#0","tintindex":0}}}],"display":{"head":{"translation":[0.0,-6.4,0.0],"scale":[4.0,4.0,4.0]}}}