{"textures":{"0":"modelengine:entity/zc_spitter"},"elements":[{"from":[7.428571,4.5772324,7.38377],"to":[8.571428,8.005804,8.526628],"rotation":{"angle":0.0,"axis":"y","origin":[6.714286,11.717188,5.714286]},"faces":{"east":{"uv":[9.0,9.75,9.5,11.25],"rotation":0,"texture":"#0","tintindex":0},"south":{"uv":[10.5,9.75,11.0,11.25],"rotation":0,"texture":"#0","tintindex":0},"north":{"uv":[9.5,9.75,10.0,11.25],"rotation":0,"texture":"#0","tintindex":0},"west":{"uv":[10.0,9.75,10.5,11.25],"rotation":0,"texture":"#0","tintindex":0},"up":{"uv":[10.0,9.75,9.5,9.25],"rotation":0,"texture":"#0","tintindex":0},"down":{"uv":[10.5,9.25,10.0,9.75],"rotation":0,"texture":"#0","tintindex":0}}}],"display":{"head":{"translation":[0.0,-6.4,0.0],"scale":[4.0,4.0,4.0]}}}