{"textures":{"0":"modelengine:entity/zc_spitter"},"elements":[{"from":[5.714286,6.1097417,5.788685],"to":[10.285714,10.68117,8.645827],"rotation":{"angle":-22.5,"axis":"x","origin":[7.857143,5.4314733,3.5714283]},"faces":{"east":{"uv":[0.0,6.75,1.25,8.75],"rotation":0,"texture":"#0","tintindex":0},"south":{"uv":[4.5,6.75,6.5,8.75],"rotation":0,"texture":"#0","tintindex":0},"north":{"uv":[1.25,6.75,3.25,8.75],"rotation":0,"texture":"#0","tintindex":0},"west":{"uv":[3.25,6.75,4.5,8.75],"rotation":0,"texture":"#0","tintindex":0},"up":{"uv":[3.25,6.75,1.25,5.5],"rotation":0,"texture":"#0","tintindex":0},"down":{"uv":[5.25,5.5,3.25,6.75],"rotation":0,"texture":"#0","tintindex":0}}}],"display":{"head":{"translation":[0.0,-6.4,0.0],"scale":[4.0,4.0,4.0]}}}