{"textures":{"0":"modelengine:entity/zebra"},"elements":[{"from":[6.4944,7.024859,6.178118],"to":[9.41152,9.487899,8.886872],"rotation":{"angle":0.0,"axis":"y","origin":[7.9917917,3.618122,10.754637]},"faces":{"east":{"uv":[2.0,6.25,2.625,6.75],"rotation":0,"texture":"#0","tintindex":0},"south":{"uv":[6.25,2.375,6.875,2.875],"rotation":0,"texture":"#0","tintindex":0},"north":{"uv":[6.25,1.875,6.875,2.375],"rotation":0,"texture":"#0","tintindex":0},"west":{"uv":[6.25,2.875,6.875,3.375],"rotation":0,"texture":"#0","tintindex":0},"up":{"uv":[6.25,3.125,5.625,2.5],"rotation":0,"texture":"#0","tintindex":0},"down":{"uv":[6.25,3.125,5.625,3.75],"rotation":0,"texture":"#0","tintindex":0}}},{"from":[6.286034,8.464745,6.8032155],"to":[9.619885,9.194025,8.261775],"rotation":{"angle":0.0,"axis":"y","origin":[7.9917917,3.618122,10.754637]},"faces":{"east":{"uv":[7.25,5.875,7.625,6.0],"rotation":0,"texture":"#0","tintindex":0},"south":{"uv":[7.875,0.875,8.625,1.0],"rotation":0,"texture":"#0","tintindex":0},"north":{"uv":[7.625,1.375,8.375,1.5],"rotation":0,"texture":"#0","tintindex":0},"west":{"uv":[7.875,6.0,8.25,6.125],"rotation":0,"texture":"#0","tintindex":0},"up":{"uv":[7.0,5.5,6.25,5.125],"rotation":0,"texture":"#0","tintindex":0},"down":{"uv":[2.125,6.75,1.375,7.125],"rotation":0,"texture":"#0","tintindex":0}}},{"from":[6.143177,9.071167,5.9697523],"to":[7.22368,9.592082,8.261775],"rotation":{"angle":0.0,"axis":"y","origin":[7.9917917,3.618122,10.754637]},"faces":{"east":{"uv":[1.25,2.75,1.75,2.875],"rotation":0,"texture":"#0","tintindex":0},"south":{"uv":[4.875,8.0,5.125,8.125],"rotation":0,"texture":"#0","tintindex":0},"north":{"uv":[8.0,4.75,8.25,4.875],"rotation":0,"texture":"#0","tintindex":0},"west":{"uv":[4.625,3.625,5.125,3.75],"rotation":0,"texture":"#0","tintindex":0},"up":{"uv":[7.25,8.0,7.0,7.5],"rotation":0,"texture":"#0","tintindex":0},"down":{"uv":[7.875,0.375,7.625,0.875],"rotation":0,"texture":"#0","tintindex":0}}},{"from":[6.233943,8.92831,5.8655696],"to":[7.1715884,9.194025,6.8032155],"rotation":{"angle":0.0,"axis":"y","origin":[7.9917917,3.618122,10.754637]},"faces":{"east":{"uv":[8.0,6.25,8.25,6.375],"rotation":0,"texture":"#0","tintindex":0},"south":{"uv":[6.625,8.0,6.875,8.125],"rotation":0,"texture":"#0","tintindex":0},"north":{"uv":[8.0,6.125,8.25,6.25],"rotation":0,"texture":"#0","tintindex":0},"west":{"uv":[6.875,8.0,7.125,8.125],"rotation":0,"texture":"#0","tintindex":0},"up":{"uv":[8.125,6.0,7.875,5.75],"rotation":0,"texture":"#0","tintindex":0},"down":{"uv":[6.375,7.875,6.125,8.125],"rotation":0,"texture":"#0","tintindex":0}}},{"from":[8.734331,8.92831,5.8655696],"to":[9.671977,9.194025,6.8032155],"rotation":{"angle":0.0,"axis":"y","origin":[7.9917917,3.618122,10.754637]},"faces":{"east":{"uv":[8.0,7.0,8.25,7.125],"rotation":0,"texture":"#0","tintindex":0},"south":{"uv":[7.125,8.0,7.375,8.125],"rotation":0,"texture":"#0","tintindex":0},"north":{"uv":[8.0,6.875,8.25,7.0],"rotation":0,"texture":"#0","tintindex":0},"west":{"uv":[8.0,7.125,8.25,7.25],"rotation":0,"texture":"#0","tintindex":0},"up":{"uv":[6.625,8.125,6.375,7.875],"rotation":0,"texture":"#0","tintindex":0},"down":{"uv":[7.875,7.875,7.625,8.125],"rotation":0,"texture":"#0","tintindex":0}}},{"from":[6.286034,6.3810873,5.9697523],"to":[7.22368,8.464745,8.261775],"rotation":{"angle":0.0,"axis":"y","origin":[7.9917917,3.618122,10.754637]},"faces":{"east":{"uv":[1.25,2.25,1.75,2.75],"rotation":0,"texture":"#0","tintindex":0},"south":{"uv":[1.75,7.625,2.0,8.125],"rotation":0,"texture":"#0","tintindex":0},"north":{"uv":[1.5,7.625,1.75,8.125],"rotation":0,"texture":"#0","tintindex":0},"west":{"uv":[4.625,3.125,5.125,3.625],"rotation":0,"texture":"#0","tintindex":0},"up":{"uv":[3.125,8.125,2.875,7.625],"rotation":0,"texture":"#0","tintindex":0},"down":{"uv":[7.875,5.625,7.625,6.125],"rotation":0,"texture":"#0","tintindex":0}}},{"from":[8.6822405,9.071167,5.9697523],"to":[9.762743,9.592082,8.261775],"rotation":{"angle":0.0,"axis":"y","origin":[7.9917917,3.618122,10.754637]},"faces":{"east":{"uv":[6.375,0.75,6.875,0.875],"rotation":0,"texture":"#0","tintindex":0},"south":{"uv":[5.375,8.0,5.625,8.125],"rotation":0,"texture":"#0","tintindex":0},"north":{"uv":[5.125,8.0,5.375,8.125],"rotation":0,"texture":"#0","tintindex":0},"west":{"uv":[7.875,5.625,8.375,5.75],"rotation":0,"texture":"#0","tintindex":0},"up":{"uv":[7.875,1.375,7.625,0.875],"rotation":0,"texture":"#0","tintindex":0},"down":{"uv":[1.5,7.625,1.25,8.125],"rotation":0,"texture":"#0","tintindex":0}}},{"from":[8.786423,6.3810873,5.9697523],"to":[9.619885,8.464745,8.261775],"rotation":{"angle":0.0,"axis":"y","origin":[7.9917917,3.618122,10.754637]},"faces":{"east":{"uv":[2.125,6.75,2.625,7.25],"rotation":0,"texture":"#0","tintindex":0},"south":{"uv":[5.75,7.875,5.875,8.375],"rotation":0,"texture":"#0","tintindex":0},"north":{"uv":[4.75,7.875,4.875,8.375],"rotation":0,"texture":"#0","tintindex":0},"west":{"uv":[6.75,5.5,7.25,6.0],"rotation":0,"texture":"#0","tintindex":0},"up":{"uv":[6.0,8.375,5.875,7.875],"rotation":0,"texture":"#0","tintindex":0},"down":{"uv":[6.125,7.875,6.0,8.375],"rotation":0,"texture":"#0","tintindex":0}}},{"from":[6.6759315,8.587602,6.0739355],"to":[6.9111314,8.88831,6.2317867],"rotation":{"angle":0.0,"axis":"y","origin":[7.9917917,3.618122,10.754637]},"faces":{"east":{"uv":[4.5,1.75,4.625,1.875],"rotation":0,"texture":"#0","tintindex":0},"south":{"uv":[4.5,1.875,4.625,2.0],"rotation":0,"texture":"#0","tintindex":0},"north":{"uv":[1.75,3.75,1.875,3.875],"rotation":0,"texture":"#0","tintindex":0},"west":{"uv":[5.125,4.375,5.25,4.5],"rotation":0,"texture":"#0","tintindex":0},"up":{"uv":[5.25,4.625,5.125,4.5],"rotation":0,"texture":"#0","tintindex":0},"down":{"uv":[2.375,5.25,2.25,5.375],"rotation":0,"texture":"#0","tintindex":0}}},{"from":[8.994789,8.587602,6.0739355],"to":[9.229988,8.88831,6.2317867],"rotation":{"angle":0.0,"axis":"y","origin":[7.9917917,3.618122,10.754637]},"faces":{"east":{"uv":[3.5,5.375,3.625,5.5],"rotation":0,"texture":"#0","tintindex":0},"south":{"uv":[2.25,5.5,2.375,5.625],"rotation":0,"texture":"#0","tintindex":0},"north":{"uv":[2.25,5.375,2.375,5.5],"rotation":0,"texture":"#0","tintindex":0},"west":{"uv":[3.5,5.5,3.625,5.625],"rotation":0,"texture":"#0","tintindex":0},"up":{"uv":[3.625,5.75,3.5,5.625],"rotation":0,"texture":"#0","tintindex":0},"down":{"uv":[4.75,6.0,4.625,6.125],"rotation":0,"texture":"#0","tintindex":0}}},{"from":[5.880114,9.242185,7.949227],"to":[7.063474,11.531259,8.365958],"rotation":{"angle":22.5,"axis":"z","origin":[7.95296,10.448151,8.157593]},"faces":{"east":{"uv":[1.625,4.75,1.75,5.25],"rotation":0,"texture":"#0","tintindex":0},"south":{"uv":[7.5,5.125,7.75,5.625],"rotation":0,"texture":"#0","tintindex":0},"north":{"uv":[5.125,7.5,5.375,8.0],"rotation":0,"texture":"#0","tintindex":0},"west":{"uv":[0.625,7.875,0.75,8.375],"rotation":0,"texture":"#0","tintindex":0},"up":{"uv":[6.125,5.625,5.875,5.5],"rotation":0,"texture":"#0","tintindex":0},"down":{"uv":[5.25,6.25,5.0,6.375],"rotation":0,"texture":"#0","tintindex":0}}},{"from":[8.842445,9.242185,7.949227],"to":[10.025806,11.531259,8.365958],"rotation":{"angle":-22.5,"axis":"z","origin":[7.95296,10.448151,8.157593]},"faces":{"east":{"uv":[2.75,7.875,2.875,8.375],"rotation":0,"texture":"#0","tintindex":0},"south":{"uv":[6.75,7.5,7.0,8.0],"rotation":0,"texture":"#0","tintindex":0},"north":{"uv":[7.5,6.375,7.75,6.875],"rotation":0,"texture":"#0","tintindex":0},"west":{"uv":[4.625,7.875,4.75,8.375],"rotation":0,"texture":"#0","tintindex":0},"up":{"uv":[8.25,4.625,8.0,4.5],"rotation":0,"texture":"#0","tintindex":0},"down":{"uv":[8.25,4.625,8.0,4.75],"rotation":0,"texture":"#0","tintindex":0}}},{"from":[7.22368,8.12891,6.303146],"to":[8.6822405,10.402259,9.049249],"rotation":{"angle":-22.5,"axis":"x","origin":[7.9917917,3.2495508,10.754637]},"faces":{"east":{"uv":[6.25,3.375,6.875,3.875],"rotation":0,"texture":"#0","tintindex":0},"south":{"uv":[7.25,1.0,7.625,1.5],"rotation":0,"texture":"#0","tintindex":0},"north":{"uv":[7.25,0.5,7.625,1.0],"rotation":0,"texture":"#0","tintindex":0},"west":{"uv":[6.25,3.875,6.875,4.375],"rotation":0,"texture":"#0","tintindex":0},"up":{"uv":[3.0,7.5,2.625,6.875],"rotation":0,"texture":"#0","tintindex":0},"down":{"uv":[7.25,2.625,6.875,3.25],"rotation":0,"texture":"#0","tintindex":0}}},{"from":[7.2423544,6.0637665,3.8772702],"to":[8.663566,7.3139606,4.8296585],"rotation":{"angle":0.0,"axis":"y","origin":[7.9917917,3.2495508,10.754637]},"faces":{"east":{"uv":[3.625,7.875,3.875,8.125],"rotation":0,"texture":"#0","tintindex":0},"south":{"uv":[7.875,3.75,8.125,4.0],"rotation":0,"texture":"#0","tintindex":0},"north":{"uv":[7.875,3.5,8.125,3.75],"rotation":0,"texture":"#0","tintindex":0},"west":{"uv":[3.875,7.875,4.125,8.125],"rotation":0,"texture":"#0","tintindex":0},"up":{"uv":[4.375,8.125,4.125,7.875],"rotation":0,"texture":"#0","tintindex":0},"down":{"uv":[4.625,7.875,4.375,8.125],"rotation":0,"texture":"#0","tintindex":0}}},{"from":[7.138171,6.6541877,3.3595724],"to":[8.767749,8.112748,4.5724187],"rotation":{"angle":-45.0,"axis":"x","origin":[7.95296,7.506325,4.088853]},"faces":{"east":{"uv":[7.875,0.0,8.125,0.375],"rotation":0,"texture":"#0","tintindex":0},"south":{"uv":[4.5,7.5,4.875,7.875],"rotation":0,"texture":"#0","tintindex":0},"north":{"uv":[7.5,3.375,7.875,3.75],"rotation":0,"texture":"#0","tintindex":0},"west":{"uv":[0.375,7.875,0.625,8.25],"rotation":0,"texture":"#0","tintindex":0},"up":{"uv":[8.25,0.625,7.875,0.375],"rotation":0,"texture":"#0","tintindex":0},"down":{"uv":[8.25,0.625,7.875,0.875],"rotation":0,"texture":"#0","tintindex":0}}}],"display":{"head":{"translation":[0.0,-6.4,0.0],"scale":[4.0,4.0,4.0]}}}