{"textures":{"0":"modelengine:entity/zebra"},"elements":[{"from":[5.570514,2.2748075,5.6266747],"to":[7.4458055,6.442122,8.127064],"rotation":{"angle":-22.5,"axis":"x","origin":[8.630649,9.627921,2.482562]},"faces":{"east":{"uv":[1.125,4.75,1.625,5.625],"rotation":0,"texture":"#0","tintindex":0},"south":{"uv":[1.625,5.875,2.0,6.75],"rotation":0,"texture":"#0","tintindex":0},"north":{"uv":[5.75,5.625,6.125,6.5],"rotation":0,"texture":"#0","tintindex":0},"west":{"uv":[2.375,4.75,2.875,5.625],"rotation":0,"texture":"#0","tintindex":0},"up":{"uv":[7.125,6.5,6.75,6.0],"rotation":0,"texture":"#0","tintindex":0},"down":{"uv":[7.25,3.25,6.875,3.75],"rotation":0,"texture":"#0","tintindex":0}}},{"from":[5.4663315,7.27983,6.6025276],"to":[8.175086,10.092768,9.519648],"rotation":{"angle":0.0,"axis":"x","origin":[8.630649,9.627921,2.482562]},"faces":{"east":{"uv":[0.625,2.25,1.25,2.875],"rotation":0,"texture":"#0","tintindex":0},"south":{"uv":[3.625,5.125,4.25,5.75],"rotation":0,"texture":"#0","tintindex":0},"north":{"uv":[0.0,2.25,0.625,2.875],"rotation":0,"texture":"#0","tintindex":0},"west":{"uv":[1.625,5.25,2.25,5.875],"rotation":0,"texture":"#0","tintindex":0},"up":{"uv":[5.875,5.0,5.25,4.375],"rotation":0,"texture":"#0","tintindex":0},"down":{"uv":[5.875,5.0,5.25,5.625],"rotation":0,"texture":"#0","tintindex":0}}}],"display":{"head":{"translation":[0.0,-6.4,0.0],"scale":[4.0,4.0,4.0]}}}