{"textures":{"0":"modelengine:entity/zebra"},"elements":[{"from":[6.0186973,2.7851758,1.8317738],"to":[7.6856227,6.014845,3.394517],"rotation":{"angle":-45.0,"axis":"x","origin":[8.974649,13.629683,0.95838404]},"faces":{"east":{"uv":[6.25,4.375,6.625,5.125],"rotation":0,"texture":"#0","tintindex":0},"south":{"uv":[4.625,6.25,5.0,7.0],"rotation":0,"texture":"#0","tintindex":0},"north":{"uv":[0.625,6.25,1.0,7.0],"rotation":0,"texture":"#0","tintindex":0},"west":{"uv":[6.375,0.0,6.75,0.75],"rotation":0,"texture":"#0","tintindex":0},"up":{"uv":[7.75,4.75,7.375,4.375],"rotation":0,"texture":"#0","tintindex":0},"down":{"uv":[7.75,4.75,7.375,5.125],"rotation":0,"texture":"#0","tintindex":0}}},{"from":[6.2270627,4.768953,8.765091],"to":[7.4772573,7.790256,10.119469],"rotation":{"angle":0.0,"axis":"x","origin":[8.974649,13.629683,0.95838404]},"faces":{"east":{"uv":[7.25,2.125,7.5,2.75],"rotation":0,"texture":"#0","tintindex":0},"south":{"uv":[2.25,7.25,2.5,7.875],"rotation":0,"texture":"#0","tintindex":0},"north":{"uv":[2.0,7.25,2.25,7.875],"rotation":0,"texture":"#0","tintindex":0},"west":{"uv":[7.25,2.75,7.5,3.375],"rotation":0,"texture":"#0","tintindex":0},"up":{"uv":[8.125,2.5,7.875,2.25],"rotation":0,"texture":"#0","tintindex":0},"down":{"uv":[2.75,7.875,2.5,8.125],"rotation":0,"texture":"#0","tintindex":0}}},{"from":[6.0186973,3.7271242,8.452542],"to":[7.6856227,4.768953,9.911102],"rotation":{"angle":0.0,"axis":"y","origin":[8.974649,13.629683,0.95838404]},"faces":{"east":{"uv":[7.625,6.125,8.0,6.375],"rotation":0,"texture":"#0","tintindex":0},"south":{"uv":[7.625,6.875,8.0,7.125],"rotation":0,"texture":"#0","tintindex":0},"north":{"uv":[7.5,3.75,7.875,4.0],"rotation":0,"texture":"#0","tintindex":0},"west":{"uv":[7.625,7.125,8.0,7.375],"rotation":0,"texture":"#0","tintindex":0},"up":{"uv":[7.625,7.375,7.25,7.0],"rotation":0,"texture":"#0","tintindex":0},"down":{"uv":[7.75,4.0,7.375,4.375],"rotation":0,"texture":"#0","tintindex":0}}}],"display":{"head":{"translation":[0.0,-6.4,0.0],"scale":[4.0,4.0,4.0]}}}