{"textures":{"0":"modelengine:entity/zebra"},"elements":[{"from":[7.5106745,6.318414,6.63626],"to":[8.865051,9.652266,8.199003],"rotation":{"angle":0.0,"axis":"x","origin":[10.154078,12.736605,7.534465]},"faces":{"east":{"uv":[1.0,6.375,1.375,7.125],"rotation":0,"texture":"#0","tintindex":0},"south":{"uv":[0.375,6.75,0.625,7.5],"rotation":0,"texture":"#0","tintindex":0},"north":{"uv":[4.375,6.5,4.625,7.25],"rotation":0,"texture":"#0","tintindex":0},"west":{"uv":[5.0,6.375,5.375,7.125],"rotation":0,"texture":"#0","tintindex":0},"up":{"uv":[2.25,6.25,2.0,5.875],"rotation":0,"texture":"#0","tintindex":0},"down":{"uv":[6.25,0.875,6.0,1.25],"rotation":0,"texture":"#0","tintindex":0}}},{"from":[7.4064913,3.0707107,6.171491],"to":[8.969234,4.1125393,7.630051],"rotation":{"angle":0.0,"axis":"y","origin":[10.154078,12.736605,7.534465]},"faces":{"east":{"uv":[7.625,7.625,8.0,7.875],"rotation":0,"texture":"#0","tintindex":0},"south":{"uv":[7.75,4.0,8.125,4.25],"rotation":0,"texture":"#0","tintindex":0},"north":{"uv":[7.625,7.375,8.0,7.625],"rotation":0,"texture":"#0","tintindex":0},"west":{"uv":[7.75,4.25,8.125,4.5],"rotation":0,"texture":"#0","tintindex":0},"up":{"uv":[7.625,7.75,7.25,7.375],"rotation":0,"texture":"#0","tintindex":0},"down":{"uv":[0.375,7.5,0.0,7.875],"rotation":0,"texture":"#0","tintindex":0}}},{"from":[7.614857,3.7138429,6.844626],"to":[8.760869,6.4225974,7.9906373],"rotation":{"angle":0.0,"axis":"x","origin":[10.154078,12.736605,7.534465]},"faces":{"east":{"uv":[7.25,3.375,7.5,4.0],"rotation":0,"texture":"#0","tintindex":0},"south":{"uv":[3.5,7.25,3.75,7.875],"rotation":0,"texture":"#0","tintindex":0},"north":{"uv":[3.25,7.25,3.5,7.875],"rotation":0,"texture":"#0","tintindex":0},"west":{"uv":[3.75,7.25,4.0,7.875],"rotation":0,"texture":"#0","tintindex":0},"up":{"uv":[8.125,2.75,7.875,2.5],"rotation":0,"texture":"#0","tintindex":0},"down":{"uv":[8.125,2.75,7.875,3.0],"rotation":0,"texture":"#0","tintindex":0}}}],"display":{"head":{"translation":[0.0,-6.4,0.0],"scale":[4.0,4.0,4.0]}}}