{"textures":{"0":"modelengine:entity/zebra"},"elements":[{"from":[7.6679316,5.0881004,6.0810757],"to":[9.230675,8.630318,8.268915],"rotation":{"angle":-22.5,"axis":"x","origin":[6.6649346,9.185636,8.772848]},"faces":{"east":{"uv":[5.25,5.625,5.75,6.375],"rotation":0,"texture":"#0","tintindex":0},"south":{"uv":[4.0,6.5,4.375,7.25],"rotation":0,"texture":"#0","tintindex":0},"north":{"uv":[3.625,6.5,4.0,7.25],"rotation":0,"texture":"#0","tintindex":0},"west":{"uv":[3.5,5.75,4.0,6.5],"rotation":0,"texture":"#0","tintindex":0},"up":{"uv":[5.0,7.5,4.625,7.0],"rotation":0,"texture":"#0","tintindex":0},"down":{"uv":[7.375,4.75,7.0,5.25],"rotation":0,"texture":"#0","tintindex":0}}},{"from":[7.7721143,6.84429,7.1757884],"to":[9.334857,9.240496,9.988726],"rotation":{"angle":22.5,"axis":"x","origin":[6.6649346,9.185636,8.772848]},"faces":{"east":{"uv":[6.125,6.0,6.75,6.5],"rotation":0,"texture":"#0","tintindex":0},"south":{"uv":[7.125,0.0,7.5,0.5],"rotation":0,"texture":"#0","tintindex":0},"north":{"uv":[6.875,7.0,7.25,7.5],"rotation":0,"texture":"#0","tintindex":0},"west":{"uv":[0.0,6.25,0.625,6.75],"rotation":0,"texture":"#0","tintindex":0},"up":{"uv":[7.25,2.0,6.875,1.375],"rotation":0,"texture":"#0","tintindex":0},"down":{"uv":[7.25,2.0,6.875,2.625],"rotation":0,"texture":"#0","tintindex":0}}}],"display":{"head":{"translation":[0.0,-6.4,0.0],"scale":[4.0,4.0,4.0]}}}