{"textures":{"0":"modelengine:entity/zebra"},"elements":[{"from":[8.570194,2.2748075,5.6266747],"to":[10.445486,6.442122,8.127064],"rotation":{"angle":-22.5,"axis":"x","origin":[7.254649,9.627921,2.482562]},"faces":{"east":{"uv":[4.75,4.625,5.25,5.5],"rotation":0,"texture":"#0","tintindex":0},"south":{"uv":[5.875,4.625,6.25,5.5],"rotation":0,"texture":"#0","tintindex":0},"north":{"uv":[5.875,3.75,6.25,4.625],"rotation":0,"texture":"#0","tintindex":0},"west":{"uv":[5.125,1.75,5.625,2.625],"rotation":0,"texture":"#0","tintindex":0},"up":{"uv":[1.625,7.625,1.25,7.125],"rotation":0,"texture":"#0","tintindex":0},"down":{"uv":[2.0,7.125,1.625,7.625],"rotation":0,"texture":"#0","tintindex":0}}},{"from":[7.8409142,7.27983,6.6025276],"to":[10.549668,10.092768,9.519648],"rotation":{"angle":0.0,"axis":"x","origin":[7.254649,9.627921,2.482562]},"faces":{"east":{"uv":[5.375,0.625,6.0,1.25],"rotation":0,"texture":"#0","tintindex":0},"south":{"uv":[2.875,5.375,3.5,6.0],"rotation":0,"texture":"#0","tintindex":0},"north":{"uv":[5.375,0.0,6.0,0.625],"rotation":0,"texture":"#0","tintindex":0},"west":{"uv":[5.625,1.25,6.25,1.875],"rotation":0,"texture":"#0","tintindex":0},"up":{"uv":[6.25,2.5,5.625,1.875],"rotation":0,"texture":"#0","tintindex":0},"down":{"uv":[2.875,5.625,2.25,6.25],"rotation":0,"texture":"#0","tintindex":0}}}],"display":{"head":{"translation":[0.0,-6.4,0.0],"scale":[4.0,4.0,4.0]}}}