{"textures":{"0":"modelengine:entity/zebra"},"elements":[{"from":[7.1823997,6.2901154,6.510738],"to":[8.5367775,9.832333,8.073481],"rotation":{"angle":0.0,"axis":"x","origin":[6.07522,12.736605,7.436179]},"faces":{"east":{"uv":[5.75,6.5,6.125,7.25],"rotation":0,"texture":"#0","tintindex":0},"south":{"uv":[1.0,7.125,1.25,7.875],"rotation":0,"texture":"#0","tintindex":0},"north":{"uv":[3.0,6.875,3.25,7.625],"rotation":0,"texture":"#0","tintindex":0},"west":{"uv":[6.125,6.5,6.5,7.25],"rotation":0,"texture":"#0","tintindex":0},"up":{"uv":[1.625,6.75,1.375,6.375],"rotation":0,"texture":"#0","tintindex":0},"down":{"uv":[8.0,4.5,7.75,4.875],"rotation":0,"texture":"#0","tintindex":0}}},{"from":[7.078217,3.0424118,6.074795],"to":[8.64096,4.08424,7.5333548],"rotation":{"angle":0.0,"axis":"y","origin":[6.07522,12.736605,7.436179]},"faces":{"east":{"uv":[7.75,5.125,8.125,5.375],"rotation":0,"texture":"#0","tintindex":0},"south":{"uv":[5.375,7.75,5.75,8.0],"rotation":0,"texture":"#0","tintindex":0},"north":{"uv":[7.75,4.875,8.125,5.125],"rotation":0,"texture":"#0","tintindex":0},"west":{"uv":[7.75,5.375,8.125,5.625],"rotation":0,"texture":"#0","tintindex":0},"up":{"uv":[7.875,0.375,7.5,0.0],"rotation":0,"texture":"#0","tintindex":0},"down":{"uv":[0.75,7.5,0.375,7.875],"rotation":0,"texture":"#0","tintindex":0}}},{"from":[7.286583,3.6855435,6.7191033],"to":[8.432594,6.394298,7.865115],"rotation":{"angle":0.0,"axis":"x","origin":[6.07522,12.736605,7.436179]},"faces":{"east":{"uv":[4.25,7.25,4.5,7.875],"rotation":0,"texture":"#0","tintindex":0},"south":{"uv":[7.25,5.25,7.5,5.875],"rotation":0,"texture":"#0","tintindex":0},"north":{"uv":[4.0,7.25,4.25,7.875],"rotation":0,"texture":"#0","tintindex":0},"west":{"uv":[5.75,7.25,6.0,7.875],"rotation":0,"texture":"#0","tintindex":0},"up":{"uv":[8.125,3.25,7.875,3.0],"rotation":0,"texture":"#0","tintindex":0},"down":{"uv":[3.375,7.875,3.125,8.125],"rotation":0,"texture":"#0","tintindex":0}}}],"display":{"head":{"translation":[0.0,-6.4,0.0],"scale":[4.0,4.0,4.0]}}}