{"textures":{"0":"modelengine:entity/zebra"},"elements":[{"from":[8.330378,2.2937474,1.6352024],"to":[9.997303,5.523416,3.1979456],"rotation":{"angle":-45.0,"axis":"x","origin":[6.910649,13.138254,0.7618122]},"faces":{"east":{"uv":[6.625,4.375,7.0,5.125],"rotation":0,"texture":"#0","tintindex":0},"south":{"uv":[0.0,6.75,0.375,7.5],"rotation":0,"texture":"#0","tintindex":0},"north":{"uv":[6.5,6.5,6.875,7.25],"rotation":0,"texture":"#0","tintindex":0},"west":{"uv":[6.75,0.0,7.125,0.75],"rotation":0,"texture":"#0","tintindex":0},"up":{"uv":[7.875,1.875,7.5,1.5],"rotation":0,"texture":"#0","tintindex":0},"down":{"uv":[7.875,1.875,7.5,2.25],"rotation":0,"texture":"#0","tintindex":0}}},{"from":[8.538743,4.277524,8.56852],"to":[9.788938,7.298827,9.922897],"rotation":{"angle":0.0,"axis":"x","origin":[6.910649,13.138254,0.7618122]},"faces":{"east":{"uv":[6.25,7.25,6.5,7.875],"rotation":0,"texture":"#0","tintindex":0},"south":{"uv":[7.25,6.375,7.5,7.0],"rotation":0,"texture":"#0","tintindex":0},"north":{"uv":[6.0,7.25,6.25,7.875],"rotation":0,"texture":"#0","tintindex":0},"west":{"uv":[6.5,7.25,6.75,7.875],"rotation":0,"texture":"#0","tintindex":0},"up":{"uv":[8.125,3.5,7.875,3.25],"rotation":0,"texture":"#0","tintindex":0},"down":{"uv":[3.625,7.875,3.375,8.125],"rotation":0,"texture":"#0","tintindex":0}}},{"from":[8.330378,3.2356958,8.255971],"to":[9.997303,4.277524,9.714531],"rotation":{"angle":0.0,"axis":"y","origin":[6.910649,13.138254,0.7618122]},"faces":{"east":{"uv":[7.75,6.625,8.125,6.875],"rotation":0,"texture":"#0","tintindex":0},"south":{"uv":[7.25,7.75,7.625,8.0],"rotation":0,"texture":"#0","tintindex":0},"north":{"uv":[7.75,6.375,8.125,6.625],"rotation":0,"texture":"#0","tintindex":0},"west":{"uv":[0.0,7.875,0.375,8.125],"rotation":0,"texture":"#0","tintindex":0},"up":{"uv":[7.875,2.625,7.5,2.25],"rotation":0,"texture":"#0","tintindex":0},"down":{"uv":[2.875,7.5,2.5,7.875],"rotation":0,"texture":"#0","tintindex":0}}}],"display":{"head":{"translation":[0.0,-6.4,0.0],"scale":[4.0,4.0,4.0]}}}