{"textures":{"0":"modelengine:entity/zebra"},"elements":[{"from":[7.332439,4.7791777,5.5107765],"to":[8.576635,7.0316105,6.7088795],"rotation":{"angle":45.0,"axis":"x","origin":[7.954537,5.905394,6.538399]},"faces":{"east":{"uv":[3.25,6.0,3.5,6.5],"rotation":0,"texture":"#0","tintindex":0},"south":{"uv":[0.75,7.5,1.0,8.0],"rotation":0,"texture":"#0","tintindex":0},"north":{"uv":[5.375,1.25,5.625,1.75],"rotation":0,"texture":"#0","tintindex":0},"west":{"uv":[4.875,7.5,5.125,8.0],"rotation":0,"texture":"#0","tintindex":0},"up":{"uv":[4.25,6.0,4.0,5.75],"rotation":0,"texture":"#0","tintindex":0},"down":{"uv":[7.25,5.25,7.0,5.5],"rotation":0,"texture":"#0","tintindex":0}}},{"from":[7.4111085,8.27789,7.075129],"to":[8.506606,11.341022,8.081438],"rotation":{"angle":0.0,"axis":"y","origin":[7.958857,9.309456,7.0068545]},"faces":{"east":{"uv":[2.625,6.25,2.875,6.875],"rotation":0,"texture":"#0","tintindex":0},"south":{"uv":[5.5,7.125,5.75,7.75],"rotation":0,"texture":"#0","tintindex":0},"north":{"uv":[5.625,3.75,5.875,4.375],"rotation":0,"texture":"#0","tintindex":0},"west":{"uv":[7.25,1.5,7.5,2.125],"rotation":0,"texture":"#0","tintindex":0},"up":{"uv":[2.25,8.125,2.0,7.875],"rotation":0,"texture":"#0","tintindex":0},"down":{"uv":[2.5,7.875,2.25,8.125],"rotation":0,"texture":"#0","tintindex":0}}},{"from":[7.4111085,6.8493185,7.360843],"to":[8.506606,8.769593,8.367152],"rotation":{"angle":22.5,"axis":"x","origin":[7.958857,9.309456,7.0068545]},"faces":{"east":{"uv":[7.875,1.0,8.125,1.375],"rotation":0,"texture":"#0","tintindex":0},"south":{"uv":[7.875,1.5,8.125,1.875],"rotation":0,"texture":"#0","tintindex":0},"north":{"uv":[1.0,7.875,1.25,8.25],"rotation":0,"texture":"#0","tintindex":0},"west":{"uv":[7.875,1.875,8.125,2.25],"rotation":0,"texture":"#0","tintindex":0},"up":{"uv":[8.125,8.125,7.875,7.875],"rotation":0,"texture":"#0","tintindex":0},"down":{"uv":[1.0,8.0,0.75,8.25],"rotation":0,"texture":"#0","tintindex":0}}}],"display":{"head":{"translation":[0.0,-6.4,0.0],"scale":[4.0,4.0,4.0]}}}