{"textures":{"0":"modelengine:entity/zebra"},"elements":[{"from":[5.9713826,5.79136,7.2097826],"to":[10.034514,9.750309,11.585463],"rotation":{"angle":0.0,"axis":"y","origin":[7.885506,9.502207,4.717991]},"faces":{"east":{"uv":[3.625,2.0,4.625,2.875],"rotation":0,"texture":"#0","tintindex":0},"south":{"uv":[4.5,0.875,5.375,1.75],"rotation":0,"texture":"#0","tintindex":0},"north":{"uv":[4.5,0.0,5.375,0.875],"rotation":0,"texture":"#0","tintindex":0},"west":{"uv":[3.625,2.875,4.625,3.75],"rotation":0,"texture":"#0","tintindex":0},"up":{"uv":[0.875,4.75,0.0,3.75],"rotation":0,"texture":"#0","tintindex":0},"down":{"uv":[1.75,3.75,0.875,4.75],"rotation":0,"texture":"#0","tintindex":0}}},{"from":[5.8672,5.582994,3.4592],"to":[10.138697,10.062857,7.6265144],"rotation":{"angle":0.0,"axis":"y","origin":[7.885506,9.502207,4.717991]},"faces":{"east":{"uv":[2.75,2.875,3.625,3.875],"rotation":0,"texture":"#0","tintindex":0},"south":{"uv":[3.625,0.0,4.5,1.0],"rotation":0,"texture":"#0","tintindex":0},"north":{"uv":[1.875,2.875,2.75,3.875],"rotation":0,"texture":"#0","tintindex":0},"west":{"uv":[3.625,1.0,4.5,2.0],"rotation":0,"texture":"#0","tintindex":0},"up":{"uv":[3.25,4.75,2.375,3.875],"rotation":0,"texture":"#0","tintindex":0},"down":{"uv":[5.125,3.75,4.25,4.625],"rotation":0,"texture":"#0","tintindex":0}}},{"from":[6.59648,6.297894,2.0360098],"to":[8.888503,10.465208,3.807119],"rotation":{"angle":-22.5,"axis":"x","origin":[7.885506,9.502207,4.717991]},"faces":{"east":{"uv":[6.0,0.0,6.375,0.875],"rotation":0,"texture":"#0","tintindex":0},"south":{"uv":[5.125,3.5,5.625,4.375],"rotation":0,"texture":"#0","tintindex":0},"north":{"uv":[5.125,2.625,5.625,3.5],"rotation":0,"texture":"#0","tintindex":0},"west":{"uv":[2.875,6.0,3.25,6.875],"rotation":0,"texture":"#0","tintindex":0},"up":{"uv":[5.5,7.5,5.0,7.125],"rotation":0,"texture":"#0","tintindex":0},"down":{"uv":[7.625,6.0,7.125,6.375],"rotation":0,"texture":"#0","tintindex":0}}}],"display":{"head":{"translation":[0.0,-6.4,0.0],"scale":[4.0,4.0,4.0]}}}