{"textures":{"0":"modelengine:entity/zc_runner"},"elements":[{"from":[7.142857,5.714286,7.142857],"to":[8.857143,8.0,8.857143],"rotation":{"angle":0.0,"axis":"y","origin":[9.142858,13.428572,8.0]},"faces":{"east":{"uv":[5.25,10.0,6.0,11.0],"rotation":0,"texture":"#0","tintindex":0},"south":{"uv":[6.0,10.0,6.75,11.0],"rotation":0,"texture":"#0","tintindex":0},"north":{"uv":[4.5,10.0,5.25,11.0],"rotation":0,"texture":"#0","tintindex":0},"west":{"uv":[10.0,6.0,10.75,7.0],"rotation":0,"texture":"#0","tintindex":0},"up":{"uv":[1.5,11.0,0.75,10.25],"rotation":0,"texture":"#0","tintindex":0},"down":{"uv":[2.25,10.25,1.5,11.0],"rotation":0,"texture":"#0","tintindex":0}}},{"from":[6.857143,6.285714,6.857143],"to":[8.0,7.428571,8.0],"rotation":{"angle":0.0,"axis":"y","origin":[7.714286,5.714286,10.571428]},"faces":{"east":{"uv":[4.5,9.5,5.0,10.0],"rotation":0,"texture":"#0","tintindex":0},"south":{"uv":[10.75,2.25,11.25,2.75],"rotation":0,"texture":"#0","tintindex":0},"north":{"uv":[8.0,8.5,8.5,9.0],"rotation":0,"texture":"#0","tintindex":0},"west":{"uv":[10.75,2.75,11.25,3.25],"rotation":0,"texture":"#0","tintindex":0},"up":{"uv":[4.25,11.25,3.75,10.75],"rotation":0,"texture":"#0","tintindex":0},"down":{"uv":[11.25,6.0,10.75,6.5],"rotation":0,"texture":"#0","tintindex":0}}},{"from":[8.285714,6.285714,6.5714283],"to":[9.428572,6.285714,7.142857],"rotation":{"angle":0.0,"axis":"y","origin":[8.0,8.0,8.0]},"faces":{"east":{"uv":[0.0,0.0,0.25,0.0],"rotation":0,"texture":"#0","tintindex":0},"south":{"uv":[0.0,0.0,0.5,0.0],"rotation":0,"texture":"#0","tintindex":0},"north":{"uv":[0.0,0.0,0.5,0.0],"rotation":0,"texture":"#0","tintindex":0},"west":{"uv":[0.0,0.0,0.25,0.0],"rotation":0,"texture":"#0","tintindex":0},"up":{"uv":[8.5,7.0,8.0,6.75],"rotation":0,"texture":"#0","tintindex":0},"down":{"uv":[10.5,3.75,10.0,4.0],"rotation":0,"texture":"#0","tintindex":0}}},{"from":[6.397439,5.714286,7.982438],"to":[6.9688673,6.857143,7.982438],"rotation":{"angle":22.5,"axis":"y","origin":[9.254581,6.285714,7.982438]},"faces":{"east":{"uv":[0.0,0.0,0.0,0.5],"rotation":0,"texture":"#0","tintindex":0},"south":{"uv":[3.75,8.75,4.0,9.25],"rotation":0,"texture":"#0","tintindex":0},"north":{"uv":[5.0,8.0,5.25,8.5],"rotation":0,"texture":"#0","tintindex":0},"west":{"uv":[0.0,0.0,0.0,0.5],"rotation":0,"texture":"#0","tintindex":0},"up":{"uv":[0.25,0.0,0.0,0.0],"rotation":0,"texture":"#0","tintindex":0},"down":{"uv":[0.25,0.0,0.0,0.0],"rotation":0,"texture":"#0","tintindex":0}}}],"display":{"head":{"translation":[0.0,-6.4,0.0],"scale":[4.0,4.0,4.0]}}}