{"textures":{"0":"modelengine:entity/zc_runner"},"elements":[{"from":[7.142857,6.857143,6.0],"to":[8.857143,8.0,8.857143],"rotation":{"angle":0.0,"axis":"y","origin":[6.857143,10.285714,7.714286]},"faces":{"east":{"uv":[6.75,10.0,8.0,10.5],"rotation":0,"texture":"#0","tintindex":0},"south":{"uv":[10.5,4.75,11.25,5.25],"rotation":0,"texture":"#0","tintindex":0},"north":{"uv":[9.0,4.0,9.75,4.5],"rotation":0,"texture":"#0","tintindex":0},"west":{"uv":[10.0,7.0,11.25,7.5],"rotation":0,"texture":"#0","tintindex":0},"up":{"uv":[4.5,10.75,3.75,9.5],"rotation":0,"texture":"#0","tintindex":0},"down":{"uv":[10.5,0.0,9.75,1.25],"rotation":0,"texture":"#0","tintindex":0}}}],"display":{"head":{"translation":[0.0,-6.4,0.0],"scale":[4.0,4.0,4.0]}}}