{"textures":{"0":"modelengine:entity/zc_runner"},"elements":[{"from":[7.142857,5.714286,7.142857],"to":[8.857143,8.0,8.857143],"rotation":{"angle":0.0,"axis":"y","origin":[6.857143,13.428572,8.0]},"faces":{"east":{"uv":[9.75,4.0,10.5,5.0],"rotation":0,"texture":"#0","tintindex":0},"south":{"uv":[9.75,5.0,10.5,6.0],"rotation":0,"texture":"#0","tintindex":0},"north":{"uv":[9.75,1.25,10.5,2.25],"rotation":0,"texture":"#0","tintindex":0},"west":{"uv":[10.0,2.25,10.75,3.25],"rotation":0,"texture":"#0","tintindex":0},"up":{"uv":[10.25,10.75,9.5,10.0],"rotation":0,"texture":"#0","tintindex":0},"down":{"uv":[0.75,10.25,0.0,11.0],"rotation":0,"texture":"#0","tintindex":0}}}],"display":{"head":{"translation":[0.0,-6.4,0.0],"scale":[4.0,4.0,4.0]}}}