{"textures":{"0":"modelengine:entity/zc_runner"},"elements":[{"from":[5.714286,8.0,6.5714283],"to":[10.285714,11.428572,9.428572],"rotation":{"angle":0.0,"axis":"y","origin":[8.0,6.5714283,8.0]},"faces":{"east":{"uv":[4.0,6.5,5.25,8.0],"rotation":0,"texture":"#0","tintindex":0},"south":{"uv":[4.25,3.5,6.25,5.0],"rotation":0,"texture":"#0","tintindex":0},"north":{"uv":[4.25,2.0,6.25,3.5],"rotation":0,"texture":"#0","tintindex":0},"west":{"uv":[5.25,7.0,6.5,8.5],"rotation":0,"texture":"#0","tintindex":0},"up":{"uv":[2.0,7.25,0.0,6.0],"rotation":0,"texture":"#0","tintindex":0},"down":{"uv":[4.0,6.0,2.0,7.25],"rotation":0,"texture":"#0","tintindex":0}}},{"from":[9.142858,8.0,2.5714283],"to":[9.142858,9.714286,6.5714283],"rotation":{"angle":0.0,"axis":"y","origin":[8.0,8.0,8.0]},"faces":{"east":{"uv":[8.0,4.5,9.75,5.25],"rotation":0,"texture":"#0","tintindex":0},"south":{"uv":[0.0,0.0,0.0,0.75],"rotation":0,"texture":"#0","tintindex":0},"north":{"uv":[0.0,0.0,0.0,0.75],"rotation":0,"texture":"#0","tintindex":0},"west":{"uv":[8.0,5.25,9.75,6.0],"rotation":0,"texture":"#0","tintindex":0},"up":{"uv":[0.0,1.75,0.0,0.0],"rotation":0,"texture":"#0","tintindex":0},"down":{"uv":[0.0,0.0,0.0,1.75],"rotation":0,"texture":"#0","tintindex":0}}},{"from":[10.285714,8.0,7.714286],"to":[11.428572,9.714286,7.714286],"rotation":{"angle":0.0,"axis":"y","origin":[6.857143,8.0,7.142857]},"faces":{"east":{"uv":[0.0,0.0,0.0,0.75],"rotation":0,"texture":"#0","tintindex":0},"south":{"uv":[10.5,5.25,11.0,6.0],"rotation":0,"texture":"#0","tintindex":0},"north":{"uv":[8.0,6.0,8.5,6.75],"rotation":0,"texture":"#0","tintindex":0},"west":{"uv":[0.0,0.0,0.0,0.75],"rotation":0,"texture":"#0","tintindex":0},"up":{"uv":[0.5,0.0,0.0,0.0],"rotation":0,"texture":"#0","tintindex":0},"down":{"uv":[0.5,0.0,0.0,0.0],"rotation":0,"texture":"#0","tintindex":0}}},{"from":[10.285714,8.0,9.428572],"to":[11.428572,9.714286,9.428572],"rotation":{"angle":0.0,"axis":"y","origin":[6.857143,8.0,7.142857]},"faces":{"east":{"uv":[0.0,0.0,0.0,0.75],"rotation":0,"texture":"#0","tintindex":0},"south":{"uv":[7.25,10.5,7.75,11.25],"rotation":0,"texture":"#0","tintindex":0},"north":{"uv":[6.75,10.5,7.25,11.25],"rotation":0,"texture":"#0","tintindex":0},"west":{"uv":[0.0,0.0,0.0,0.75],"rotation":0,"texture":"#0","tintindex":0},"up":{"uv":[0.5,0.0,0.0,0.0],"rotation":0,"texture":"#0","tintindex":0},"down":{"uv":[0.5,0.0,0.0,0.0],"rotation":0,"texture":"#0","tintindex":0}}}],"display":{"head":{"translation":[0.0,-6.4,0.0],"scale":[4.0,4.0,4.0]}}}