{"textures":{"0":"modelengine:entity/pirate_zombie"},"elements":[{"from":[7.4857144,2.2857141,6.857143],"to":[9.657143,6.285714,9.142858],"rotation":{"angle":22.5,"axis":"x","origin":[8.571428,5.714286,8.0]},"faces":{"east":{"uv":[1.5,7.0,2.0,7.875],"rotation":0,"texture":"#0","tintindex":0},"south":{"uv":[6.5,7.0,7.0,7.875],"rotation":0,"texture":"#0","tintindex":0},"north":{"uv":[1.0,7.0,1.5,7.875],"rotation":0,"texture":"#0","tintindex":0},"west":{"uv":[7.0,7.0,7.5,7.875],"rotation":0,"texture":"#0","tintindex":0},"up":{"uv":[3.5,8.125,3.0,7.625],"rotation":0,"texture":"#0","tintindex":0},"down":{"uv":[4.0,7.625,3.5,8.125],"rotation":0,"texture":"#0","tintindex":0}}},{"from":[7.428571,5.714286,6.857143],"to":[9.714286,9.142858,9.142858],"rotation":{"angle":0.0,"axis":"y","origin":[8.571428,5.714286,8.0]},"faces":{"east":{"uv":[7.5,5.875,8.0,6.625],"rotation":0,"texture":"#0","tintindex":0},"south":{"uv":[7.5,6.625,8.0,7.375],"rotation":0,"texture":"#0","tintindex":0},"north":{"uv":[7.5,5.125,8.0,5.875],"rotation":0,"texture":"#0","tintindex":0},"west":{"uv":[7.5,7.375,8.0,8.125],"rotation":0,"texture":"#0","tintindex":0},"up":{"uv":[4.5,8.125,4.0,7.625],"rotation":0,"texture":"#0","tintindex":0},"down":{"uv":[5.0,7.625,4.5,8.125],"rotation":0,"texture":"#0","tintindex":0}}}],"display":{"head":{"translation":[0.0,-6.4,0.0],"scale":[4.0,4.0,4.0]}}}