{"textures":{"0":"modelengine:entity/zc_runner"},"elements":[{"from":[7.142857,4.5714283,7.142857],"to":[8.857143,8.0,8.857143],"rotation":{"angle":0.0,"axis":"y","origin":[4.8571424,7.142857,8.0]},"faces":{"east":{"uv":[8.5,6.0,9.25,7.5],"rotation":0,"texture":"#0","tintindex":0},"south":{"uv":[6.5,8.5,7.25,10.0],"rotation":0,"texture":"#0","tintindex":0},"north":{"uv":[5.75,8.5,6.5,10.0],"rotation":0,"texture":"#0","tintindex":0},"west":{"uv":[7.25,8.5,8.0,10.0],"rotation":0,"texture":"#0","tintindex":0},"up":{"uv":[9.5,10.75,8.75,10.0],"rotation":0,"texture":"#0","tintindex":0},"down":{"uv":[10.75,9.0,10.0,9.75],"rotation":0,"texture":"#0","tintindex":0}}},{"from":[7.714286,6.857143,8.857143],"to":[7.714286,8.0,9.428572],"rotation":{"angle":0.0,"axis":"y","origin":[8.0,7.428571,8.0]},"faces":{"east":{"uv":[2.0,4.0,2.25,4.5],"rotation":0,"texture":"#0","tintindex":0},"south":{"uv":[0.0,0.0,0.0,0.5],"rotation":0,"texture":"#0","tintindex":0},"north":{"uv":[0.0,0.0,0.0,0.5],"rotation":0,"texture":"#0","tintindex":0},"west":{"uv":[4.0,4.5,4.25,5.0],"rotation":0,"texture":"#0","tintindex":0},"up":{"uv":[0.0,0.25,0.0,0.0],"rotation":0,"texture":"#0","tintindex":0},"down":{"uv":[0.0,0.0,0.0,0.25],"rotation":0,"texture":"#0","tintindex":0}}}],"display":{"head":{"translation":[0.0,-6.4,0.0],"scale":[4.0,4.0,4.0]}}}