{"parent":"minecraft:item/generated","textures":{"layer0":"minecraft:item/leather_horse_armor"},"overrides":[{"predicate":{"custom_model_data":1},"model":"modelengine:beetle_4/fullbody"},{"predicate":{"custom_model_data":2},"model":"modelengine:beetle_4/frontbody"},{"predicate":{"custom_model_data":3},"model":"modelengine:beetle_4/head"},{"predicate":{"custom_model_data":4},"model":"modelengine:beetle_4/mouth"},{"predicate":{"custom_model_data":5},"model":"modelengine:beetle_4/frontleg2"},{"predicate":{"custom_model_data":6},"model":"modelengine:beetle_4/frontleg"},{"predicate":{"custom_model_data":7},"model":"modelengine:beetle_4/wing"},{"predicate":{"custom_model_data":8},"model":"modelengine:beetle_4/backleg2"},{"predicate":{"custom_model_data":9},"model":"modelengine:beetle_4/middleleg2"},{"predicate":{"custom_model_data":10},"model":"modelengine:beetle_4/backleg"},{"predicate":{"custom_model_data":11},"model":"modelengine:beetle_4/wing2"},{"predicate":{"custom_model_data":12},"model":"modelengine:beetle_4/middleleg"},{"predicate":{"custom_model_data":13},"model":"modelengine:enderman/body"},{"predicate":{"custom_model_data":14},"model":"modelengine:enderman/head"},{"predicate":{"custom_model_data":15},"model":"modelengine:enderman/headwear"},{"predicate":{"custom_model_data":16},"model":"modelengine:enderman/right_arm"},{"predicate":{"custom_model_data":17},"model":"modelengine:enderman/left_arm"},{"predicate":{"custom_model_data":18},"model":"modelengine:enderman/right_leg"},{"predicate":{"custom_model_data":19},"model":"modelengine:enderman/left_leg"},{"predicate":{"custom_model_data":1000},"model":"modelengine:babygazelle/torso"},{"predicate":{"custom_model_data":1001},"model":"modelengine:babygazelle/neck"},{"predicate":{"custom_model_data":1002},"model":"modelengine:babygazelle/head"},{"predicate":{"custom_model_data":1003},"model":"modelengine:babygazelle/leftleg"},{"predicate":{"custom_model_data":1004},"model":"modelengine:babygazelle/leftleg_low"},{"predicate":{"custom_model_data":1005},"model":"modelengine:babygazelle/rightleg"},{"predicate":{"custom_model_data":1006},"model":"modelengine:babygazelle/rightleg_low"},{"predicate":{"custom_model_data":1007},"model":"modelengine:babygazelle/leftarm"},{"predicate":{"custom_model_data":1008},"model":"modelengine:babygazelle/leftarm_low"},{"predicate":{"custom_model_data":1009},"model":"modelengine:babygazelle/rightarm"},{"predicate":{"custom_model_data":1010},"model":"modelengine:babygazelle/rightarm_low"},{"predicate":{"custom_model_data":1011},"model":"modelengine:babygiraffe/torso"},{"predicate":{"custom_model_data":1012},"model":"modelengine:babygiraffe/neck"},{"predicate":{"custom_model_data":1013},"model":"modelengine:babygiraffe/head"},{"predicate":{"custom_model_data":1014},"model":"modelengine:babygiraffe/leftleg"},{"predicate":{"custom_model_data":1015},"model":"modelengine:babygiraffe/leftleg_low"},{"predicate":{"custom_model_data":1016},"model":"modelengine:babygiraffe/rightleg"},{"predicate":{"custom_model_data":1017},"model":"modelengine:babygiraffe/rightleg_low"},{"predicate":{"custom_model_data":1018},"model":"modelengine:babygiraffe/leftarm"},{"predicate":{"custom_model_data":1019},"model":"modelengine:babygiraffe/leftarm_low"},{"predicate":{"custom_model_data":1020},"model":"modelengine:babygiraffe/rightarm"},{"predicate":{"custom_model_data":1021},"model":"modelengine:babygiraffe/rightarm_low"},{"predicate":{"custom_model_data":1022},"model":"modelengine:babygiraffe/tail"},{"predicate":{"custom_model_data":1023},"model":"modelengine:babyrhino/torso"},{"predicate":{"custom_model_data":1024},"model":"modelengine:babyrhino/head"},{"predicate":{"custom_model_data":1025},"model":"modelengine:babyrhino/tail"},{"predicate":{"custom_model_data":1026},"model":"modelengine:babyrhino/left_arm"},{"predicate":{"custom_model_data":1027},"model":"modelengine:babyrhino/lower_leftarm"},{"predicate":{"custom_model_data":1028},"model":"modelengine:babyrhino/right_arm"},{"predicate":{"custom_model_data":1029},"model":"modelengine:babyrhino/lower_rightarm"},{"predicate":{"custom_model_data":1030},"model":"modelengine:babyrhino/left_leg"},{"predicate":{"custom_model_data":1031},"model":"modelengine:babyrhino/lower_leftleg"},{"predicate":{"custom_model_data":1032},"model":"modelengine:babyrhino/right_leg"},{"predicate":{"custom_model_data":1033},"model":"modelengine:babyrhino/lower_rightleg"},{"predicate":{"custom_model_data":1034},"model":"modelengine:babyzebra/torso"},{"predicate":{"custom_model_data":1035},"model":"modelengine:babyzebra/neck"},{"predicate":{"custom_model_data":1036},"model":"modelengine:babyzebra/head"},{"predicate":{"custom_model_data":1037},"model":"modelengine:babyzebra/leftleg"},{"predicate":{"custom_model_data":1038},"model":"modelengine:babyzebra/leftleg_low"},{"predicate":{"custom_model_data":1039},"model":"modelengine:babyzebra/rightleg"},{"predicate":{"custom_model_data":1040},"model":"modelengine:babyzebra/rightleg_low"},{"predicate":{"custom_model_data":1041},"model":"modelengine:babyzebra/leftarm"},{"predicate":{"custom_model_data":1042},"model":"modelengine:babyzebra/leftarm_low"},{"predicate":{"custom_model_data":1043},"model":"modelengine:babyzebra/rightarm"},{"predicate":{"custom_model_data":1044},"model":"modelengine:babyzebra/rightarm_low"},{"predicate":{"custom_model_data":1045},"model":"modelengine:babyzebra/tail"},{"predicate":{"custom_model_data":1046},"model":"modelengine:cheetah/torso"},{"predicate":{"custom_model_data":1047},"model":"modelengine:cheetah/neck"},{"predicate":{"custom_model_data":1048},"model":"modelengine:cheetah/yaw"},{"predicate":{"custom_model_data":1049},"model":"modelengine:cheetah/head"},{"predicate":{"custom_model_data":1050},"model":"modelengine:cheetah/tail"},{"predicate":{"custom_model_data":1051},"model":"modelengine:cheetah/rightarm"},{"predicate":{"custom_model_data":1052},"model":"modelengine:cheetah/rightarm_low"},{"predicate":{"custom_model_data":1053},"model":"modelengine:cheetah/leftarm"},{"predicate":{"custom_model_data":1054},"model":"modelengine:cheetah/leftarm_low"},{"predicate":{"custom_model_data":1055},"model":"modelengine:cheetah/rightleg"},{"predicate":{"custom_model_data":1056},"model":"modelengine:cheetah/rightleg_low"},{"predicate":{"custom_model_data":1057},"model":"modelengine:cheetah/leftleg"},{"predicate":{"custom_model_data":1058},"model":"modelengine:cheetah/leftleg_low"},{"predicate":{"custom_model_data":1059},"model":"modelengine:gazelle/torso"},{"predicate":{"custom_model_data":1060},"model":"modelengine:gazelle/neck"},{"predicate":{"custom_model_data":1061},"model":"modelengine:gazelle/head"},{"predicate":{"custom_model_data":1062},"model":"modelengine:gazelle/leftleg"},{"predicate":{"custom_model_data":1063},"model":"modelengine:gazelle/leftleg_low"},{"predicate":{"custom_model_data":1064},"model":"modelengine:gazelle/rightleg"},{"predicate":{"custom_model_data":1065},"model":"modelengine:gazelle/rightleg_low"},{"predicate":{"custom_model_data":1066},"model":"modelengine:gazelle/leftarm"},{"predicate":{"custom_model_data":1067},"model":"modelengine:gazelle/leftarm_low"},{"predicate":{"custom_model_data":1068},"model":"modelengine:gazelle/rightarm"},{"predicate":{"custom_model_data":1069},"model":"modelengine:gazelle/rightarm_low"},{"predicate":{"custom_model_data":1070},"model":"modelengine:giraffe/torso"},{"predicate":{"custom_model_data":1071},"model":"modelengine:giraffe/neck"},{"predicate":{"custom_model_data":1072},"model":"modelengine:giraffe/head"},{"predicate":{"custom_model_data":1073},"model":"modelengine:giraffe/leftleg"},{"predicate":{"custom_model_data":1074},"model":"modelengine:giraffe/leftleg_low"},{"predicate":{"custom_model_data":1075},"model":"modelengine:giraffe/rightleg"},{"predicate":{"custom_model_data":1076},"model":"modelengine:giraffe/rightleg_low"},{"predicate":{"custom_model_data":1077},"model":"modelengine:giraffe/leftarm"},{"predicate":{"custom_model_data":1078},"model":"modelengine:giraffe/leftarm_low"},{"predicate":{"custom_model_data":1079},"model":"modelengine:giraffe/rightarm"},{"predicate":{"custom_model_data":1080},"model":"modelengine:giraffe/rightarm_low"},{"predicate":{"custom_model_data":1081},"model":"modelengine:giraffe/tail"},{"predicate":{"custom_model_data":1082},"model":"modelengine:lion/torso"},{"predicate":{"custom_model_data":1083},"model":"modelengine:lion/head"},{"predicate":{"custom_model_data":1084},"model":"modelengine:lion/yaw"},{"predicate":{"custom_model_data":1085},"model":"modelengine:lion/tail"},{"predicate":{"custom_model_data":1086},"model":"modelengine:lion/rightarm"},{"predicate":{"custom_model_data":1087},"model":"modelengine:lion/rightarm_low"},{"predicate":{"custom_model_data":1088},"model":"modelengine:lion/leftarm"},{"predicate":{"custom_model_data":1089},"model":"modelengine:lion/leftarm_low"},{"predicate":{"custom_model_data":1090},"model":"modelengine:lion/rightleg"},{"predicate":{"custom_model_data":1091},"model":"modelengine:lion/rightleg_low"},{"predicate":{"custom_model_data":1092},"model":"modelengine:lion/leftleg"},{"predicate":{"custom_model_data":1093},"model":"modelengine:lion/leftleg_low"},{"predicate":{"custom_model_data":1094},"model":"modelengine:lioncub/torso"},{"predicate":{"custom_model_data":1095},"model":"modelengine:lioncub/head"},{"predicate":{"custom_model_data":1096},"model":"modelengine:lioncub/yaw"},{"predicate":{"custom_model_data":1097},"model":"modelengine:lioncub/neck"},{"predicate":{"custom_model_data":1098},"model":"modelengine:lioncub/tail"},{"predicate":{"custom_model_data":1099},"model":"modelengine:lioncub/rightarm"},{"predicate":{"custom_model_data":1100},"model":"modelengine:lioncub/rightarm_low"},{"predicate":{"custom_model_data":1101},"model":"modelengine:lioncub/leftarm"},{"predicate":{"custom_model_data":1102},"model":"modelengine:lioncub/leftarm_low"},{"predicate":{"custom_model_data":1103},"model":"modelengine:lioncub/rightleg"},{"predicate":{"custom_model_data":1104},"model":"modelengine:lioncub/rightleg_low"},{"predicate":{"custom_model_data":1105},"model":"modelengine:lioncub/leftleg"},{"predicate":{"custom_model_data":1106},"model":"modelengine:lioncub/leftleg_low"},{"predicate":{"custom_model_data":1107},"model":"modelengine:lioness/torso"},{"predicate":{"custom_model_data":1108},"model":"modelengine:lioness/head"},{"predicate":{"custom_model_data":1109},"model":"modelengine:lioness/yaw"},{"predicate":{"custom_model_data":1110},"model":"modelengine:lioness/neck"},{"predicate":{"custom_model_data":1111},"model":"modelengine:lioness/tail"},{"predicate":{"custom_model_data":1112},"model":"modelengine:lioness/rightarm"},{"predicate":{"custom_model_data":1113},"model":"modelengine:lioness/rightarm_low"},{"predicate":{"custom_model_data":1114},"model":"modelengine:lioness/leftarm"},{"predicate":{"custom_model_data":1115},"model":"modelengine:lioness/leftarm_low"},{"predicate":{"custom_model_data":1116},"model":"modelengine:lioness/rightleg"},{"predicate":{"custom_model_data":1117},"model":"modelengine:lioness/rightleg_low"},{"predicate":{"custom_model_data":1118},"model":"modelengine:lioness/leftleg"},{"predicate":{"custom_model_data":1119},"model":"modelengine:lioness/leftleg_low"},{"predicate":{"custom_model_data":1120},"model":"modelengine:rhino/torso"},{"predicate":{"custom_model_data":1121},"model":"modelengine:rhino/head"},{"predicate":{"custom_model_data":1122},"model":"modelengine:rhino/tail"},{"predicate":{"custom_model_data":1123},"model":"modelengine:rhino/left_arm"},{"predicate":{"custom_model_data":1124},"model":"modelengine:rhino/lower_leftarm"},{"predicate":{"custom_model_data":1125},"model":"modelengine:rhino/right_arm"},{"predicate":{"custom_model_data":1126},"model":"modelengine:rhino/lower_rightarm"},{"predicate":{"custom_model_data":1127},"model":"modelengine:rhino/right_leg"},{"predicate":{"custom_model_data":1128},"model":"modelengine:rhino/lower_rightleg"},{"predicate":{"custom_model_data":1129},"model":"modelengine:rhino/left_leg"},{"predicate":{"custom_model_data":1130},"model":"modelengine:rhino/lower_leftleg"},{"predicate":{"custom_model_data":1131},"model":"modelengine:wilddog/torso"},{"predicate":{"custom_model_data":1132},"model":"modelengine:wilddog/leftleg"},{"predicate":{"custom_model_data":1133},"model":"modelengine:wilddog/leftleg_low"},{"predicate":{"custom_model_data":1134},"model":"modelengine:wilddog/rightleg"},{"predicate":{"custom_model_data":1135},"model":"modelengine:wilddog/rightleg_low"},{"predicate":{"custom_model_data":1136},"model":"modelengine:wilddog/leftarm"},{"predicate":{"custom_model_data":1137},"model":"modelengine:wilddog/leftarm_low"},{"predicate":{"custom_model_data":1138},"model":"modelengine:wilddog/rightarm"},{"predicate":{"custom_model_data":1139},"model":"modelengine:wilddog/rightarm_low"},{"predicate":{"custom_model_data":1140},"model":"modelengine:wilddog/head"},{"predicate":{"custom_model_data":1141},"model":"modelengine:wilddog/yaw"},{"predicate":{"custom_model_data":1142},"model":"modelengine:wilddog/tail"},{"predicate":{"custom_model_data":1143},"model":"modelengine:zebra/torso"},{"predicate":{"custom_model_data":1144},"model":"modelengine:zebra/neck"},{"predicate":{"custom_model_data":1145},"model":"modelengine:zebra/head"},{"predicate":{"custom_model_data":1146},"model":"modelengine:zebra/leftleg"},{"predicate":{"custom_model_data":1147},"model":"modelengine:zebra/leftleg_low"},{"predicate":{"custom_model_data":1148},"model":"modelengine:zebra/rightleg"},{"predicate":{"custom_model_data":1149},"model":"modelengine:zebra/rightleg_low"},{"predicate":{"custom_model_data":1150},"model":"modelengine:zebra/leftarm"},{"predicate":{"custom_model_data":1151},"model":"modelengine:zebra/leftarm_low"},{"predicate":{"custom_model_data":1152},"model":"modelengine:zebra/rightarm"},{"predicate":{"custom_model_data":1153},"model":"modelengine:zebra/rightarm_low"},{"predicate":{"custom_model_data":1154},"model":"modelengine:zebra/tail"}]}