{"textures":{"0":"modelengine:entity/zc_spitter"},"elements":[{"from":[7.428571,7.4314733,6.240913],"to":[8.571428,8.002902,8.526628],"rotation":{"angle":0.0,"axis":"y","origin":[6.714286,15.142858,5.714286]},"faces":{"east":{"uv":[8.75,1.5,9.75,1.75],"rotation":0,"texture":"#0","tintindex":0},"south":{"uv":[11.25,1.5,11.75,1.75],"rotation":0,"texture":"#0","tintindex":0},"north":{"uv":[9.75,1.5,10.25,1.75],"rotation":0,"texture":"#0","tintindex":0},"west":{"uv":[10.25,1.5,11.25,1.75],"rotation":0,"texture":"#0","tintindex":0},"up":{"uv":[10.25,1.5,9.75,0.5],"rotation":0,"texture":"#0","tintindex":0},"down":{"uv":[10.75,0.5,10.25,1.5],"rotation":0,"texture":"#0","tintindex":0}}}],"display":{"head":{"translation":[0.0,-6.4,0.0],"scale":[4.0,4.0,4.0]}}}