{"parent":"minecraft:item/generated","textures":{"layer0":"minecraft:item/leather_horse_armor"},"overrides":[{"predicate":{"custom_model_data":1},"model":"modelengine:deepdiamgolem/head"},{"predicate":{"custom_model_data":2},"model":"modelengine:deepdiamgolem/bone"},{"predicate":{"custom_model_data":3},"model":"modelengine:deepdiamgolem/bone3"},{"predicate":{"custom_model_data":4},"model":"modelengine:deepdiamgolem/bone2"},{"predicate":{"custom_model_data":5},"model":"modelengine:deepdiamgolem/bone4"},{"predicate":{"custom_model_data":6},"model":"modelengine:deepdiamgolem/leftarm"},{"predicate":{"custom_model_data":7},"model":"modelengine:deepdiamgolem/rightarm"},{"predicate":{"custom_model_data":8},"model":"modelengine:deepdiamgolem/left_leg"},{"predicate":{"custom_model_data":9},"model":"modelengine:deepdiamgolem/right_leg"},{"predicate":{"custom_model_data":10},"model":"modelengine:madparrot/bone3"},{"predicate":{"custom_model_data":11},"model":"modelengine:madparrot/bone2"},{"predicate":{"custom_model_data":12},"model":"modelengine:madparrot/bone"},{"predicate":{"custom_model_data":13},"model":"modelengine:madparrot/bone4"},{"predicate":{"custom_model_data":14},"model":"modelengine:madparrot/bone5"},{"predicate":{"custom_model_data":15},"model":"modelengine:madparrot/head"},{"predicate":{"custom_model_data":16},"model":"modelengine:miner_zombie/head"},{"predicate":{"custom_model_data":17},"model":"modelengine:miner_zombie/body"},{"predicate":{"custom_model_data":18},"model":"modelengine:miner_zombie/left_arm"},{"predicate":{"custom_model_data":19},"model":"modelengine:miner_zombie/right_arm"},{"predicate":{"custom_model_data":20},"model":"modelengine:miner_zombie/bone"},{"predicate":{"custom_model_data":21},"model":"modelengine:miner_zombie/left_leg"},{"predicate":{"custom_model_data":22},"model":"modelengine:miner_zombie/right_leg"},{"predicate":{"custom_model_data":23},"model":"modelengine:nether_zombie/head"},{"predicate":{"custom_model_data":24},"model":"modelengine:nether_zombie/body"},{"predicate":{"custom_model_data":25},"model":"modelengine:nether_zombie/left_arm"},{"predicate":{"custom_model_data":26},"model":"modelengine:nether_zombie/bone2"},{"predicate":{"custom_model_data":27},"model":"modelengine:nether_zombie/right_arm"},{"predicate":{"custom_model_data":28},"model":"modelengine:nether_zombie/left_leg"},{"predicate":{"custom_model_data":29},"model":"modelengine:nether_zombie/right_leg"},{"predicate":{"custom_model_data":30},"model":"modelengine:pirate_zombie/head"},{"predicate":{"custom_model_data":31},"model":"modelengine:pirate_zombie/body"},{"predicate":{"custom_model_data":32},"model":"modelengine:pirate_zombie/left_arm"},{"predicate":{"custom_model_data":33},"model":"modelengine:pirate_zombie/right_arm"},{"predicate":{"custom_model_data":34},"model":"modelengine:pirate_zombie/bone"},{"predicate":{"custom_model_data":35},"model":"modelengine:pirate_zombie/left_leg"},{"predicate":{"custom_model_data":36},"model":"modelengine:pirate_zombie/right_leg"},{"predicate":{"custom_model_data":37},"model":"modelengine:toxishroom/bone"},{"predicate":{"custom_model_data":38},"model":"modelengine:toxishroom/bone2"},{"predicate":{"custom_model_data":39},"model":"modelengine:zombiebossz/head"},{"predicate":{"custom_model_data":40},"model":"modelengine:zombiebossz/body"},{"predicate":{"custom_model_data":41},"model":"modelengine:zombiebossz/body2"},{"predicate":{"custom_model_data":42},"model":"modelengine:zombiebossz/right_arm"},{"predicate":{"custom_model_data":43},"model":"modelengine:zombiebossz/left_arm"},{"predicate":{"custom_model_data":44},"model":"modelengine:zombiebossz/left_leg"},{"predicate":{"custom_model_data":45},"model":"modelengine:zombiebossz/right_leg"}]}