{"textures":{"0":"modelengine:entity/lion"},"elements":[{"from":[8.8714285,0.7976775,7.42785],"to":[11.214286,6.397678,9.599278],"rotation":{"angle":22.5,"axis":"x","origin":[11.271429,-2.0847836,13.043631]},"faces":{"east":{"uv":[5.875,9.75,6.375,11.0],"rotation":0,"texture":"#0","tintindex":0},"south":{"uv":[9.75,6.0,10.25,7.25],"rotation":0,"texture":"#0","tintindex":0},"north":{"uv":[2.0,9.5,2.5,10.75],"rotation":0,"texture":"#0","tintindex":0},"west":{"uv":[9.75,8.0,10.25,9.25],"rotation":0,"texture":"#0","tintindex":0},"up":{"uv":[7.875,13.125,7.375,12.625],"rotation":0,"texture":"#0","tintindex":0},"down":{"uv":[9.125,12.625,8.625,13.125],"rotation":0,"texture":"#0","tintindex":0}}},{"from":[9.1,4.929454,7.426434],"to":[11.042857,7.3294544,12.455006],"rotation":{"angle":22.5,"axis":"x","origin":[-1.4142866,8.398516,12.519943]},"faces":{"east":{"uv":[10.25,2.625,11.375,3.125],"rotation":0,"texture":"#0","tintindex":0},"south":{"uv":[8.625,13.125,9.0,13.625],"rotation":0,"texture":"#0","tintindex":0},"north":{"uv":[6.875,10.0,7.25,10.5],"rotation":0,"texture":"#0","tintindex":0},"west":{"uv":[10.25,10.25,11.375,10.75],"rotation":0,"texture":"#0","tintindex":0},"up":{"uv":[4.5,13.0,4.125,11.875],"rotation":0,"texture":"#0","tintindex":0},"down":{"uv":[8.25,12.125,7.875,13.25],"rotation":0,"texture":"#0","tintindex":0}}},{"from":[8.3,1.622591,8.054489],"to":[11.671429,2.8225913,11.311632],"rotation":{"angle":0.0,"axis":"y","origin":[10.041262,1.4050288,10.311418]},"faces":{"east":{"uv":[13.375,0.0,14.125,0.25],"rotation":0,"texture":"#0","tintindex":0},"south":{"uv":[13.375,0.25,14.125,0.5],"rotation":0,"texture":"#0","tintindex":0},"north":{"uv":[0.0,13.375,0.75,13.625],"rotation":0,"texture":"#0","tintindex":0},"west":{"uv":[13.375,0.5,14.125,0.75],"rotation":0,"texture":"#0","tintindex":0},"up":{"uv":[11.125,0.75,10.375,0.0],"rotation":0,"texture":"#0","tintindex":0},"down":{"uv":[5.0,10.375,4.25,11.125],"rotation":0,"texture":"#0","tintindex":0}}},{"from":[10.408744,1.5368772,7.0509825],"to":[10.7516,2.222591,7.7366967],"rotation":{"angle":-22.5,"axis":"y","origin":[10.041262,1.4050288,10.482846]},"faces":{"east":{"uv":[8.5,13.5,8.625,13.625],"rotation":0,"texture":"#0","tintindex":0},"south":{"uv":[12.375,13.5,12.5,13.625],"rotation":0,"texture":"#0","tintindex":0},"north":{"uv":[8.375,13.5,8.5,13.625],"rotation":0,"texture":"#0","tintindex":0},"west":{"uv":[13.625,4.625,13.75,4.75],"rotation":0,"texture":"#0","tintindex":0},"up":{"uv":[13.75,8.25,13.625,8.125],"rotation":0,"texture":"#0","tintindex":0},"down":{"uv":[13.875,9.25,13.75,9.375],"rotation":0,"texture":"#0","tintindex":0}}},{"from":[9.957143,1.5368772,6.968775],"to":[10.3,2.222591,7.654489],"rotation":{"angle":0.0,"axis":"y","origin":[10.041262,1.4050288,10.482846]},"faces":{"east":{"uv":[0.625,13.25,0.75,13.375],"rotation":0,"texture":"#0","tintindex":0},"south":{"uv":[13.375,5.5,13.5,5.625],"rotation":0,"texture":"#0","tintindex":0},"north":{"uv":[0.5,13.25,0.625,13.375],"rotation":0,"texture":"#0","tintindex":0},"west":{"uv":[11.625,13.375,11.75,13.5],"rotation":0,"texture":"#0","tintindex":0},"up":{"uv":[13.625,4.75,13.5,4.625],"rotation":0,"texture":"#0","tintindex":0},"down":{"uv":[13.625,8.125,13.5,8.25],"rotation":0,"texture":"#0","tintindex":0}}},{"from":[9.272378,1.5368772,7.074072],"to":[9.615235,2.222591,7.759786],"rotation":{"angle":22.5,"axis":"y","origin":[10.041262,1.4050288,10.482846]},"faces":{"east":{"uv":[12.75,11.875,12.875,12.0],"rotation":0,"texture":"#0","tintindex":0},"south":{"uv":[12.875,8.25,13.0,8.375],"rotation":0,"texture":"#0","tintindex":0},"north":{"uv":[12.75,7.5,12.875,7.625],"rotation":0,"texture":"#0","tintindex":0},"west":{"uv":[12.875,11.875,13.0,12.0],"rotation":0,"texture":"#0","tintindex":0},"up":{"uv":[6.125,13.125,6.0,13.0],"rotation":0,"texture":"#0","tintindex":0},"down":{"uv":[13.125,8.25,13.0,8.375],"rotation":0,"texture":"#0","tintindex":0}}},{"from":[8.671413,1.6797342,7.250681],"to":[10.042842,2.9368768,8.964967],"rotation":{"angle":22.5,"axis":"y","origin":[10.041262,1.4050288,10.311418]},"faces":{"east":{"uv":[1.375,14.0,1.75,14.25],"rotation":0,"texture":"#0","tintindex":0},"south":{"uv":[11.125,14.125,11.375,14.375],"rotation":0,"texture":"#0","tintindex":0},"north":{"uv":[14.125,11.0,14.375,11.25],"rotation":0,"texture":"#0","tintindex":0},"west":{"uv":[1.75,14.0,2.125,14.25],"rotation":0,"texture":"#0","tintindex":0},"up":{"uv":[2.625,14.375,2.375,14.0],"rotation":0,"texture":"#0","tintindex":0},"down":{"uv":[4.125,14.0,3.875,14.375],"rotation":0,"texture":"#0","tintindex":0}}},{"from":[9.385715,1.6797342,7.1402035],"to":[10.814286,2.9368768,8.854489],"rotation":{"angle":0.0,"axis":"y","origin":[10.041262,1.4050288,10.311418]},"faces":{"east":{"uv":[13.375,13.875,13.75,14.125],"rotation":0,"texture":"#0","tintindex":0},"south":{"uv":[13.75,13.875,14.125,14.125],"rotation":0,"texture":"#0","tintindex":0},"north":{"uv":[12.625,13.875,13.0,14.125],"rotation":0,"texture":"#0","tintindex":0},"west":{"uv":[0.0,14.0,0.375,14.25],"rotation":0,"texture":"#0","tintindex":0},"up":{"uv":[3.875,14.125,3.5,13.75],"rotation":0,"texture":"#0","tintindex":0},"down":{"uv":[14.125,4.625,13.75,5.0],"rotation":0,"texture":"#0","tintindex":0}}},{"from":[10.095423,1.6797342,7.2275915],"to":[11.238279,2.9368768,8.941877],"rotation":{"angle":-22.5,"axis":"y","origin":[10.041262,1.4050288,10.311418]},"faces":{"east":{"uv":[11.25,13.875,11.625,14.125],"rotation":0,"texture":"#0","tintindex":0},"south":{"uv":[10.875,14.125,11.125,14.375],"rotation":0,"texture":"#0","tintindex":0},"north":{"uv":[10.625,14.125,10.875,14.375],"rotation":0,"texture":"#0","tintindex":0},"west":{"uv":[11.625,13.875,12.0,14.125],"rotation":0,"texture":"#0","tintindex":0},"up":{"uv":[0.75,13.25,0.5,12.875],"rotation":0,"texture":"#0","tintindex":0},"down":{"uv":[12.625,13.875,12.375,14.25],"rotation":0,"texture":"#0","tintindex":0}}}],"display":{"head":{"translation":[0.0,-6.4,0.0],"scale":[4.0,4.0,4.0]}}}