{"textures":{"0":"modelengine:entity/lion"},"elements":[{"from":[5.771428,4.8,2.371428],"to":[10.285714,10.0,8.971429],"rotation":{"angle":0.0,"axis":"y","origin":[5.428571,4.0571427,7.6]},"faces":{"east":{"uv":[4.125,0.0,5.625,1.125],"rotation":0,"texture":"#0","tintindex":0},"south":{"uv":[6.375,3.5,7.375,4.625],"rotation":0,"texture":"#0","tintindex":0},"north":{"uv":[5.75,5.875,6.75,7.0],"rotation":0,"texture":"#0","tintindex":0},"west":{"uv":[4.125,1.125,5.625,2.25],"rotation":0,"texture":"#0","tintindex":0},"up":{"uv":[4.75,6.375,3.75,4.875],"rotation":0,"texture":"#0","tintindex":0},"down":{"uv":[5.75,4.875,4.75,6.375],"rotation":0,"texture":"#0","tintindex":0}}},{"from":[5.3142858,4.1714287,-3.6571436],"to":[10.571428,9.828571,2.0571427],"rotation":{"angle":22.5,"axis":"x","origin":[4.685714,3.5428567,3.771428]},"faces":{"east":{"uv":[1.375,4.125,2.625,5.375],"rotation":0,"texture":"#0","tintindex":0},"south":{"uv":[1.375,5.375,2.5,6.625],"rotation":0,"texture":"#0","tintindex":0},"north":{"uv":[5.25,3.5,6.375,4.75],"rotation":0,"texture":"#0","tintindex":0},"west":{"uv":[4.125,2.25,5.375,3.5],"rotation":0,"texture":"#0","tintindex":0},"up":{"uv":[6.5,3.5,5.375,2.25],"rotation":0,"texture":"#0","tintindex":0},"down":{"uv":[1.125,5.5,0.0,6.75],"rotation":0,"texture":"#0","tintindex":0}}},{"from":[6.0571427,5.2016664,7.549673],"to":[9.942858,9.830238,9.721102],"rotation":{"angle":0.0,"axis":"y","origin":[7.457143,7.030238,7.0925303]},"faces":{"east":{"uv":[0.75,11.5,1.25,12.5],"rotation":0,"texture":"#0","tintindex":0},"south":{"uv":[6.625,7.0,7.5,8.0],"rotation":0,"texture":"#0","tintindex":0},"north":{"uv":[5.75,7.0,6.625,8.0],"rotation":0,"texture":"#0","tintindex":0},"west":{"uv":[10.25,11.5,10.75,12.5],"rotation":0,"texture":"#0","tintindex":0},"up":{"uv":[7.625,2.25,6.75,1.75],"rotation":0,"texture":"#0","tintindex":0},"down":{"uv":[3.625,11.875,2.75,12.375],"rotation":0,"texture":"#0","tintindex":0}}}],"display":{"head":{"translation":[0.0,-6.4,0.0],"scale":[4.0,4.0,4.0]}}}