{"textures":{"0":"modelengine:entity/nether_zombie"},"elements":[{"from":[7.4857144,2.2857141,6.857143],"to":[9.657143,6.285714,9.142858],"rotation":{"angle":22.5,"axis":"x","origin":[8.571428,5.714286,8.0]},"faces":{"east":{"uv":[8.0,5.0,9.0,6.75],"rotation":0,"texture":"#0","tintindex":0},"south":{"uv":[8.0,6.75,9.0,8.5],"rotation":0,"texture":"#0","tintindex":0},"north":{"uv":[3.0,8.0,4.0,9.75],"rotation":0,"texture":"#0","tintindex":0},"west":{"uv":[7.0,8.5,8.0,10.25],"rotation":0,"texture":"#0","tintindex":0},"up":{"uv":[1.0,11.0,0.0,10.0],"rotation":0,"texture":"#0","tintindex":0},"down":{"uv":[11.0,0.0,10.0,1.0],"rotation":0,"texture":"#0","tintindex":0}}},{"from":[7.428571,5.714286,6.857143],"to":[9.714286,9.142858,9.142858],"rotation":{"angle":0.0,"axis":"y","origin":[8.571428,5.714286,8.0]},"faces":{"east":{"uv":[6.0,9.0,7.0,10.5],"rotation":0,"texture":"#0","tintindex":0},"south":{"uv":[9.0,6.0,10.0,7.5],"rotation":0,"texture":"#0","tintindex":0},"north":{"uv":[5.0,9.0,6.0,10.5],"rotation":0,"texture":"#0","tintindex":0},"west":{"uv":[9.25,1.5,10.25,3.0],"rotation":0,"texture":"#0","tintindex":0},"up":{"uv":[2.0,11.0,1.0,10.0],"rotation":0,"texture":"#0","tintindex":0},"down":{"uv":[11.0,3.0,10.0,4.0],"rotation":0,"texture":"#0","tintindex":0}}}],"display":{"head":{"translation":[0.0,-6.4,0.0],"scale":[4.0,4.0,4.0]}}}