{"textures":{"0":"modelengine:entity/zombiebossz"},"elements":[{"from":[2.0,4.5,-2.5621777],"to":[14.0,4.5,7.9378223],"faces":{"up":{"uv":[7.5,5.75,6.0,4.375],"tintindex":0,"rotation":0,"texture":"#0"},"down":{"uv":[2.625,6.375,1.125,7.75],"tintindex":0,"rotation":0,"texture":"#0"}},"rotation":{"origin":[8.0,7.5,1.9378223],"angle":-22.5,"axis":"x"}},{"from":[14.0,4.5,-2.5621777],"to":[14.0,10.5,7.9378223],"faces":{"east":{"uv":[10.125,8.625,11.375,9.375],"tintindex":0,"rotation":0,"texture":"#0"},"west":{"uv":[10.125,9.375,11.375,10.125],"tintindex":0,"rotation":0,"texture":"#0"}},"rotation":{"origin":[8.0,7.5,1.9378223],"angle":-22.5,"axis":"x"}},{"from":[2.0,5.700001,-4.0621777],"to":[14.0,10.200001,-4.0621777],"faces":{"south":{"uv":[10.125,8.0,11.625,8.625],"tintindex":0,"rotation":0,"texture":"#0"},"north":{"uv":[10.125,7.375,11.625,8.0],"tintindex":0,"rotation":0,"texture":"#0"}},"rotation":{"origin":[8.0,6.75,-4.0621777],"angle":-22.5,"axis":"x"}},{"from":[2.0,4.5,-2.5621777],"to":[14.0,10.5,-2.5621777],"faces":{"south":{"uv":[9.375,1.5,10.875,2.25],"tintindex":0,"rotation":0,"texture":"#0"},"north":{"uv":[9.375,0.75,10.875,1.5],"tintindex":0,"rotation":0,"texture":"#0"}},"rotation":{"origin":[8.0,7.5,1.9378223],"angle":-22.5,"axis":"x"}},{"from":[0.5,9.0,-5.5621777],"to":[15.5,21.0,9.437822],"faces":{"east":{"uv":[4.125,0.0,6.0,1.5],"tintindex":0,"rotation":0,"texture":"#0"},"south":{"uv":[4.125,1.5,6.0,3.0],"tintindex":0,"rotation":0,"texture":"#0"},"north":{"uv":[2.25,3.75,4.125,5.25],"tintindex":0,"rotation":0,"texture":"#0"},"west":{"uv":[4.125,3.0,6.0,4.5],"tintindex":0,"rotation":0,"texture":"#0"},"up":{"uv":[4.125,1.875,2.25,0.0],"tintindex":0,"rotation":0,"texture":"#0"},"down":{"uv":[4.125,1.875,2.25,3.75],"tintindex":0,"rotation":0,"texture":"#0"}}},{"from":[2.6,5.1000023,2.087822],"to":[13.4,7.6500015,7.9378223],"faces":{"east":{"uv":[9.375,11.125,10.125,11.5],"tintindex":0,"rotation":0,"texture":"#0"},"south":{"uv":[11.25,4.75,12.625,5.125],"tintindex":0,"rotation":0,"texture":"#0"},"north":{"uv":[6.625,11.125,8.0,11.5],"tintindex":0,"rotation":0,"texture":"#0"},"west":{"uv":[0.0,11.25,0.75,11.625],"tintindex":0,"rotation":0,"texture":"#0"},"up":{"uv":[11.25,5.5,9.875,4.75],"tintindex":0,"rotation":0,"texture":"#0"},"down":{"uv":[11.5,6.625,10.125,7.375],"tintindex":0,"rotation":0,"texture":"#0"}},"rotation":{"origin":[8.0,7.5,1.9378223],"angle":-22.5,"axis":"x"}},{"from":[1.4000001,12.0,-4.0621777],"to":[10.4,20.400002,7.9378223],"faces":{"east":{"uv":[7.125,0.0,8.625,1.0],"tintindex":0,"rotation":0,"texture":"#0"},"south":{"uv":[9.375,5.625,10.5,6.625],"tintindex":0,"rotation":0,"texture":"#0"},"north":{"uv":[9.375,2.25,10.5,3.25],"tintindex":0,"rotation":0,"texture":"#0"},"west":{"uv":[7.125,1.0,8.625,2.0],"tintindex":0,"rotation":0,"texture":"#0"},"up":{"uv":[3.75,7.875,2.625,6.375],"tintindex":0,"rotation":0,"texture":"#0"},"down":{"uv":[7.5,5.75,6.375,7.25],"tintindex":0,"rotation":0,"texture":"#0"}}},{"from":[2.0,4.5,-2.5621777],"to":[2.0,10.5,7.9378223],"faces":{"east":{"uv":[10.125,10.125,11.375,10.875],"tintindex":0,"rotation":0,"texture":"#0"},"west":{"uv":[3.0,10.25,4.25,11.0],"tintindex":0,"rotation":0,"texture":"#0"}},"rotation":{"origin":[8.0,7.5,1.9378223],"angle":-22.5,"axis":"x"}},{"from":[10.25,11.850002,-6.4621773],"to":[13.25,14.850002,-3.4621773],"faces":{"east":{"uv":[1.875,4.625,2.25,5.0],"tintindex":0,"rotation":0,"texture":"#0"},"south":{"uv":[3.75,6.375,4.125,6.75],"tintindex":0,"rotation":0,"texture":"#0"},"north":{"uv":[1.875,4.25,2.25,4.625],"tintindex":0,"rotation":0,"texture":"#0"},"west":{"uv":[3.375,7.875,3.75,8.25],"tintindex":0,"rotation":0,"texture":"#0"},"up":{"uv":[8.25,4.25,7.875,3.875],"tintindex":0,"rotation":0,"texture":"#0"},"down":{"uv":[6.0,8.375,5.625,8.75],"tintindex":0,"rotation":0,"texture":"#0"}}},{"from":[2.75,11.850002,-6.4621773],"to":[5.75,14.850002,-3.4621773],"faces":{"east":{"uv":[2.25,9.375,2.625,9.75],"tintindex":0,"rotation":0,"texture":"#0"},"south":{"uv":[9.375,3.25,9.75,3.625],"tintindex":0,"rotation":0,"texture":"#0"},"north":{"uv":[7.125,8.875,7.5,9.25],"tintindex":0,"rotation":0,"texture":"#0"},"west":{"uv":[3.0,9.75,3.375,10.125],"tintindex":0,"rotation":0,"texture":"#0"},"up":{"uv":[5.5,10.625,5.125,10.25],"tintindex":0,"rotation":0,"texture":"#0"},"down":{"uv":[7.0,10.75,6.625,11.125],"tintindex":0,"rotation":0,"texture":"#0"}}},{"from":[2.0,4.5,7.9378223],"to":[14.0,10.5,7.9378223],"faces":{"south":{"uv":[0.75,9.375,2.25,10.125],"tintindex":0,"rotation":0,"texture":"#0"},"north":{"uv":[9.375,0.0,10.875,0.75],"tintindex":0,"rotation":0,"texture":"#0"}},"rotation":{"origin":[8.0,7.5,1.9378223],"angle":-22.5,"axis":"x"}}],"display":{"gui":{"rotation":[30,225,0]}}}