{"textures":{"0":"modelengine:entity/zombiebossz"},"elements":[{"from":[3.5,-1.0,5.0],"to":[9.5,11.0,11.0],"faces":{"east":{"uv":[9.875,3.25,10.625,4.75],"tintindex":0,"rotation":0,"texture":"#0"},"south":{"uv":[0.75,10.125,1.5,11.625],"tintindex":0,"rotation":0,"texture":"#0"},"north":{"uv":[2.25,9.75,3.0,11.25],"tintindex":0,"rotation":0,"texture":"#0"},"west":{"uv":[1.5,10.125,2.25,11.625],"tintindex":0,"rotation":0,"texture":"#0"},"up":{"uv":[9.375,11.75,8.625,11.0],"tintindex":0,"rotation":0,"texture":"#0"},"down":{"uv":[4.5,11.125,3.75,11.875],"tintindex":0,"rotation":0,"texture":"#0"}}},{"from":[3.6500006,-14.349998,5.75],"to":[9.35,0.6500015,11.75],"faces":{"east":{"uv":[7.125,9.25,7.875,11.125],"tintindex":0,"rotation":0,"texture":"#0"},"south":{"uv":[7.875,9.25,8.625,11.125],"tintindex":0,"rotation":0,"texture":"#0"},"north":{"uv":[9.125,3.75,9.875,5.625],"tintindex":0,"rotation":0,"texture":"#0"},"west":{"uv":[0.0,9.375,0.75,11.25],"tintindex":0,"rotation":0,"texture":"#0"},"up":{"uv":[11.625,11.625,10.875,10.875],"tintindex":0,"rotation":0,"texture":"#0"},"down":{"uv":[3.75,11.0,3.0,11.75],"tintindex":0,"rotation":0,"texture":"#0"}},"rotation":{"origin":[6.5,2.0,8.0],"angle":22.5,"axis":"x"}}],"display":{"gui":{"rotation":[30,225,0]}}}