{"textures":{"0":"modelengine:entity/zombiebossz"},"elements":[{"from":[4.065623,-13.400522,3.533956],"to":[10.065622,1.5994768,9.533957],"faces":{"east":{"uv":[8.625,7.625,9.375,9.5],"tintindex":0,"rotation":0,"texture":"#0"},"south":{"uv":[5.625,8.875,6.375,10.75],"tintindex":0,"rotation":0,"texture":"#0"},"north":{"uv":[8.625,5.75,9.375,7.625],"tintindex":0,"rotation":0,"texture":"#0"},"west":{"uv":[6.375,8.875,7.125,10.75],"tintindex":0,"rotation":0,"texture":"#0"},"up":{"uv":[11.625,2.25,10.875,1.5],"tintindex":0,"rotation":0,"texture":"#0"},"down":{"uv":[10.875,10.875,10.125,11.625],"tintindex":0,"rotation":0,"texture":"#0"}},"rotation":{"origin":[6.0210457,-3.865697,8.5053005],"angle":-22.5,"axis":"x"}},{"from":[3.613625,-2.5413618,1.3472958],"to":[11.113625,10.958639,8.847296],"faces":{"east":{"uv":[1.75,7.75,2.625,9.375],"tintindex":0,"rotation":0,"texture":"#0"},"south":{"uv":[7.75,6.0,8.625,7.625],"tintindex":0,"rotation":0,"texture":"#0"},"north":{"uv":[0.875,7.75,1.75,9.375],"tintindex":0,"rotation":0,"texture":"#0"},"west":{"uv":[7.75,7.625,8.625,9.25],"tintindex":0,"rotation":0,"texture":"#0"},"up":{"uv":[11.375,6.375,10.5,5.5],"tintindex":0,"rotation":0,"texture":"#0"},"down":{"uv":[11.5,3.125,10.625,4.0],"tintindex":0,"rotation":0,"texture":"#0"}}}],"display":{"gui":{"rotation":[30,225,0]}}}