{"textures":{"0":"modelengine:entity/gazelle"},"elements":[{"from":[7.0235624,7.2829866,7.346209],"to":[8.949696,9.071539,9.042766],"rotation":{"angle":0.0,"axis":"y","origin":[8.012269,5.0335665,10.36802]},"faces":{"east":{"uv":[11.25,4.0,10.25,5.0],"rotation":180,"texture":"#0","tintindex":0},"south":{"uv":[9.5,0.0,8.75,1.0],"rotation":0,"texture":"#0","tintindex":0},"north":{"uv":[7.0,3.5,6.0,5.0],"rotation":0,"texture":"#0","tintindex":0},"west":{"uv":[11.25,4.0,10.25,5.0],"rotation":0,"texture":"#0","tintindex":0},"up":{"uv":[2.5,0.0,1.0,1.5],"rotation":0,"texture":"#0","tintindex":0},"down":{"uv":[7.25,3.5,6.25,5.0],"rotation":0,"texture":"#0","tintindex":0}}},{"from":[7.164375,8.720471,8.244956],"to":[7.7979693,9.908356,8.932385],"rotation":{"angle":22.5,"axis":"x","origin":[8.068103,9.186918,8.707046]},"faces":{"east":{"uv":[15.75,0.0,14.75,2.5],"rotation":0,"texture":"#0","tintindex":0},"south":{"uv":[15.75,0.0,14.75,2.5],"rotation":0,"texture":"#0","tintindex":0},"north":{"uv":[15.75,0.0,14.75,2.5],"rotation":0,"texture":"#0","tintindex":0},"west":{"uv":[15.75,0.0,14.75,2.5],"rotation":0,"texture":"#0","tintindex":0},"up":{"uv":[15.75,0.0,14.75,2.5],"rotation":0,"texture":"#0","tintindex":0},"down":{"uv":[15.75,0.0,14.75,2.5],"rotation":0,"texture":"#0","tintindex":0}}},{"from":[7.1790943,9.597626,9.554962],"to":[7.599259,10.818628,10.135677],"rotation":{"angle":45.0,"axis":"x","origin":[7.481172,10.95513,9.365104]},"faces":{"east":{"uv":[15.75,0.0,14.75,2.5],"rotation":0,"texture":"#0","tintindex":0},"south":{"uv":[15.75,0.0,14.75,2.5],"rotation":0,"texture":"#0","tintindex":0},"north":{"uv":[15.75,0.0,14.75,2.5],"rotation":0,"texture":"#0","tintindex":0},"west":{"uv":[15.75,0.0,14.75,2.5],"rotation":0,"texture":"#0","tintindex":0},"up":{"uv":[15.75,0.0,14.75,2.5],"rotation":0,"texture":"#0","tintindex":0},"down":{"uv":[15.75,0.0,14.75,2.5],"rotation":0,"texture":"#0","tintindex":0}}},{"from":[7.1938133,10.388866,9.512108],"to":[7.400549,10.756152,10.733111],"rotation":{"angle":-22.5,"axis":"x","origin":[7.481172,10.252365,9.802465]},"faces":{"east":{"uv":[15.75,0.0,14.75,2.5],"rotation":270,"texture":"#0","tintindex":0},"south":{"uv":[15.75,0.0,14.75,2.5],"rotation":0,"texture":"#0","tintindex":0},"north":{"uv":[15.75,0.0,14.75,2.5],"rotation":180,"texture":"#0","tintindex":0},"west":{"uv":[15.75,0.0,14.75,2.5],"rotation":90,"texture":"#0","tintindex":0},"up":{"uv":[15.75,0.0,14.75,2.5],"rotation":180,"texture":"#0","tintindex":0},"down":{"uv":[15.75,0.0,14.75,2.5],"rotation":0,"texture":"#0","tintindex":0}}},{"from":[7.101818,10.068722,10.685969],"to":[7.3085537,10.329293,11.800259],"rotation":{"angle":-45.0,"axis":"x","origin":[7.481172,10.252365,9.802465]},"faces":{"east":{"uv":[15.75,0.0,14.75,2.5],"rotation":270,"texture":"#0","tintindex":0},"south":{"uv":[15.75,0.0,14.75,2.5],"rotation":0,"texture":"#0","tintindex":0},"north":{"uv":[15.75,0.0,14.75,2.5],"rotation":180,"texture":"#0","tintindex":0},"west":{"uv":[15.75,0.0,14.75,2.5],"rotation":90,"texture":"#0","tintindex":0},"up":{"uv":[15.75,0.0,14.75,2.5],"rotation":180,"texture":"#0","tintindex":0},"down":{"uv":[15.75,0.0,14.75,2.5],"rotation":0,"texture":"#0","tintindex":0}}},{"from":[8.176325,8.683673,8.244956],"to":[8.809919,9.871557,8.932385],"rotation":{"angle":22.5,"axis":"x","origin":[9.080052,9.15012,8.707046]},"faces":{"east":{"uv":[15.75,0.0,14.75,2.5],"rotation":0,"texture":"#0","tintindex":0},"south":{"uv":[15.75,0.0,14.75,2.5],"rotation":0,"texture":"#0","tintindex":0},"north":{"uv":[15.75,0.0,14.75,2.5],"rotation":0,"texture":"#0","tintindex":0},"west":{"uv":[15.75,0.0,14.75,2.5],"rotation":0,"texture":"#0","tintindex":0},"up":{"uv":[15.75,0.0,14.75,2.5],"rotation":0,"texture":"#0","tintindex":0},"down":{"uv":[15.75,0.0,14.75,2.5],"rotation":0,"texture":"#0","tintindex":0}}},{"from":[8.375035,9.560827,9.554962],"to":[8.795199,10.78183,10.135677],"rotation":{"angle":45.0,"axis":"x","origin":[8.493122,10.918331,9.365104]},"faces":{"east":{"uv":[15.75,0.0,14.75,2.5],"rotation":0,"texture":"#0","tintindex":0},"south":{"uv":[15.75,0.0,14.75,2.5],"rotation":0,"texture":"#0","tintindex":0},"north":{"uv":[15.75,0.0,14.75,2.5],"rotation":0,"texture":"#0","tintindex":0},"west":{"uv":[15.75,0.0,14.75,2.5],"rotation":0,"texture":"#0","tintindex":0},"up":{"uv":[15.75,0.0,14.75,2.5],"rotation":0,"texture":"#0","tintindex":0},"down":{"uv":[15.75,0.0,14.75,2.5],"rotation":0,"texture":"#0","tintindex":0}}},{"from":[8.573745,10.388866,9.512108],"to":[8.78048,10.756152,10.733111],"rotation":{"angle":-22.5,"axis":"x","origin":[8.493122,10.252365,9.802465]},"faces":{"east":{"uv":[15.75,0.0,14.75,2.5],"rotation":270,"texture":"#0","tintindex":0},"south":{"uv":[15.75,0.0,14.75,2.5],"rotation":0,"texture":"#0","tintindex":0},"north":{"uv":[15.75,0.0,14.75,2.5],"rotation":180,"texture":"#0","tintindex":0},"west":{"uv":[15.75,0.0,14.75,2.5],"rotation":90,"texture":"#0","tintindex":0},"up":{"uv":[15.75,0.0,14.75,2.5],"rotation":180,"texture":"#0","tintindex":0},"down":{"uv":[15.75,0.0,14.75,2.5],"rotation":0,"texture":"#0","tintindex":0}}},{"from":[8.66574,10.068722,10.685969],"to":[8.872476,10.329293,11.800259],"rotation":{"angle":-45.0,"axis":"x","origin":[8.493122,10.252365,9.802465]},"faces":{"east":{"uv":[15.75,0.0,14.75,2.5],"rotation":270,"texture":"#0","tintindex":0},"south":{"uv":[15.75,0.0,14.75,2.5],"rotation":0,"texture":"#0","tintindex":0},"north":{"uv":[15.75,0.0,14.75,2.5],"rotation":180,"texture":"#0","tintindex":0},"west":{"uv":[15.75,0.0,14.75,2.5],"rotation":90,"texture":"#0","tintindex":0},"up":{"uv":[15.75,0.0,14.75,2.5],"rotation":180,"texture":"#0","tintindex":0},"down":{"uv":[15.75,0.0,14.75,2.5],"rotation":0,"texture":"#0","tintindex":0}}},{"from":[6.8859816,8.314844,7.7589517],"to":[9.087276,8.796377,8.722018],"rotation":{"angle":0.0,"axis":"y","origin":[8.012269,5.0335665,10.36802]},"faces":{"east":{"uv":[15.25,4.5,16.0,5.0],"rotation":0,"texture":"#0","tintindex":0},"south":{"uv":[15.25,4.5,16.0,5.0],"rotation":0,"texture":"#0","tintindex":0},"north":{"uv":[15.25,4.5,16.0,5.0],"rotation":0,"texture":"#0","tintindex":0},"west":{"uv":[15.25,4.5,16.0,5.0],"rotation":0,"texture":"#0","tintindex":0},"up":{"uv":[7.5,5.0,6.0,6.25],"rotation":0,"texture":"#0","tintindex":0},"down":{"uv":[7.5,5.0,6.0,6.25],"rotation":0,"texture":"#0","tintindex":0}}},{"from":[6.8859816,8.796377,7.2086277],"to":[7.505096,9.140329,8.722018],"rotation":{"angle":0.0,"axis":"y","origin":[8.012269,5.0335665,10.36802]},"faces":{"east":{"uv":[7.5,5.0,6.0,6.25],"rotation":0,"texture":"#0","tintindex":0},"south":{"uv":[15.25,4.5,16.0,5.0],"rotation":0,"texture":"#0","tintindex":0},"north":{"uv":[7.5,5.0,6.0,6.25],"rotation":0,"texture":"#0","tintindex":0},"west":{"uv":[15.0,4.75,16.0,5.0],"rotation":0,"texture":"#0","tintindex":0},"up":{"uv":[13.75,3.5,14.25,4.5],"rotation":180,"texture":"#0","tintindex":0},"down":{"uv":[7.5,5.0,6.0,6.25],"rotation":0,"texture":"#0","tintindex":0}}},{"from":[6.8515863,8.796377,7.1398373],"to":[7.4707007,8.796377,7.7589517],"rotation":{"angle":0.0,"axis":"y","origin":[8.012269,5.0335665,10.36802]},"faces":{"east":{"uv":[9.75,5.5,9.5,5.75],"rotation":0,"texture":"#0","tintindex":0},"south":{"uv":[9.75,5.5,9.5,5.75],"rotation":0,"texture":"#0","tintindex":0},"north":{"uv":[9.75,5.5,9.5,5.75],"rotation":0,"texture":"#0","tintindex":0},"west":{"uv":[9.75,5.5,9.5,5.75],"rotation":0,"texture":"#0","tintindex":0},"up":{"uv":[9.75,5.5,9.5,5.75],"rotation":0,"texture":"#0","tintindex":0},"down":{"uv":[9.75,5.5,9.5,5.75],"rotation":0,"texture":"#0","tintindex":0}}},{"from":[8.502558,8.796377,7.1398373],"to":[9.121672,8.796377,7.7589517],"rotation":{"angle":0.0,"axis":"y","origin":[8.012269,5.0335665,10.36802]},"faces":{"east":{"uv":[9.75,5.5,9.5,5.75],"rotation":0,"texture":"#0","tintindex":0},"south":{"uv":[9.75,5.5,9.5,5.75],"rotation":0,"texture":"#0","tintindex":0},"north":{"uv":[9.75,5.5,9.5,5.75],"rotation":0,"texture":"#0","tintindex":0},"west":{"uv":[9.75,5.5,9.5,5.75],"rotation":0,"texture":"#0","tintindex":0},"up":{"uv":[9.75,5.5,9.5,5.75],"rotation":0,"texture":"#0","tintindex":0},"down":{"uv":[9.75,5.5,9.5,5.75],"rotation":0,"texture":"#0","tintindex":0}}},{"from":[6.8859816,7.268746,7.2086277],"to":[7.505096,8.314844,8.722018],"rotation":{"angle":0.0,"axis":"y","origin":[8.003827,7.791795,7.965323]},"faces":{"east":{"uv":[10.75,3.5,9.75,4.5],"rotation":0,"texture":"#0","tintindex":0},"south":{"uv":[10.25,3.5,9.75,4.5],"rotation":0,"texture":"#0","tintindex":0},"north":{"uv":[1.75,1.75,1.25,2.5],"rotation":0,"texture":"#0","tintindex":0},"west":{"uv":[14.75,4.25,15.75,5.0],"rotation":0,"texture":"#0","tintindex":0},"up":{"uv":[10.75,3.5,9.75,4.5],"rotation":0,"texture":"#0","tintindex":0},"down":{"uv":[13.75,3.75,14.75,4.75],"rotation":0,"texture":"#0","tintindex":0}}},{"from":[8.468163,8.796377,7.2086277],"to":[9.087276,9.140329,8.722018],"rotation":{"angle":0.0,"axis":"y","origin":[8.012269,5.0335665,10.36802]},"faces":{"east":{"uv":[15.0,4.75,16.0,5.0],"rotation":180,"texture":"#0","tintindex":0},"south":{"uv":[15.25,4.5,16.0,5.0],"rotation":0,"texture":"#0","tintindex":0},"north":{"uv":[7.5,5.0,6.0,6.25],"rotation":0,"texture":"#0","tintindex":0},"west":{"uv":[7.5,5.0,6.0,6.25],"rotation":0,"texture":"#0","tintindex":0},"up":{"uv":[13.75,3.5,14.25,4.5],"rotation":180,"texture":"#0","tintindex":0},"down":{"uv":[7.5,5.0,6.0,6.25],"rotation":0,"texture":"#0","tintindex":0}}},{"from":[8.536953,7.268746,7.2086277],"to":[9.087276,8.314844,8.722018],"rotation":{"angle":0.0,"axis":"y","origin":[8.003827,7.791795,7.965323]},"faces":{"east":{"uv":[15.75,4.25,14.75,5.0],"rotation":0,"texture":"#0","tintindex":0},"south":{"uv":[10.25,3.5,9.75,4.5],"rotation":0,"texture":"#0","tintindex":0},"north":{"uv":[1.75,1.75,1.25,2.5],"rotation":0,"texture":"#0","tintindex":0},"west":{"uv":[10.75,3.5,9.75,4.5],"rotation":0,"texture":"#0","tintindex":0},"up":{"uv":[10.75,3.5,9.75,4.5],"rotation":0,"texture":"#0","tintindex":0},"down":{"uv":[14.75,3.75,13.75,4.75],"rotation":0,"texture":"#0","tintindex":0}}},{"from":[6.954772,8.314844,7.277418],"to":[7.2987247,8.796377,7.7589517],"rotation":{"angle":0.0,"axis":"y","origin":[8.012269,5.0335665,10.36802]},"faces":{"east":{"uv":[4.5,2.75,3.5,3.5],"rotation":0,"texture":"#0","tintindex":0},"south":{"uv":[4.5,2.75,3.5,3.5],"rotation":0,"texture":"#0","tintindex":0},"north":{"uv":[4.25,3.5,3.25,2.75],"rotation":0,"texture":"#0","tintindex":0},"west":{"uv":[3.5,3.5,4.25,2.75],"rotation":0,"texture":"#0","tintindex":0},"up":{"uv":[4.5,2.75,3.5,3.5],"rotation":0,"texture":"#0","tintindex":0},"down":{"uv":[4.5,2.75,3.5,3.5],"rotation":0,"texture":"#0","tintindex":0}}},{"from":[8.674534,8.314844,7.277418],"to":[9.018486,8.796377,7.7589517],"rotation":{"angle":0.0,"axis":"y","origin":[8.012269,5.0335665,10.36802]},"faces":{"east":{"uv":[4.25,3.5,3.5,2.75],"rotation":0,"texture":"#0","tintindex":0},"south":{"uv":[4.5,2.75,3.5,3.5],"rotation":0,"texture":"#0","tintindex":0},"north":{"uv":[3.25,3.5,4.25,2.75],"rotation":0,"texture":"#0","tintindex":0},"west":{"uv":[4.5,2.75,3.5,3.5],"rotation":0,"texture":"#0","tintindex":0},"up":{"uv":[4.5,2.75,3.5,3.5],"rotation":0,"texture":"#0","tintindex":0},"down":{"uv":[4.5,2.75,3.5,3.5],"rotation":0,"texture":"#0","tintindex":0}}},{"from":[6.3206797,8.516576,8.222735],"to":[7.196629,10.542708,8.497897],"rotation":{"angle":45.0,"axis":"z","origin":[7.264083,9.243023,8.377081]},"faces":{"east":{"uv":[8.5,3.5,8.25,4.0],"rotation":0,"texture":"#0","tintindex":0},"south":{"uv":[8.75,3.5,8.25,4.0],"rotation":0,"texture":"#0","tintindex":0},"north":{"uv":[10.25,5.75,9.25,7.25],"rotation":0,"texture":"#0","tintindex":0},"west":{"uv":[8.5,3.5,8.25,4.0],"rotation":0,"texture":"#0","tintindex":0},"up":{"uv":[8.5,3.5,8.25,4.0],"rotation":90,"texture":"#0","tintindex":0},"down":{"uv":[7.25,3.5,6.25,5.0],"rotation":0,"texture":"#0","tintindex":0}}},{"from":[8.776629,8.516576,8.222735],"to":[9.652578,10.542708,8.497897],"rotation":{"angle":-45.0,"axis":"z","origin":[8.709175,9.243023,8.377081]},"faces":{"east":{"uv":[8.5,3.5,8.25,4.0],"rotation":0,"texture":"#0","tintindex":0},"south":{"uv":[8.75,3.5,8.25,4.0],"rotation":0,"texture":"#0","tintindex":0},"north":{"uv":[10.25,5.75,9.25,7.25],"rotation":0,"texture":"#0","tintindex":0},"west":{"uv":[8.5,3.5,8.25,4.0],"rotation":0,"texture":"#0","tintindex":0},"up":{"uv":[8.5,3.5,8.25,4.0],"rotation":90,"texture":"#0","tintindex":0},"down":{"uv":[7.25,3.5,6.25,5.0],"rotation":0,"texture":"#0","tintindex":0}}},{"from":[7.582578,7.8231845,6.3778005],"to":[8.39068,8.853152,7.885915],"rotation":{"angle":-22.5,"axis":"x","origin":[7.9866295,8.062061,7.060429]},"faces":{"east":{"uv":[11.0,3.5,12.0,5.0],"rotation":0,"texture":"#0","tintindex":0},"south":{"uv":[7.0,3.5,6.0,5.0],"rotation":0,"texture":"#0","tintindex":0},"north":{"uv":[7.0,3.5,6.0,5.0],"rotation":0,"texture":"#0","tintindex":0},"west":{"uv":[12.0,3.5,11.0,5.0],"rotation":0,"texture":"#0","tintindex":0},"up":{"uv":[10.0,5.0,9.25,6.25],"rotation":0,"texture":"#0","tintindex":0},"down":{"uv":[12.0,4.5,11.0,5.0],"rotation":0,"texture":"#0","tintindex":0}}},{"from":[7.582578,7.1695876,6.39719],"to":[8.39068,7.9138412,8.0481615],"rotation":{"angle":0.0,"axis":"y","origin":[7.9866295,7.6845713,7.2941046]},"faces":{"east":{"uv":[7.25,5.0,6.25,5.5],"rotation":0,"texture":"#0","tintindex":0},"south":{"uv":[7.25,5.0,6.25,5.5],"rotation":0,"texture":"#0","tintindex":0},"north":{"uv":[7.25,5.0,6.25,5.5],"rotation":0,"texture":"#0","tintindex":0},"west":{"uv":[7.25,5.0,6.25,5.5],"rotation":0,"texture":"#0","tintindex":0},"up":{"uv":[7.25,5.0,6.25,5.5],"rotation":0,"texture":"#0","tintindex":0},"down":{"uv":[7.25,5.0,6.25,5.5],"rotation":0,"texture":"#0","tintindex":0}}},{"from":[7.513541,7.594297,5.816867],"to":[8.459717,8.412291,6.486974],"rotation":{"angle":0.0,"axis":"y","origin":[7.9866295,8.074722,6.1519203]},"faces":{"east":{"uv":[10.75,3.75,12.0,5.25],"rotation":0,"texture":"#0","tintindex":0},"south":{"uv":[7.0,3.5,6.0,5.0],"rotation":0,"texture":"#0","tintindex":0},"north":{"uv":[1.0,3.25,1.75,4.25],"rotation":0,"texture":"#0","tintindex":0},"west":{"uv":[12.0,3.75,10.75,5.25],"rotation":0,"texture":"#0","tintindex":0},"up":{"uv":[10.0,5.0,9.25,6.25],"rotation":0,"texture":"#0","tintindex":0},"down":{"uv":[7.25,3.5,6.25,5.0],"rotation":0,"texture":"#0","tintindex":0}}},{"from":[7.5137877,7.146168,5.8960276],"to":[8.459471,7.848012,6.401404],"rotation":{"angle":0.0,"axis":"y","origin":[8.012269,5.1764235,10.298984]},"faces":{"east":{"uv":[2.75,3.75,1.75,4.25],"rotation":0,"texture":"#0","tintindex":0},"south":{"uv":[7.25,5.0,6.25,5.5],"rotation":0,"texture":"#0","tintindex":0},"north":{"uv":[2.75,3.75,1.75,4.25],"rotation":0,"texture":"#0","tintindex":0},"west":{"uv":[2.75,3.75,1.75,4.25],"rotation":0,"texture":"#0","tintindex":0},"up":{"uv":[7.25,5.0,6.25,5.5],"rotation":0,"texture":"#0","tintindex":0},"down":{"uv":[7.25,5.0,6.25,5.5],"rotation":0,"texture":"#0","tintindex":0}}},{"from":[7.717482,8.183599,5.617769],"to":[8.255776,8.586966,6.161832],"rotation":{"angle":-22.5,"axis":"x","origin":[7.9866295,8.456711,5.961229]},"faces":{"east":{"uv":[15.5,0.25,14.75,1.25],"rotation":0,"texture":"#0","tintindex":0},"south":{"uv":[15.75,0.5,15.0,1.0],"rotation":0,"texture":"#0","tintindex":0},"north":{"uv":[15.75,1.25,14.75,2.25],"rotation":0,"texture":"#0","tintindex":0},"west":{"uv":[15.75,0.25,15.0,1.25],"rotation":0,"texture":"#0","tintindex":0},"up":{"uv":[15.75,1.5,14.75,2.5],"rotation":0,"texture":"#0","tintindex":0},"down":{"uv":[15.75,0.5,15.0,1.0],"rotation":0,"texture":"#0","tintindex":0}}}],"display":{"head":{"translation":[0.0,-6.4,0.0],"scale":[4.0,4.0,4.0]}}}