{"textures":{"0":"modelengine:entity/gazelle"},"elements":[{"from":[6.4831367,3.5985837,6.812907],"to":[7.737632,6.38635,8.02559],"rotation":{"angle":-22.5,"axis":"x","origin":[8.530245,8.517522,4.4336357]},"faces":{"east":{"uv":[16.0,3.5,15.25,5.0],"rotation":0,"texture":"#0","tintindex":0},"south":{"uv":[16.0,3.5,15.25,5.0],"rotation":0,"texture":"#0","tintindex":0},"north":{"uv":[16.0,3.5,15.25,5.0],"rotation":0,"texture":"#0","tintindex":0},"west":{"uv":[16.0,3.5,15.25,5.0],"rotation":0,"texture":"#0","tintindex":0},"up":{"uv":[16.0,3.5,15.25,5.0],"rotation":0,"texture":"#0","tintindex":0},"down":{"uv":[16.0,3.5,15.25,5.0],"rotation":0,"texture":"#0","tintindex":0}}},{"from":[6.4134426,6.946743,7.465714],"to":[8.225491,8.8284855,8.957173],"rotation":{"angle":0.0,"axis":"y","origin":[8.530245,8.517522,4.4336357]},"faces":{"east":{"uv":[9.5,0.0,8.75,1.0],"rotation":0,"texture":"#0","tintindex":0},"south":{"uv":[9.5,0.0,8.75,1.0],"rotation":0,"texture":"#0","tintindex":0},"north":{"uv":[9.5,0.0,8.75,1.0],"rotation":0,"texture":"#0","tintindex":0},"west":{"uv":[9.5,0.0,8.75,1.0],"rotation":0,"texture":"#0","tintindex":0},"up":{"uv":[9.5,0.0,8.75,1.0],"rotation":0,"texture":"#0","tintindex":0},"down":{"uv":[10.75,3.5,9.75,4.5],"rotation":0,"texture":"#0","tintindex":0}}}],"display":{"head":{"translation":[0.0,-6.4,0.0],"scale":[4.0,4.0,4.0]}}}