{"textures":{"0":"modelengine:entity/gazelle"},"elements":[{"from":[7.2003126,6.288368,7.184184],"to":[8.106337,7.922006,8.045606],"rotation":{"angle":0.0,"axis":"y","origin":[6.459654,9.864847,7.8032675]},"faces":{"east":{"uv":[1.0,5.25,0.0,7.0],"rotation":0,"texture":"#0","tintindex":0},"south":{"uv":[1.25,5.25,0.25,7.0],"rotation":0,"texture":"#0","tintindex":0},"north":{"uv":[1.0,5.25,0.0,7.0],"rotation":0,"texture":"#0","tintindex":0},"west":{"uv":[1.0,5.25,0.0,7.0],"rotation":0,"texture":"#0","tintindex":0},"up":{"uv":[1.0,5.25,0.0,7.0],"rotation":0,"texture":"#0","tintindex":0},"down":{"uv":[1.0,5.25,0.0,7.0],"rotation":0,"texture":"#0","tintindex":0}}},{"from":[7.1306186,4.1157846,6.8925557],"to":[8.176031,4.812726,7.868274],"rotation":{"angle":0.0,"axis":"y","origin":[6.459654,10.600811,7.8032675]},"faces":{"east":{"uv":[15.75,1.5,14.75,2.5],"rotation":0,"texture":"#0","tintindex":0},"south":{"uv":[15.75,1.5,14.75,2.5],"rotation":0,"texture":"#0","tintindex":0},"north":{"uv":[15.75,1.5,14.75,2.5],"rotation":0,"texture":"#0","tintindex":0},"west":{"uv":[15.75,1.5,14.75,2.5],"rotation":0,"texture":"#0","tintindex":0},"up":{"uv":[15.75,1.5,14.75,2.5],"rotation":0,"texture":"#0","tintindex":0},"down":{"uv":[15.75,1.5,14.75,2.5],"rotation":0,"texture":"#0","tintindex":0}}},{"from":[7.3620024,4.546014,7.3235726],"to":[7.9446473,6.3580623,7.998213],"rotation":{"angle":0.0,"axis":"y","origin":[6.459654,10.600811,7.8032675]},"faces":{"east":{"uv":[7.25,5.5,6.25,7.25],"rotation":0,"texture":"#0","tintindex":0},"south":{"uv":[7.25,5.5,6.25,7.25],"rotation":0,"texture":"#0","tintindex":0},"north":{"uv":[7.25,5.5,6.25,7.25],"rotation":0,"texture":"#0","tintindex":0},"west":{"uv":[7.25,5.5,6.25,7.25],"rotation":0,"texture":"#0","tintindex":0},"up":{"uv":[7.25,5.5,6.25,7.25],"rotation":0,"texture":"#0","tintindex":0},"down":{"uv":[7.25,5.5,6.25,7.25],"rotation":0,"texture":"#0","tintindex":0}}}],"display":{"head":{"translation":[0.0,-6.4,0.0],"scale":[4.0,4.0,4.0]}}}