{"textures":{"0":"modelengine:entity/rabiddog"},"elements":[{"from":[6.8474092,7.4017344,7.1122365],"to":[9.0765705,8.977418,8.127881],"rotation":{"angle":-45.0,"axis":"x","origin":[8.019133,8.249577,7.760059]},"faces":{"east":{"uv":[10.5,9.0,9.5,7.5],"rotation":0,"texture":"#0","tintindex":0},"south":{"uv":[7.0,3.5,7.75,5.0],"rotation":0,"texture":"#0","tintindex":0},"north":{"uv":[12.75,8.25,14.25,9.25],"rotation":0,"texture":"#0","tintindex":0},"west":{"uv":[9.5,9.0,10.5,7.5],"rotation":0,"texture":"#0","tintindex":0},"up":{"uv":[9.0,7.25,10.5,6.5],"rotation":0,"texture":"#0","tintindex":0},"down":{"uv":[7.0,3.5,7.75,5.0],"rotation":0,"texture":"#0","tintindex":0}}},{"from":[6.7902665,7.458877,7.455094],"to":[9.133714,9.034561,8.356453],"rotation":{"angle":0.0,"axis":"y","origin":[7.96199,8.249577,7.760059]},"faces":{"east":{"uv":[9.75,7.5,10.5,9.0],"rotation":0,"texture":"#0","tintindex":0},"south":{"uv":[7.0,3.5,7.75,5.0],"rotation":0,"texture":"#0","tintindex":0},"north":{"uv":[13.75,6.5,12.5,7.5],"rotation":0,"texture":"#0","tintindex":0},"west":{"uv":[9.75,7.5,10.5,9.0],"rotation":0,"texture":"#0","tintindex":0},"up":{"uv":[12.75,8.5,14.25,8.0],"rotation":0,"texture":"#0","tintindex":0},"down":{"uv":[7.0,3.5,7.75,5.0],"rotation":0,"texture":"#0","tintindex":0}}},{"from":[8.385823,7.8791356,6.8446574],"to":[8.932344,8.265354,8.43173],"rotation":{"angle":0.0,"axis":"y","origin":[7.96199,8.249577,7.760059]},"faces":{"east":{"uv":[3.75,2.75,4.5,3.5],"rotation":0,"texture":"#0","tintindex":0},"south":{"uv":[3.75,2.75,4.5,3.5],"rotation":0,"texture":"#0","tintindex":0},"north":{"uv":[3.0,2.75,3.75,3.5],"rotation":0,"texture":"#0","tintindex":0},"west":{"uv":[3.75,2.75,4.5,3.5],"rotation":0,"texture":"#0","tintindex":0},"up":{"uv":[3.75,2.75,4.5,3.5],"rotation":0,"texture":"#0","tintindex":0},"down":{"uv":[3.75,2.75,4.5,3.5],"rotation":0,"texture":"#0","tintindex":0}}},{"from":[8.385823,7.8791356,6.8285713],"to":[8.932344,8.265354,8.415645],"rotation":{"angle":0.0,"axis":"y","origin":[7.96199,8.249577,7.760059]},"faces":{"east":{"uv":[9.5,2.75,10.25,3.5],"rotation":0,"texture":"#0","tintindex":0},"south":{"uv":[9.5,2.75,10.25,3.5],"rotation":0,"texture":"#0","tintindex":0},"north":{"uv":[9.0,2.25,10.0,3.0],"rotation":0,"texture":"#0","tintindex":0},"west":{"uv":[9.5,2.75,10.25,3.5],"rotation":0,"texture":"#0","tintindex":0},"up":{"uv":[9.25,2.25,10.25,3.0],"rotation":0,"texture":"#0","tintindex":0},"down":{"uv":[9.5,2.75,10.25,3.5],"rotation":0,"texture":"#0","tintindex":0}}},{"from":[7.036358,7.8791356,6.8446574],"to":[7.634308,8.265354,8.43173],"rotation":{"angle":0.0,"axis":"y","origin":[7.96199,8.249577,7.760059]},"faces":{"east":{"uv":[3.75,2.75,4.5,3.5],"rotation":0,"texture":"#0","tintindex":0},"south":{"uv":[3.75,2.75,4.5,3.5],"rotation":0,"texture":"#0","tintindex":0},"north":{"uv":[3.0,2.75,3.75,3.5],"rotation":0,"texture":"#0","tintindex":0},"west":{"uv":[3.75,2.75,4.5,3.5],"rotation":0,"texture":"#0","tintindex":0},"up":{"uv":[3.75,2.75,4.5,3.5],"rotation":0,"texture":"#0","tintindex":0},"down":{"uv":[3.75,2.75,4.5,3.5],"rotation":0,"texture":"#0","tintindex":0}}},{"from":[7.036358,7.8791356,6.8285713],"to":[7.634308,8.265354,8.415645],"rotation":{"angle":0.0,"axis":"y","origin":[7.96199,8.249577,7.760059]},"faces":{"east":{"uv":[9.5,2.75,10.25,3.5],"rotation":0,"texture":"#0","tintindex":0},"south":{"uv":[9.5,2.75,10.25,3.5],"rotation":0,"texture":"#0","tintindex":0},"north":{"uv":[9.0,2.25,10.0,3.0],"rotation":0,"texture":"#0","tintindex":0},"west":{"uv":[9.5,2.75,10.25,3.5],"rotation":0,"texture":"#0","tintindex":0},"up":{"uv":[9.25,2.25,10.25,3.0],"rotation":0,"texture":"#0","tintindex":0},"down":{"uv":[9.5,2.75,10.25,3.5],"rotation":0,"texture":"#0","tintindex":0}}},{"from":[8.621523,8.606052,7.588873],"to":[9.972059,9.8285885,8.270507],"rotation":{"angle":-45.0,"axis":"z","origin":[9.296791,9.15332,7.92969]},"faces":{"east":{"uv":[14.5,5.0,15.25,6.0],"rotation":0,"texture":"#0","tintindex":0},"south":{"uv":[14.5,4.75,15.75,5.75],"rotation":0,"texture":"#0","tintindex":0},"north":{"uv":[12.0,4.25,13.0,5.0],"rotation":0,"texture":"#0","tintindex":0},"west":{"uv":[13.25,8.0,14.0,9.0],"rotation":0,"texture":"#0","tintindex":0},"up":{"uv":[13.5,3.75,14.75,4.5],"rotation":0,"texture":"#0","tintindex":0},"down":{"uv":[13.25,4.5,14.0,6.0],"rotation":0,"texture":"#0","tintindex":0}}},{"from":[8.678666,8.14891,7.588873],"to":[9.972059,8.628588,8.270507],"rotation":{"angle":-45.0,"axis":"z","origin":[9.296791,9.15332,7.92969]},"faces":{"east":{"uv":[14.5,5.0,15.25,6.0],"rotation":0,"texture":"#0","tintindex":0},"south":{"uv":[14.5,4.75,15.75,5.75],"rotation":0,"texture":"#0","tintindex":0},"north":{"uv":[12.0,4.25,13.0,5.0],"rotation":0,"texture":"#0","tintindex":0},"west":{"uv":[13.25,8.0,14.0,9.0],"rotation":0,"texture":"#0","tintindex":0},"up":{"uv":[13.5,3.75,14.75,4.5],"rotation":0,"texture":"#0","tintindex":0},"down":{"uv":[13.25,4.5,14.0,6.0],"rotation":0,"texture":"#0","tintindex":0}}},{"from":[8.797528,9.098108,7.5089254],"to":[10.164299,9.955627,8.102677],"rotation":{"angle":-22.5,"axis":"x","origin":[8.109372,9.4926195,7.747215]},"faces":{"east":{"uv":[14.5,5.0,15.25,6.0],"rotation":0,"texture":"#0","tintindex":0},"south":{"uv":[14.5,4.75,15.75,5.75],"rotation":0,"texture":"#0","tintindex":0},"north":{"uv":[12.0,4.25,13.0,5.0],"rotation":0,"texture":"#0","tintindex":0},"west":{"uv":[14.5,5.0,15.25,6.0],"rotation":0,"texture":"#0","tintindex":0},"up":{"uv":[13.5,3.75,14.75,4.5],"rotation":0,"texture":"#0","tintindex":0},"down":{"uv":[13.25,4.5,14.0,6.0],"rotation":0,"texture":"#0","tintindex":0}}},{"from":[5.875244,9.098108,7.5089254],"to":[7.2420154,9.955627,8.102677],"rotation":{"angle":-22.5,"axis":"x","origin":[7.866172,9.4926195,7.747215]},"faces":{"east":{"uv":[14.5,5.0,15.25,6.0],"rotation":0,"texture":"#0","tintindex":0},"south":{"uv":[14.5,4.75,15.75,5.75],"rotation":0,"texture":"#0","tintindex":0},"north":{"uv":[12.0,4.25,13.0,5.0],"rotation":0,"texture":"#0","tintindex":0},"west":{"uv":[14.5,5.0,15.25,6.0],"rotation":0,"texture":"#0","tintindex":0},"up":{"uv":[13.5,3.75,14.75,4.5],"rotation":0,"texture":"#0","tintindex":0},"down":{"uv":[14.25,4.75,15.0,6.25],"rotation":0,"texture":"#0","tintindex":0}}},{"from":[8.996911,9.741783,7.6896896],"to":[10.278463,10.269078,8.198222],"rotation":{"angle":-45.0,"axis":"x","origin":[8.109372,9.4926195,7.747215]},"faces":{"east":{"uv":[14.5,5.0,15.25,6.0],"rotation":0,"texture":"#0","tintindex":0},"south":{"uv":[12.75,8.5,14.0,9.0],"rotation":0,"texture":"#0","tintindex":0},"north":{"uv":[12.0,4.25,13.0,5.0],"rotation":0,"texture":"#0","tintindex":0},"west":{"uv":[14.5,5.0,15.25,5.75],"rotation":0,"texture":"#0","tintindex":0},"up":{"uv":[12.75,8.5,14.0,9.0],"rotation":0,"texture":"#0","tintindex":0},"down":{"uv":[14.25,4.75,15.0,6.25],"rotation":0,"texture":"#0","tintindex":0}}},{"from":[5.7610807,9.741783,7.6896896],"to":[7.0426326,10.269078,8.198222],"rotation":{"angle":-45.0,"axis":"x","origin":[7.866172,9.4926195,7.747215]},"faces":{"east":{"uv":[14.5,5.0,15.25,6.0],"rotation":0,"texture":"#0","tintindex":0},"south":{"uv":[12.75,8.5,14.0,9.0],"rotation":0,"texture":"#0","tintindex":0},"north":{"uv":[12.0,4.25,13.0,5.0],"rotation":0,"texture":"#0","tintindex":0},"west":{"uv":[14.5,5.0,15.25,5.75],"rotation":0,"texture":"#0","tintindex":0},"up":{"uv":[12.75,8.5,14.0,9.0],"rotation":0,"texture":"#0","tintindex":0},"down":{"uv":[14.25,4.75,15.0,6.25],"rotation":0,"texture":"#0","tintindex":0}}},{"from":[7.3408866,6.971524,5.603311],"to":[8.579309,7.7175007,7.138956],"rotation":{"angle":0.0,"axis":"y","origin":[8.0839405,2.8500519,11.004727]},"faces":{"east":{"uv":[4.5,8.0,6.25,9.0],"rotation":0,"texture":"#0","tintindex":0},"south":{"uv":[7.0,3.5,7.75,5.0],"rotation":0,"texture":"#0","tintindex":0},"north":{"uv":[1.0,2.75,1.75,3.75],"rotation":0,"texture":"#0","tintindex":0},"west":{"uv":[8.5,8.0,10.25,9.0],"rotation":0,"texture":"#0","tintindex":0},"up":{"uv":[2.0,2.25,2.75,0.75],"rotation":0,"texture":"#0","tintindex":0},"down":{"uv":[6.25,5.0,7.0,6.5],"rotation":0,"texture":"#0","tintindex":0}}},{"from":[7.2928114,6.923448,5.555236],"to":[7.906254,7.765576,7.142309],"rotation":{"angle":0.0,"axis":"y","origin":[8.0839405,2.8500519,11.004727]},"faces":{"east":{"uv":[4.5,8.0,6.25,9.0],"rotation":0,"texture":"#0","tintindex":0},"south":{"uv":[7.0,3.5,7.75,5.0],"rotation":0,"texture":"#0","tintindex":0},"north":{"uv":[1.5,2.75,2.25,3.75],"rotation":0,"texture":"#0","tintindex":0},"west":{"uv":[14.75,6.25,15.5,4.75],"rotation":0,"texture":"#0","tintindex":0},"up":{"uv":[14.75,6.25,15.5,4.75],"rotation":0,"texture":"#0","tintindex":0},"down":{"uv":[6.25,5.0,7.0,6.5],"rotation":0,"texture":"#0","tintindex":0}}},{"from":[8.013943,6.923448,5.555236],"to":[8.627385,7.765576,7.142309],"rotation":{"angle":0.0,"axis":"y","origin":[8.0839405,2.8500519,11.004727]},"faces":{"east":{"uv":[14.75,6.25,15.5,4.75],"rotation":0,"texture":"#0","tintindex":0},"south":{"uv":[7.0,3.5,7.75,5.0],"rotation":0,"texture":"#0","tintindex":0},"north":{"uv":[2.25,2.75,1.5,3.75],"rotation":0,"texture":"#0","tintindex":0},"west":{"uv":[8.75,8.25,10.25,9.0],"rotation":0,"texture":"#0","tintindex":0},"up":{"uv":[14.75,6.25,15.5,4.75],"rotation":0,"texture":"#0","tintindex":0},"down":{"uv":[6.25,5.0,7.0,6.5],"rotation":0,"texture":"#0","tintindex":0}}},{"from":[6.0626125,8.630544,7.588873],"to":[7.4131484,9.85308,8.270507],"rotation":{"angle":45.0,"axis":"z","origin":[6.7378807,9.177812,7.92969]},"faces":{"east":{"uv":[13.25,8.0,14.0,9.0],"rotation":0,"texture":"#0","tintindex":0},"south":{"uv":[14.5,4.75,15.75,5.75],"rotation":0,"texture":"#0","tintindex":0},"north":{"uv":[12.0,4.25,13.0,5.0],"rotation":0,"texture":"#0","tintindex":0},"west":{"uv":[14.5,5.0,15.25,6.0],"rotation":0,"texture":"#0","tintindex":0},"up":{"uv":[13.5,3.75,14.75,4.5],"rotation":0,"texture":"#0","tintindex":0},"down":{"uv":[13.25,4.25,12.5,5.25],"rotation":0,"texture":"#0","tintindex":0}}},{"from":[6.0626125,8.116258,7.588873],"to":[7.3560057,8.65308,8.270507],"rotation":{"angle":45.0,"axis":"z","origin":[6.7378807,9.177812,7.92969]},"faces":{"east":{"uv":[13.25,8.0,14.0,9.0],"rotation":0,"texture":"#0","tintindex":0},"south":{"uv":[14.5,4.75,15.75,5.75],"rotation":0,"texture":"#0","tintindex":0},"north":{"uv":[12.0,4.25,13.0,5.0],"rotation":0,"texture":"#0","tintindex":0},"west":{"uv":[14.5,5.0,15.25,6.0],"rotation":0,"texture":"#0","tintindex":0},"up":{"uv":[13.5,3.75,14.75,4.5],"rotation":0,"texture":"#0","tintindex":0},"down":{"uv":[13.25,4.25,12.5,5.25],"rotation":0,"texture":"#0","tintindex":0}}},{"from":[6.6616483,7.0553856,6.5707855],"to":[7.404702,7.849868,8.222804],"rotation":{"angle":0.0,"axis":"y","origin":[6.861747,7.338341,7.7110806]},"faces":{"east":{"uv":[7.0,3.5,7.75,5.0],"rotation":0,"texture":"#0","tintindex":0},"south":{"uv":[7.0,3.5,7.75,5.0],"rotation":0,"texture":"#0","tintindex":0},"north":{"uv":[0.5,6.0,1.0,6.75],"rotation":0,"texture":"#0","tintindex":0},"west":{"uv":[6.5,8.25,4.25,9.0],"rotation":0,"texture":"#0","tintindex":0},"up":{"uv":[0.5,7.0,1.25,5.0],"rotation":0,"texture":"#0","tintindex":0},"down":{"uv":[0.5,5.0,1.25,7.0],"rotation":0,"texture":"#0","tintindex":0}}},{"from":[8.476663,6.9411,6.548918],"to":[9.219716,7.7355824,8.200936],"rotation":{"angle":0.0,"axis":"y","origin":[9.07676,7.338341,7.689213]},"faces":{"east":{"uv":[4.25,8.25,6.5,9.0],"rotation":0,"texture":"#0","tintindex":0},"south":{"uv":[7.75,3.5,7.0,5.0],"rotation":0,"texture":"#0","tintindex":0},"north":{"uv":[0.5,6.0,1.0,6.75],"rotation":0,"texture":"#0","tintindex":0},"west":{"uv":[7.75,3.5,7.0,5.0],"rotation":0,"texture":"#0","tintindex":0},"up":{"uv":[1.25,7.0,0.5,5.0],"rotation":0,"texture":"#0","tintindex":0},"down":{"uv":[1.25,5.0,0.5,7.0],"rotation":0,"texture":"#0","tintindex":0}}},{"from":[7.5257144,7.417356,5.6528482],"to":[8.383054,8.110873,7.338995],"rotation":{"angle":-22.5,"axis":"x","origin":[8.011527,7.51643,6.2739515]},"faces":{"east":{"uv":[12.75,8.25,14.25,9.25],"rotation":0,"texture":"#0","tintindex":0},"south":{"uv":[7.0,3.5,7.75,5.0],"rotation":0,"texture":"#0","tintindex":0},"north":{"uv":[7.0,3.5,7.75,5.0],"rotation":0,"texture":"#0","tintindex":0},"west":{"uv":[12.75,8.25,14.25,9.25],"rotation":0,"texture":"#0","tintindex":0},"up":{"uv":[14.75,5.0,15.25,6.25],"rotation":0,"texture":"#0","tintindex":0},"down":{"uv":[7.0,3.5,7.75,5.0],"rotation":0,"texture":"#0","tintindex":0}}},{"from":[7.4776387,7.0717607,5.3643956],"to":[8.431129,7.705396,5.981077],"rotation":{"angle":22.5,"axis":"x","origin":[8.011527,7.51643,6.2739515]},"faces":{"east":{"uv":[7.75,1.25,8.5,1.5],"rotation":0,"texture":"#0","tintindex":0},"south":{"uv":[7.75,1.25,8.5,1.5],"rotation":0,"texture":"#0","tintindex":0},"north":{"uv":[7.75,1.25,8.5,1.5],"rotation":0,"texture":"#0","tintindex":0},"west":{"uv":[7.75,1.25,8.5,1.5],"rotation":0,"texture":"#0","tintindex":0},"up":{"uv":[7.75,1.25,8.5,1.5],"rotation":0,"texture":"#0","tintindex":0},"down":{"uv":[7.75,1.25,8.5,1.5],"rotation":0,"texture":"#0","tintindex":0}}}],"display":{"head":{"translation":[0.0,-6.4,0.0],"scale":[4.0,4.0,4.0]}}}