{"textures":{"0":"modelengine:entity/rabiddog"},"elements":[{"from":[7.542857,7.0384636,7.7819657],"to":[8.457143,8.809892,8.639109],"rotation":{"angle":-45.0,"axis":"x","origin":[7.885714,7.895606,8.524823]},"faces":{"east":{"uv":[1.5,5.5,0.75,7.0],"rotation":0,"texture":"#0","tintindex":0},"south":{"uv":[1.5,5.5,0.75,7.0],"rotation":0,"texture":"#0","tintindex":0},"north":{"uv":[1.25,5.0,0.5,6.5],"rotation":0,"texture":"#0","tintindex":0},"west":{"uv":[5.5,7.5,6.25,9.0],"rotation":0,"texture":"#0","tintindex":0},"up":{"uv":[1.0,4.5,0.5,5.0],"rotation":0,"texture":"#0","tintindex":0},"down":{"uv":[1.5,4.5,1.0,5.0],"rotation":0,"texture":"#0","tintindex":0}}},{"from":[7.6571426,5.6,8.057143],"to":[8.342857,7.4857144,8.8],"rotation":{"angle":22.5,"axis":"x","origin":[8.0,6.9142857,8.0]},"faces":{"east":{"uv":[1.5,5.75,1.0,7.0],"rotation":0,"texture":"#0","tintindex":0},"south":{"uv":[2.0,5.75,1.5,7.0],"rotation":0,"texture":"#0","tintindex":0},"north":{"uv":[1.0,5.75,0.5,7.0],"rotation":0,"texture":"#0","tintindex":0},"west":{"uv":[0.5,5.75,0.0,7.0],"rotation":0,"texture":"#0","tintindex":0},"up":{"uv":[1.0,4.5,0.5,5.0],"rotation":0,"texture":"#0","tintindex":0},"down":{"uv":[1.5,4.5,1.0,5.0],"rotation":0,"texture":"#0","tintindex":0}}},{"from":[8.342857,5.028571,7.2],"to":[8.6285715,5.6,7.714286],"rotation":{"angle":22.5,"axis":"x","origin":[8.542857,5.3999996,7.9428573]},"faces":{"east":{"uv":[7.25,5.25,6.25,6.25],"rotation":0,"texture":"#0","tintindex":0},"south":{"uv":[1.0,6.0,0.5,7.0],"rotation":0,"texture":"#0","tintindex":0},"north":{"uv":[1.0,6.0,0.5,7.0],"rotation":0,"texture":"#0","tintindex":0},"west":{"uv":[7.25,5.25,6.25,6.25],"rotation":0,"texture":"#0","tintindex":0},"up":{"uv":[1.0,6.0,0.5,7.0],"rotation":0,"texture":"#0","tintindex":0},"down":{"uv":[1.0,6.0,0.5,7.0],"rotation":0,"texture":"#0","tintindex":0}}},{"from":[7.428571,5.2,7.428571],"to":[8.514286,5.771428,8.228572],"rotation":{"angle":0.0,"axis":"y","origin":[8.0,6.9142857,8.457143]},"faces":{"east":{"uv":[1.25,6.25,0.25,7.0],"rotation":0,"texture":"#0","tintindex":0},"south":{"uv":[1.25,6.25,0.25,7.0],"rotation":0,"texture":"#0","tintindex":0},"north":{"uv":[1.25,6.25,0.25,7.0],"rotation":0,"texture":"#0","tintindex":0},"west":{"uv":[1.25,6.25,0.25,7.0],"rotation":0,"texture":"#0","tintindex":0},"up":{"uv":[1.25,6.25,0.25,7.0],"rotation":0,"texture":"#0","tintindex":0},"down":{"uv":[1.25,6.25,0.25,7.0],"rotation":0,"texture":"#0","tintindex":0}}},{"from":[7.714286,5.2,6.8],"to":[7.885714,5.428571,7.3714285],"rotation":{"angle":0.0,"axis":"y","origin":[8.028571,5.3999996,7.3142858]},"faces":{"east":{"uv":[1.5,3.25,1.25,4.0],"rotation":0,"texture":"#0","tintindex":0},"south":{"uv":[1.5,3.25,1.25,4.0],"rotation":0,"texture":"#0","tintindex":0},"north":{"uv":[1.5,3.25,1.25,4.0],"rotation":0,"texture":"#0","tintindex":0},"west":{"uv":[1.5,3.25,1.25,4.0],"rotation":0,"texture":"#0","tintindex":0},"up":{"uv":[1.5,3.25,1.25,4.0],"rotation":0,"texture":"#0","tintindex":0},"down":{"uv":[1.5,3.25,1.25,4.0],"rotation":0,"texture":"#0","tintindex":0}}},{"from":[7.3714285,5.2,6.9714284],"to":[7.542857,5.428571,7.542857],"rotation":{"angle":0.0,"axis":"y","origin":[7.6857142,5.3999996,7.4857144]},"faces":{"east":{"uv":[1.5,3.25,1.25,4.0],"rotation":0,"texture":"#0","tintindex":0},"south":{"uv":[1.5,3.25,1.25,4.0],"rotation":0,"texture":"#0","tintindex":0},"north":{"uv":[1.5,3.25,1.25,4.0],"rotation":0,"texture":"#0","tintindex":0},"west":{"uv":[1.5,3.25,1.25,4.0],"rotation":0,"texture":"#0","tintindex":0},"up":{"uv":[1.5,3.25,1.25,4.0],"rotation":0,"texture":"#0","tintindex":0},"down":{"uv":[1.5,3.25,1.25,4.0],"rotation":0,"texture":"#0","tintindex":0}}},{"from":[8.057143,5.2,6.6857142],"to":[8.228572,5.428571,7.257143],"rotation":{"angle":0.0,"axis":"y","origin":[8.3714285,5.3999996,7.2]},"faces":{"east":{"uv":[1.5,3.25,1.25,4.0],"rotation":0,"texture":"#0","tintindex":0},"south":{"uv":[1.5,3.25,1.25,4.0],"rotation":0,"texture":"#0","tintindex":0},"north":{"uv":[1.5,3.25,1.25,4.0],"rotation":0,"texture":"#0","tintindex":0},"west":{"uv":[1.5,3.25,1.25,4.0],"rotation":0,"texture":"#0","tintindex":0},"up":{"uv":[1.5,3.25,1.25,4.0],"rotation":0,"texture":"#0","tintindex":0},"down":{"uv":[1.5,3.25,1.25,4.0],"rotation":0,"texture":"#0","tintindex":0}}},{"from":[8.4,5.2,6.9142857],"to":[8.571428,5.428571,7.4857144],"rotation":{"angle":0.0,"axis":"y","origin":[8.714286,5.3999996,7.428571]},"faces":{"east":{"uv":[1.5,3.25,1.25,4.0],"rotation":0,"texture":"#0","tintindex":0},"south":{"uv":[1.5,3.25,1.25,4.0],"rotation":0,"texture":"#0","tintindex":0},"north":{"uv":[1.5,3.25,1.25,4.0],"rotation":0,"texture":"#0","tintindex":0},"west":{"uv":[1.5,3.25,1.25,4.0],"rotation":0,"texture":"#0","tintindex":0},"up":{"uv":[1.5,3.25,1.25,4.0],"rotation":0,"texture":"#0","tintindex":0},"down":{"uv":[1.5,3.25,1.25,4.0],"rotation":0,"texture":"#0","tintindex":0}}},{"from":[7.6571426,5.028571,7.0857143],"to":[7.9428573,5.6,7.6],"rotation":{"angle":22.5,"axis":"x","origin":[7.857143,5.3999996,7.8285713]},"faces":{"east":{"uv":[7.25,5.25,6.25,6.25],"rotation":0,"texture":"#0","tintindex":0},"south":{"uv":[1.0,6.0,0.5,7.0],"rotation":0,"texture":"#0","tintindex":0},"north":{"uv":[1.0,6.0,0.5,7.0],"rotation":0,"texture":"#0","tintindex":0},"west":{"uv":[7.25,5.25,6.25,6.25],"rotation":0,"texture":"#0","tintindex":0},"up":{"uv":[1.0,6.0,0.5,7.0],"rotation":0,"texture":"#0","tintindex":0},"down":{"uv":[1.0,6.0,0.5,7.0],"rotation":0,"texture":"#0","tintindex":0}}},{"from":[7.3142858,5.028571,7.2],"to":[7.6,5.6,7.714286],"rotation":{"angle":22.5,"axis":"x","origin":[7.5142856,5.3999996,7.9428573]},"faces":{"east":{"uv":[7.25,5.25,6.25,6.25],"rotation":0,"texture":"#0","tintindex":0},"south":{"uv":[1.0,6.0,0.5,7.0],"rotation":0,"texture":"#0","tintindex":0},"north":{"uv":[1.0,6.0,0.5,7.0],"rotation":0,"texture":"#0","tintindex":0},"west":{"uv":[7.25,5.25,6.25,6.25],"rotation":0,"texture":"#0","tintindex":0},"up":{"uv":[1.0,6.0,0.5,7.0],"rotation":0,"texture":"#0","tintindex":0},"down":{"uv":[1.0,6.0,0.5,7.0],"rotation":0,"texture":"#0","tintindex":0}}},{"from":[8.0,5.028571,6.9142857],"to":[8.285714,5.714286,7.4857144],"rotation":{"angle":22.5,"axis":"x","origin":[8.2,5.5142856,7.6571426]},"faces":{"east":{"uv":[7.25,5.25,6.25,6.25],"rotation":0,"texture":"#0","tintindex":0},"south":{"uv":[1.0,6.0,0.5,7.0],"rotation":0,"texture":"#0","tintindex":0},"north":{"uv":[1.0,6.0,0.5,7.0],"rotation":0,"texture":"#0","tintindex":0},"west":{"uv":[7.25,5.25,6.25,6.25],"rotation":0,"texture":"#0","tintindex":0},"up":{"uv":[1.0,6.0,0.5,7.0],"rotation":0,"texture":"#0","tintindex":0},"down":{"uv":[1.0,6.0,0.5,7.0],"rotation":0,"texture":"#0","tintindex":0}}}],"display":{"head":{"translation":[0.0,-6.4,0.0],"scale":[4.0,4.0,4.0]}}}