{"textures":{"0":"modelengine:entity/rabiddog"},"elements":[{"from":[7.0857143,6.442395,8.354266],"to":[8.114285,8.728109,9.4399805],"rotation":{"angle":-22.5,"axis":"x","origin":[7.4857144,5.6423955,9.668552]},"faces":{"east":{"uv":[6.0,3.5,7.0,4.75],"rotation":0,"texture":"#0","tintindex":0},"south":{"uv":[9.0,7.75,9.75,9.0],"rotation":0,"texture":"#0","tintindex":0},"north":{"uv":[1.25,5.25,2.0,6.5],"rotation":0,"texture":"#0","tintindex":0},"west":{"uv":[1.0,5.0,2.0,6.75],"rotation":0,"texture":"#0","tintindex":0},"up":{"uv":[9.5,7.5,10.5,8.5],"rotation":0,"texture":"#0","tintindex":0},"down":{"uv":[6.25,3.5,7.25,5.0],"rotation":0,"texture":"#0","tintindex":0}}},{"from":[7.028571,7.7188816,7.2930307],"to":[8.514286,9.776024,8.893031],"rotation":{"angle":22.5,"axis":"x","origin":[7.142857,8.004596,7.835888]},"faces":{"east":{"uv":[9.5,7.5,8.25,9.0],"rotation":0,"texture":"#0","tintindex":0},"south":{"uv":[9.5,7.5,8.25,9.0],"rotation":0,"texture":"#0","tintindex":0},"north":{"uv":[10.5,7.5,9.25,8.5],"rotation":0,"texture":"#0","tintindex":0},"west":{"uv":[10.5,7.5,9.25,9.0],"rotation":0,"texture":"#0","tintindex":0},"up":{"uv":[10.5,7.5,9.25,8.5],"rotation":0,"texture":"#0","tintindex":0},"down":{"uv":[7.5,5.0,6.0,6.25],"rotation":0,"texture":"#0","tintindex":0}}}],"display":{"head":{"translation":[0.0,-6.4,0.0],"scale":[4.0,4.0,4.0]}}}