{"textures":{"0":"modelengine:entity/rabiddog"},"elements":[{"from":[7.542857,7.0384636,7.8391085],"to":[8.457143,8.809892,8.696252],"rotation":{"angle":-45.0,"axis":"x","origin":[8.114285,7.895606,8.581965]},"faces":{"east":{"uv":[6.25,7.5,5.5,9.0],"rotation":0,"texture":"#0","tintindex":0},"south":{"uv":[0.75,5.5,1.5,7.0],"rotation":0,"texture":"#0","tintindex":0},"north":{"uv":[0.5,5.0,1.25,6.5],"rotation":0,"texture":"#0","tintindex":0},"west":{"uv":[0.75,5.5,1.5,7.0],"rotation":0,"texture":"#0","tintindex":0},"up":{"uv":[0.5,4.5,1.0,5.0],"rotation":0,"texture":"#0","tintindex":0},"down":{"uv":[1.0,4.5,1.5,5.0],"rotation":0,"texture":"#0","tintindex":0}}},{"from":[7.6571426,5.6,8.114285],"to":[8.342857,7.4857144,8.857143],"rotation":{"angle":22.5,"axis":"x","origin":[8.0,6.9142857,8.057143]},"faces":{"east":{"uv":[0.0,5.75,0.5,7.0],"rotation":0,"texture":"#0","tintindex":0},"south":{"uv":[1.5,5.75,2.0,7.0],"rotation":0,"texture":"#0","tintindex":0},"north":{"uv":[0.5,5.75,1.0,7.0],"rotation":0,"texture":"#0","tintindex":0},"west":{"uv":[1.0,5.75,1.5,7.0],"rotation":0,"texture":"#0","tintindex":0},"up":{"uv":[0.5,4.5,1.0,5.0],"rotation":0,"texture":"#0","tintindex":0},"down":{"uv":[1.0,4.5,1.5,5.0],"rotation":0,"texture":"#0","tintindex":0}}},{"from":[7.3714285,5.028571,7.257143],"to":[7.6571426,5.6,7.7714286],"rotation":{"angle":22.5,"axis":"x","origin":[7.457143,5.3999996,8.0]},"faces":{"east":{"uv":[6.25,5.25,7.25,6.25],"rotation":0,"texture":"#0","tintindex":0},"south":{"uv":[0.5,6.0,1.0,7.0],"rotation":0,"texture":"#0","tintindex":0},"north":{"uv":[0.5,6.0,1.0,7.0],"rotation":0,"texture":"#0","tintindex":0},"west":{"uv":[6.25,5.25,7.25,6.25],"rotation":0,"texture":"#0","tintindex":0},"up":{"uv":[0.5,6.0,1.0,7.0],"rotation":0,"texture":"#0","tintindex":0},"down":{"uv":[0.5,6.0,1.0,7.0],"rotation":0,"texture":"#0","tintindex":0}}},{"from":[7.4857144,5.2,7.4857144],"to":[8.571428,5.771428,8.285714],"rotation":{"angle":0.0,"axis":"y","origin":[8.0,6.9142857,8.514286]},"faces":{"east":{"uv":[0.25,6.25,1.25,7.0],"rotation":0,"texture":"#0","tintindex":0},"south":{"uv":[0.25,6.25,1.25,7.0],"rotation":0,"texture":"#0","tintindex":0},"north":{"uv":[0.25,6.25,1.25,7.0],"rotation":0,"texture":"#0","tintindex":0},"west":{"uv":[0.25,6.25,1.25,7.0],"rotation":0,"texture":"#0","tintindex":0},"up":{"uv":[0.25,6.25,1.25,7.0],"rotation":0,"texture":"#0","tintindex":0},"down":{"uv":[0.25,6.25,1.25,7.0],"rotation":0,"texture":"#0","tintindex":0}}},{"from":[8.114285,5.2,6.857143],"to":[8.285714,5.428571,7.428571],"rotation":{"angle":0.0,"axis":"y","origin":[7.9714284,5.3999996,7.3714285]},"faces":{"east":{"uv":[1.25,3.25,1.5,4.0],"rotation":0,"texture":"#0","tintindex":0},"south":{"uv":[1.25,3.25,1.5,4.0],"rotation":0,"texture":"#0","tintindex":0},"north":{"uv":[1.25,3.25,1.5,4.0],"rotation":0,"texture":"#0","tintindex":0},"west":{"uv":[1.25,3.25,1.5,4.0],"rotation":0,"texture":"#0","tintindex":0},"up":{"uv":[1.25,3.25,1.5,4.0],"rotation":0,"texture":"#0","tintindex":0},"down":{"uv":[1.25,3.25,1.5,4.0],"rotation":0,"texture":"#0","tintindex":0}}},{"from":[8.457143,5.2,7.028571],"to":[8.6285715,5.428571,7.6],"rotation":{"angle":0.0,"axis":"y","origin":[8.314285,5.3999996,7.542857]},"faces":{"east":{"uv":[1.25,3.25,1.5,4.0],"rotation":0,"texture":"#0","tintindex":0},"south":{"uv":[1.25,3.25,1.5,4.0],"rotation":0,"texture":"#0","tintindex":0},"north":{"uv":[1.25,3.25,1.5,4.0],"rotation":0,"texture":"#0","tintindex":0},"west":{"uv":[1.25,3.25,1.5,4.0],"rotation":0,"texture":"#0","tintindex":0},"up":{"uv":[1.25,3.25,1.5,4.0],"rotation":0,"texture":"#0","tintindex":0},"down":{"uv":[1.25,3.25,1.5,4.0],"rotation":0,"texture":"#0","tintindex":0}}},{"from":[7.7714286,5.2,6.742857],"to":[7.9428573,5.428571,7.3142858],"rotation":{"angle":0.0,"axis":"y","origin":[7.6285715,5.3999996,7.257143]},"faces":{"east":{"uv":[1.25,3.25,1.5,4.0],"rotation":0,"texture":"#0","tintindex":0},"south":{"uv":[1.25,3.25,1.5,4.0],"rotation":0,"texture":"#0","tintindex":0},"north":{"uv":[1.25,3.25,1.5,4.0],"rotation":0,"texture":"#0","tintindex":0},"west":{"uv":[1.25,3.25,1.5,4.0],"rotation":0,"texture":"#0","tintindex":0},"up":{"uv":[1.25,3.25,1.5,4.0],"rotation":0,"texture":"#0","tintindex":0},"down":{"uv":[1.25,3.25,1.5,4.0],"rotation":0,"texture":"#0","tintindex":0}}},{"from":[7.428571,5.2,6.9714284],"to":[7.6,5.428571,7.542857],"rotation":{"angle":0.0,"axis":"y","origin":[7.285714,5.3999996,7.4857144]},"faces":{"east":{"uv":[1.25,3.25,1.5,4.0],"rotation":0,"texture":"#0","tintindex":0},"south":{"uv":[1.25,3.25,1.5,4.0],"rotation":0,"texture":"#0","tintindex":0},"north":{"uv":[1.25,3.25,1.5,4.0],"rotation":0,"texture":"#0","tintindex":0},"west":{"uv":[1.25,3.25,1.5,4.0],"rotation":0,"texture":"#0","tintindex":0},"up":{"uv":[1.25,3.25,1.5,4.0],"rotation":0,"texture":"#0","tintindex":0},"down":{"uv":[1.25,3.25,1.5,4.0],"rotation":0,"texture":"#0","tintindex":0}}},{"from":[8.057143,5.028571,7.142857],"to":[8.342857,5.6,7.6571426],"rotation":{"angle":22.5,"axis":"x","origin":[8.142858,5.3999996,7.885714]},"faces":{"east":{"uv":[6.25,5.25,7.25,6.25],"rotation":0,"texture":"#0","tintindex":0},"south":{"uv":[0.5,6.0,1.0,7.0],"rotation":0,"texture":"#0","tintindex":0},"north":{"uv":[0.5,6.0,1.0,7.0],"rotation":0,"texture":"#0","tintindex":0},"west":{"uv":[6.25,5.25,7.25,6.25],"rotation":0,"texture":"#0","tintindex":0},"up":{"uv":[0.5,6.0,1.0,7.0],"rotation":0,"texture":"#0","tintindex":0},"down":{"uv":[0.5,6.0,1.0,7.0],"rotation":0,"texture":"#0","tintindex":0}}},{"from":[8.4,5.028571,7.257143],"to":[8.685715,5.6,7.7714286],"rotation":{"angle":22.5,"axis":"x","origin":[8.485714,5.3999996,8.0]},"faces":{"east":{"uv":[6.25,5.25,7.25,6.25],"rotation":0,"texture":"#0","tintindex":0},"south":{"uv":[0.5,6.0,1.0,7.0],"rotation":0,"texture":"#0","tintindex":0},"north":{"uv":[0.5,6.0,1.0,7.0],"rotation":0,"texture":"#0","tintindex":0},"west":{"uv":[6.25,5.25,7.25,6.25],"rotation":0,"texture":"#0","tintindex":0},"up":{"uv":[0.5,6.0,1.0,7.0],"rotation":0,"texture":"#0","tintindex":0},"down":{"uv":[0.5,6.0,1.0,7.0],"rotation":0,"texture":"#0","tintindex":0}}},{"from":[7.714286,5.028571,6.9714284],"to":[8.0,5.714286,7.542857],"rotation":{"angle":22.5,"axis":"x","origin":[7.8,5.5142856,7.714286]},"faces":{"east":{"uv":[6.25,5.25,7.25,6.25],"rotation":0,"texture":"#0","tintindex":0},"south":{"uv":[0.5,6.0,1.0,7.0],"rotation":0,"texture":"#0","tintindex":0},"north":{"uv":[0.5,6.0,1.0,7.0],"rotation":0,"texture":"#0","tintindex":0},"west":{"uv":[6.25,5.25,7.25,6.25],"rotation":0,"texture":"#0","tintindex":0},"up":{"uv":[0.5,6.0,1.0,7.0],"rotation":0,"texture":"#0","tintindex":0},"down":{"uv":[0.5,6.0,1.0,7.0],"rotation":0,"texture":"#0","tintindex":0}}}],"display":{"head":{"translation":[0.0,-6.4,0.0],"scale":[4.0,4.0,4.0]}}}