{"textures":{"0":"modelengine:entity/rabiddog"},"elements":[{"from":[8.171429,6.0995383,7.8971233],"to":[9.028571,8.156681,9.039981],"rotation":{"angle":-22.5,"axis":"x","origin":[8.685715,5.356681,8.925694]},"faces":{"east":{"uv":[0.0,6.5,1.0,5.0],"rotation":0,"texture":"#0","tintindex":0},"south":{"uv":[0.5,6.5,0.0,5.0],"rotation":0,"texture":"#0","tintindex":0},"north":{"uv":[1.0,6.5,0.25,5.0],"rotation":0,"texture":"#0","tintindex":0},"west":{"uv":[1.0,6.5,0.0,5.0],"rotation":0,"texture":"#0","tintindex":0},"up":{"uv":[9.5,7.5,10.5,8.5],"rotation":0,"texture":"#0","tintindex":0},"down":{"uv":[6.25,3.5,7.25,5.0],"rotation":0,"texture":"#0","tintindex":0}}},{"from":[7.6571426,7.147453,6.664459],"to":[9.085714,9.49031,8.093031],"rotation":{"angle":22.5,"axis":"x","origin":[8.742857,6.9188814,7.1501737]},"faces":{"east":{"uv":[0.0,5.0,1.0,6.5],"rotation":0,"texture":"#0","tintindex":0},"south":{"uv":[9.5,7.5,10.5,9.0],"rotation":0,"texture":"#0","tintindex":0},"north":{"uv":[1.0,5.0,0.0,6.5],"rotation":0,"texture":"#0","tintindex":0},"west":{"uv":[6.0,3.5,7.0,5.0],"rotation":0,"texture":"#0","tintindex":0},"up":{"uv":[9.5,7.5,10.5,8.5],"rotation":0,"texture":"#0","tintindex":0},"down":{"uv":[0.0,5.25,1.0,6.75],"rotation":0,"texture":"#0","tintindex":0}}}],"display":{"head":{"translation":[0.0,-6.4,0.0],"scale":[4.0,4.0,4.0]}}}