{"textures":{"0":"modelengine:entity/rabiddog"},"elements":[{"from":[7.4857144,7.7188816,7.121602],"to":[8.971429,9.776024,8.721602],"rotation":{"angle":22.5,"axis":"x","origin":[8.857143,8.004596,7.664459]},"faces":{"east":{"uv":[9.25,7.5,10.5,9.0],"rotation":0,"texture":"#0","tintindex":0},"south":{"uv":[8.25,7.5,9.5,9.0],"rotation":0,"texture":"#0","tintindex":0},"north":{"uv":[9.25,7.5,10.5,8.5],"rotation":0,"texture":"#0","tintindex":0},"west":{"uv":[8.25,7.5,9.5,9.0],"rotation":0,"texture":"#0","tintindex":0},"up":{"uv":[9.25,7.5,10.5,8.5],"rotation":0,"texture":"#0","tintindex":0},"down":{"uv":[6.0,5.0,7.5,6.25],"rotation":0,"texture":"#0","tintindex":0}}},{"from":[7.885714,6.442395,8.1828375],"to":[8.914286,8.728109,9.268552],"rotation":{"angle":-22.5,"axis":"x","origin":[8.514286,5.6423955,9.497124]},"faces":{"east":{"uv":[2.0,5.0,1.0,6.75],"rotation":0,"texture":"#0","tintindex":0},"south":{"uv":[9.75,7.75,9.0,9.0],"rotation":0,"texture":"#0","tintindex":0},"north":{"uv":[2.0,5.25,1.25,6.5],"rotation":0,"texture":"#0","tintindex":0},"west":{"uv":[7.0,3.5,6.0,4.75],"rotation":0,"texture":"#0","tintindex":0},"up":{"uv":[10.5,7.5,9.5,8.5],"rotation":0,"texture":"#0","tintindex":0},"down":{"uv":[7.25,3.5,6.25,5.0],"rotation":0,"texture":"#0","tintindex":0}}}],"display":{"head":{"translation":[0.0,-6.4,0.0],"scale":[4.0,4.0,4.0]}}}