{"textures":{"0":"modelengine:entity/rabiddog"},"elements":[{"from":[7.7714286,6.4155216,6.7577963],"to":[8.514286,8.872664,7.614939],"rotation":{"angle":22.5,"axis":"x","origin":[8.0,5.9012356,7.386368]},"faces":{"east":{"uv":[0.75,5.0,0.0,7.0],"rotation":0,"texture":"#0","tintindex":0},"south":{"uv":[1.5,5.0,0.75,7.0],"rotation":0,"texture":"#0","tintindex":0},"north":{"uv":[1.5,5.0,0.75,7.0],"rotation":0,"texture":"#0","tintindex":0},"west":{"uv":[1.0,5.0,0.0,7.0],"rotation":0,"texture":"#0","tintindex":0},"up":{"uv":[1.0,4.5,0.5,5.0],"rotation":0,"texture":"#0","tintindex":0},"down":{"uv":[1.5,4.5,1.0,5.0],"rotation":0,"texture":"#0","tintindex":0}}},{"from":[7.6,4.9770584,6.3472586],"to":[8.685715,5.5484867,7.1472588],"rotation":{"angle":0.0,"axis":"y","origin":[8.114285,6.6913443,7.37583]},"faces":{"east":{"uv":[0.25,6.25,1.25,7.0],"rotation":0,"texture":"#0","tintindex":0},"south":{"uv":[0.25,6.25,1.25,7.0],"rotation":0,"texture":"#0","tintindex":0},"north":{"uv":[0.25,6.25,1.25,7.0],"rotation":0,"texture":"#0","tintindex":0},"west":{"uv":[0.25,6.25,1.25,7.0],"rotation":0,"texture":"#0","tintindex":0},"up":{"uv":[0.25,6.25,1.25,7.0],"rotation":0,"texture":"#0","tintindex":0},"down":{"uv":[0.25,6.25,1.25,7.0],"rotation":0,"texture":"#0","tintindex":0}}},{"from":[8.228572,4.9770584,5.718687],"to":[8.4,5.20563,6.290116],"rotation":{"angle":0.0,"axis":"y","origin":[8.085714,5.177058,6.232973]},"faces":{"east":{"uv":[1.25,3.25,1.5,4.0],"rotation":0,"texture":"#0","tintindex":0},"south":{"uv":[1.25,3.25,1.5,4.0],"rotation":0,"texture":"#0","tintindex":0},"north":{"uv":[1.25,3.25,1.5,4.0],"rotation":0,"texture":"#0","tintindex":0},"west":{"uv":[1.25,3.25,1.5,4.0],"rotation":0,"texture":"#0","tintindex":0},"up":{"uv":[1.25,3.25,1.5,4.0],"rotation":0,"texture":"#0","tintindex":0},"down":{"uv":[1.25,3.25,1.5,4.0],"rotation":0,"texture":"#0","tintindex":0}}},{"from":[8.571428,4.9770584,5.8901157],"to":[8.742857,5.20563,6.4615445],"rotation":{"angle":0.0,"axis":"y","origin":[8.428572,5.177058,6.404402]},"faces":{"east":{"uv":[1.25,3.25,1.5,4.0],"rotation":0,"texture":"#0","tintindex":0},"south":{"uv":[1.25,3.25,1.5,4.0],"rotation":0,"texture":"#0","tintindex":0},"north":{"uv":[1.25,3.25,1.5,4.0],"rotation":0,"texture":"#0","tintindex":0},"west":{"uv":[1.25,3.25,1.5,4.0],"rotation":0,"texture":"#0","tintindex":0},"up":{"uv":[1.25,3.25,1.5,4.0],"rotation":0,"texture":"#0","tintindex":0},"down":{"uv":[1.25,3.25,1.5,4.0],"rotation":0,"texture":"#0","tintindex":0}}},{"from":[7.885714,4.9770584,5.6044016],"to":[8.057143,5.20563,6.1758304],"rotation":{"angle":0.0,"axis":"y","origin":[7.742857,5.177058,6.1186876]},"faces":{"east":{"uv":[1.25,3.25,1.5,4.0],"rotation":0,"texture":"#0","tintindex":0},"south":{"uv":[1.25,3.25,1.5,4.0],"rotation":0,"texture":"#0","tintindex":0},"north":{"uv":[1.25,3.25,1.5,4.0],"rotation":0,"texture":"#0","tintindex":0},"west":{"uv":[1.25,3.25,1.5,4.0],"rotation":0,"texture":"#0","tintindex":0},"up":{"uv":[1.25,3.25,1.5,4.0],"rotation":0,"texture":"#0","tintindex":0},"down":{"uv":[1.25,3.25,1.5,4.0],"rotation":0,"texture":"#0","tintindex":0}}},{"from":[7.542857,4.9770584,5.832973],"to":[7.714286,5.20563,6.404402],"rotation":{"angle":0.0,"axis":"y","origin":[7.4,5.177058,6.3472586]},"faces":{"east":{"uv":[1.25,3.25,1.5,4.0],"rotation":0,"texture":"#0","tintindex":0},"south":{"uv":[1.25,3.25,1.5,4.0],"rotation":0,"texture":"#0","tintindex":0},"north":{"uv":[1.25,3.25,1.5,4.0],"rotation":0,"texture":"#0","tintindex":0},"west":{"uv":[1.25,3.25,1.5,4.0],"rotation":0,"texture":"#0","tintindex":0},"up":{"uv":[1.25,3.25,1.5,4.0],"rotation":0,"texture":"#0","tintindex":0},"down":{"uv":[1.25,3.25,1.5,4.0],"rotation":0,"texture":"#0","tintindex":0}}},{"from":[8.171429,4.8056297,6.0044017],"to":[8.457143,5.377058,6.5186872],"rotation":{"angle":22.5,"axis":"x","origin":[8.257143,5.177058,6.7472587]},"faces":{"east":{"uv":[6.25,5.25,7.25,6.25],"rotation":0,"texture":"#0","tintindex":0},"south":{"uv":[0.5,6.0,1.0,7.0],"rotation":0,"texture":"#0","tintindex":0},"north":{"uv":[0.5,6.0,1.0,7.0],"rotation":0,"texture":"#0","tintindex":0},"west":{"uv":[6.25,5.25,7.25,6.25],"rotation":0,"texture":"#0","tintindex":0},"up":{"uv":[0.5,6.0,1.0,7.0],"rotation":0,"texture":"#0","tintindex":0},"down":{"uv":[0.5,6.0,1.0,7.0],"rotation":0,"texture":"#0","tintindex":0}}},{"from":[8.514286,4.8056297,6.1186876],"to":[8.8,5.377058,6.632973],"rotation":{"angle":22.5,"axis":"x","origin":[8.6,5.177058,6.8615446]},"faces":{"east":{"uv":[6.25,5.25,7.25,6.25],"rotation":0,"texture":"#0","tintindex":0},"south":{"uv":[0.5,6.0,1.0,7.0],"rotation":0,"texture":"#0","tintindex":0},"north":{"uv":[0.5,6.0,1.0,7.0],"rotation":0,"texture":"#0","tintindex":0},"west":{"uv":[6.25,5.25,7.25,6.25],"rotation":0,"texture":"#0","tintindex":0},"up":{"uv":[0.5,6.0,1.0,7.0],"rotation":0,"texture":"#0","tintindex":0},"down":{"uv":[0.5,6.0,1.0,7.0],"rotation":0,"texture":"#0","tintindex":0}}},{"from":[7.8285713,4.8056297,5.832973],"to":[8.114285,5.491344,6.404402],"rotation":{"angle":22.5,"axis":"x","origin":[7.9142857,5.2913437,6.5758305]},"faces":{"east":{"uv":[6.25,5.25,7.25,6.25],"rotation":0,"texture":"#0","tintindex":0},"south":{"uv":[0.5,6.0,1.0,7.0],"rotation":0,"texture":"#0","tintindex":0},"north":{"uv":[0.5,6.0,1.0,7.0],"rotation":0,"texture":"#0","tintindex":0},"west":{"uv":[6.25,5.25,7.25,6.25],"rotation":0,"texture":"#0","tintindex":0},"up":{"uv":[0.5,6.0,1.0,7.0],"rotation":0,"texture":"#0","tintindex":0},"down":{"uv":[0.5,6.0,1.0,7.0],"rotation":0,"texture":"#0","tintindex":0}}},{"from":[7.4857144,4.8056297,6.1186876],"to":[7.7714286,5.377058,6.632973],"rotation":{"angle":22.5,"axis":"x","origin":[7.5714283,5.177058,6.8615446]},"faces":{"east":{"uv":[6.25,5.25,7.25,6.25],"rotation":0,"texture":"#0","tintindex":0},"south":{"uv":[0.5,6.0,1.0,7.0],"rotation":0,"texture":"#0","tintindex":0},"north":{"uv":[0.5,6.0,1.0,7.0],"rotation":0,"texture":"#0","tintindex":0},"west":{"uv":[6.25,5.25,7.25,6.25],"rotation":0,"texture":"#0","tintindex":0},"up":{"uv":[0.5,6.0,1.0,7.0],"rotation":0,"texture":"#0","tintindex":0},"down":{"uv":[0.5,6.0,1.0,7.0],"rotation":0,"texture":"#0","tintindex":0}}},{"from":[7.8285713,4.98695,6.8720818],"to":[8.457143,6.4726644,7.5006533],"rotation":{"angle":22.5,"axis":"x","origin":[8.0,5.9012356,7.386368]},"faces":{"east":{"uv":[0.0,5.75,0.5,7.0],"rotation":0,"texture":"#0","tintindex":0},"south":{"uv":[1.5,5.75,2.0,7.0],"rotation":0,"texture":"#0","tintindex":0},"north":{"uv":[0.5,5.75,1.0,7.0],"rotation":0,"texture":"#0","tintindex":0},"west":{"uv":[1.0,5.75,1.5,7.0],"rotation":0,"texture":"#0","tintindex":0},"up":{"uv":[0.5,4.5,1.0,5.0],"rotation":0,"texture":"#0","tintindex":0},"down":{"uv":[1.0,4.5,1.5,5.0],"rotation":0,"texture":"#0","tintindex":0}}}],"display":{"head":{"translation":[0.0,-6.4,0.0],"scale":[4.0,4.0,4.0]}}}