{"textures":{"0":"modelengine:entity/rabiddog"},"elements":[{"from":[7.3714285,5.2738795,7.218419],"to":[8.514286,7.959594,8.24699],"rotation":{"angle":0.0,"axis":"y","origin":[8.742857,2.9207253,3.9134445]},"faces":{"east":{"uv":[0.75,5.0,0.0,7.0],"rotation":0,"texture":"#0","tintindex":0},"south":{"uv":[0.5,5.0,1.0,7.0],"rotation":0,"texture":"#0","tintindex":0},"north":{"uv":[0.0,5.25,0.75,7.0],"rotation":0,"texture":"#0","tintindex":0},"west":{"uv":[0.0,5.0,0.75,7.0],"rotation":0,"texture":"#0","tintindex":0},"up":{"uv":[2.75,4.5,3.25,5.0],"rotation":0,"texture":"#0","tintindex":0},"down":{"uv":[0.5,6.5,1.0,7.0],"rotation":0,"texture":"#0","tintindex":0}}},{"from":[7.4857144,3.2816176,7.387521],"to":[8.4,6.024475,8.473235],"rotation":{"angle":22.5,"axis":"x","origin":[8.285714,6.5359244,7.8518925]},"faces":{"east":{"uv":[2.5,5.0,3.5,7.0],"rotation":0,"texture":"#0","tintindex":0},"south":{"uv":[2.5,5.0,3.5,7.0],"rotation":0,"texture":"#0","tintindex":0},"north":{"uv":[2.5,5.0,3.5,7.0],"rotation":0,"texture":"#0","tintindex":0},"west":{"uv":[2.5,5.0,3.5,7.0],"rotation":0,"texture":"#0","tintindex":0},"up":{"uv":[2.75,4.5,3.25,5.0],"rotation":0,"texture":"#0","tintindex":0},"down":{"uv":[2.75,6.5,3.25,7.0],"rotation":0,"texture":"#0","tintindex":0}}}],"display":{"head":{"translation":[0.0,-6.4,0.0],"scale":[4.0,4.0,4.0]}}}