{"textures":{"0":"modelengine:entity/rabiddog"},"elements":[{"from":[6.857143,8.914286,1.7714286],"to":[9.085714,10.914286,4.285714],"rotation":{"angle":22.5,"axis":"x","origin":[8.142858,9.142858,2.228571]},"faces":{"east":{"uv":[6.5,7.5,4.25,9.0],"rotation":0,"texture":"#0","tintindex":0},"south":{"uv":[7.5,3.5,9.0,5.0],"rotation":0,"texture":"#0","tintindex":0},"north":{"uv":[6.0,5.0,7.5,6.5],"rotation":0,"texture":"#0","tintindex":0},"west":{"uv":[10.5,7.5,8.25,9.0],"rotation":0,"texture":"#0","tintindex":0},"up":{"uv":[9.0,7.25,10.5,5.25],"rotation":0,"texture":"#0","tintindex":0},"down":{"uv":[6.0,5.0,7.5,7.25],"rotation":0,"texture":"#0","tintindex":0}}},{"from":[6.7714286,6.742857,4.3999996],"to":[9.171429,9.2,5.6],"rotation":{"angle":-22.5,"axis":"x","origin":[8.2,8.057143,3.7142854]},"faces":{"east":{"uv":[5.5,1.5,6.25,3.25],"rotation":0,"texture":"#0","tintindex":0},"south":{"uv":[7.0,3.5,7.75,5.0],"rotation":0,"texture":"#0","tintindex":0},"north":{"uv":[7.5,3.5,9.0,5.0],"rotation":0,"texture":"#0","tintindex":0},"west":{"uv":[13.5,1.5,14.25,3.25],"rotation":0,"texture":"#0","tintindex":0},"up":{"uv":[7.0,3.5,7.75,5.0],"rotation":0,"texture":"#0","tintindex":0},"down":{"uv":[6.0,5.0,7.5,6.0],"rotation":0,"texture":"#0","tintindex":0}}},{"from":[7.9142857,7.9428573,2.9142857],"to":[9.514286,9.3714285,4.0],"rotation":{"angle":-45.0,"axis":"z","origin":[8.085714,9.485714,2.342857]},"faces":{"east":{"uv":[6.0,5.0,7.25,6.25],"rotation":0,"texture":"#0","tintindex":0},"south":{"uv":[6.0,5.0,7.25,6.25],"rotation":0,"texture":"#0","tintindex":0},"north":{"uv":[6.0,5.0,7.25,6.25],"rotation":0,"texture":"#0","tintindex":0},"west":{"uv":[6.0,5.0,7.25,6.25],"rotation":0,"texture":"#0","tintindex":0},"up":{"uv":[6.0,5.0,7.25,6.25],"rotation":0,"texture":"#0","tintindex":0},"down":{"uv":[6.0,5.0,7.25,6.25],"rotation":0,"texture":"#0","tintindex":0}}},{"from":[7.9142857,7.028571,4.5142856],"to":[9.285714,8.4,5.485714],"rotation":{"angle":-45.0,"axis":"z","origin":[8.085714,8.4,3.9428568]},"faces":{"east":{"uv":[6.0,5.0,7.25,6.25],"rotation":0,"texture":"#0","tintindex":0},"south":{"uv":[6.0,5.0,7.25,6.25],"rotation":0,"texture":"#0","tintindex":0},"north":{"uv":[6.0,5.0,7.25,6.25],"rotation":0,"texture":"#0","tintindex":0},"west":{"uv":[6.0,5.0,7.25,6.25],"rotation":0,"texture":"#0","tintindex":0},"up":{"uv":[6.0,5.0,7.25,6.25],"rotation":0,"texture":"#0","tintindex":0},"down":{"uv":[6.0,5.0,7.25,6.25],"rotation":0,"texture":"#0","tintindex":0}}},{"from":[7.9714284,7.3142858,3.5428567],"to":[9.514286,8.685715,4.8571424],"rotation":{"angle":-45.0,"axis":"z","origin":[8.142858,8.857143,2.9714284]},"faces":{"east":{"uv":[6.0,5.0,7.25,6.25],"rotation":0,"texture":"#0","tintindex":0},"south":{"uv":[6.0,5.0,7.25,6.25],"rotation":0,"texture":"#0","tintindex":0},"north":{"uv":[6.0,5.0,7.25,6.25],"rotation":0,"texture":"#0","tintindex":0},"west":{"uv":[6.0,5.0,7.25,6.25],"rotation":0,"texture":"#0","tintindex":0},"up":{"uv":[6.0,5.0,7.25,6.25],"rotation":0,"texture":"#0","tintindex":0},"down":{"uv":[6.0,5.0,7.25,6.25],"rotation":0,"texture":"#0","tintindex":0}}},{"from":[8.085714,8.571428,2.342857],"to":[9.685715,10.057143,3.0285711],"rotation":{"angle":-45.0,"axis":"z","origin":[8.085714,10.285714,1.7714286]},"faces":{"east":{"uv":[6.0,5.0,7.25,6.25],"rotation":0,"texture":"#0","tintindex":0},"south":{"uv":[6.0,5.0,7.25,6.25],"rotation":0,"texture":"#0","tintindex":0},"north":{"uv":[6.0,5.0,7.25,6.25],"rotation":0,"texture":"#0","tintindex":0},"west":{"uv":[6.0,5.0,7.25,6.25],"rotation":0,"texture":"#0","tintindex":0},"up":{"uv":[6.0,5.0,7.25,6.25],"rotation":0,"texture":"#0","tintindex":0},"down":{"uv":[6.0,5.0,7.25,6.25],"rotation":0,"texture":"#0","tintindex":0}}},{"from":[8.028571,9.142858,1.6571422],"to":[9.6285715,10.6285715,2.342857],"rotation":{"angle":-45.0,"axis":"z","origin":[8.028571,10.857143,1.0857139]},"faces":{"east":{"uv":[6.0,5.0,7.25,6.25],"rotation":0,"texture":"#0","tintindex":0},"south":{"uv":[6.0,5.0,7.25,6.25],"rotation":0,"texture":"#0","tintindex":0},"north":{"uv":[6.0,5.0,7.25,6.25],"rotation":0,"texture":"#0","tintindex":0},"west":{"uv":[6.0,5.0,7.25,6.25],"rotation":0,"texture":"#0","tintindex":0},"up":{"uv":[6.0,5.0,7.25,6.25],"rotation":0,"texture":"#0","tintindex":0},"down":{"uv":[6.0,5.0,7.25,6.25],"rotation":0,"texture":"#0","tintindex":0}}},{"from":[8.142858,9.142858,1.6571422],"to":[9.685715,10.4,2.342857],"rotation":{"angle":-45.0,"axis":"z","origin":[8.085714,10.857143,1.0857139]},"faces":{"east":{"uv":[6.0,5.0,7.25,6.25],"rotation":0,"texture":"#0","tintindex":0},"south":{"uv":[6.0,5.0,7.25,6.25],"rotation":0,"texture":"#0","tintindex":0},"north":{"uv":[6.0,5.0,7.25,6.25],"rotation":0,"texture":"#0","tintindex":0},"west":{"uv":[6.0,5.0,7.25,6.25],"rotation":0,"texture":"#0","tintindex":0},"up":{"uv":[6.0,5.0,7.25,6.25],"rotation":0,"texture":"#0","tintindex":0},"down":{"uv":[6.0,5.0,7.25,6.25],"rotation":0,"texture":"#0","tintindex":0}}},{"from":[7.0857143,7.6571426,5.6],"to":[8.857143,9.828571,8.685715],"rotation":{"angle":0.0,"axis":"y","origin":[7.9428573,7.9428573,6.4]},"faces":{"east":{"uv":[10.5,7.5,8.25,9.0],"rotation":0,"texture":"#0","tintindex":0},"south":{"uv":[7.5,3.5,9.0,5.0],"rotation":0,"texture":"#0","tintindex":0},"north":{"uv":[6.0,3.5,7.5,5.0],"rotation":0,"texture":"#0","tintindex":0},"west":{"uv":[6.5,7.5,4.25,9.0],"rotation":0,"texture":"#0","tintindex":0},"up":{"uv":[9.0,5.0,10.5,7.25],"rotation":0,"texture":"#0","tintindex":0},"down":{"uv":[6.0,7.25,7.5,5.0],"rotation":0,"texture":"#0","tintindex":0}}},{"from":[7.0857143,7.6571426,8.6285715],"to":[8.857143,9.657143,9.257143],"rotation":{"angle":0.0,"axis":"y","origin":[7.9428573,7.9428573,6.4]},"faces":{"east":{"uv":[10.5,7.5,8.25,9.0],"rotation":0,"texture":"#0","tintindex":0},"south":{"uv":[6.0,7.25,7.5,5.75],"rotation":0,"texture":"#0","tintindex":0},"north":{"uv":[6.0,3.5,7.5,5.0],"rotation":0,"texture":"#0","tintindex":0},"west":{"uv":[6.5,7.5,4.25,9.0],"rotation":0,"texture":"#0","tintindex":0},"up":{"uv":[9.0,5.5,10.5,6.5],"rotation":0,"texture":"#0","tintindex":0},"down":{"uv":[6.0,7.25,7.5,5.0],"rotation":0,"texture":"#0","tintindex":0}}},{"from":[6.742857,7.428571,3.771428],"to":[9.2,10.0,6.457143],"rotation":{"angle":0.0,"axis":"y","origin":[8.228572,8.171429,4.2285714]},"faces":{"east":{"uv":[5.5,1.5,7.0,3.25],"rotation":0,"texture":"#0","tintindex":0},"south":{"uv":[9.0,0.0,11.0,1.75],"rotation":0,"texture":"#0","tintindex":0},"north":{"uv":[7.0,1.0,9.0,1.75],"rotation":0,"texture":"#0","tintindex":0},"west":{"uv":[12.75,1.5,14.25,3.25],"rotation":0,"texture":"#0","tintindex":0},"up":{"uv":[10.75,1.75,12.75,3.25],"rotation":0,"texture":"#0","tintindex":0},"down":{"uv":[7.0,3.25,9.0,1.75],"rotation":0,"texture":"#0","tintindex":0}}}],"display":{"head":{"translation":[0.0,-6.4,0.0],"scale":[4.0,4.0,4.0]}}}