{"textures":{"0":"modelengine:entity/rabiddog"},"elements":[{"from":[7.4855766,7.723744,6.632178],"to":[8.525852,8.219113,8.564117],"rotation":{"angle":0.0,"axis":"y","origin":[8.005714,8.022857,7.4514284]},"faces":{"east":{"uv":[9.25,1.25,11.0,1.75],"rotation":0,"texture":"#0","tintindex":0},"south":{"uv":[9.5,1.25,10.5,1.75],"rotation":0,"texture":"#0","tintindex":0},"north":{"uv":[9.5,1.25,10.5,1.75],"rotation":0,"texture":"#0","tintindex":0},"west":{"uv":[9.25,1.25,11.0,1.75],"rotation":0,"texture":"#0","tintindex":0},"up":{"uv":[5.25,1.5,6.5,0.0],"rotation":0,"texture":"#0","tintindex":0},"down":{"uv":[6.25,5.5,7.25,7.25],"rotation":0,"texture":"#0","tintindex":0}}},{"from":[8.314285,8.125714,6.937143],"to":[8.468572,8.537143,7.142857],"rotation":{"angle":-22.5,"axis":"x","origin":[8.417143,8.382857,7.04]},"faces":{"east":{"uv":[5.25,0.75,5.5,1.0],"rotation":0,"texture":"#0","tintindex":0},"south":{"uv":[5.25,0.75,5.5,1.0],"rotation":0,"texture":"#0","tintindex":0},"north":{"uv":[5.25,0.75,5.5,1.0],"rotation":0,"texture":"#0","tintindex":0},"west":{"uv":[5.25,0.75,5.5,1.0],"rotation":0,"texture":"#0","tintindex":0},"up":{"uv":[5.25,0.75,5.5,1.0],"rotation":0,"texture":"#0","tintindex":0},"down":{"uv":[5.25,0.75,5.5,1.0],"rotation":0,"texture":"#0","tintindex":0}}},{"from":[7.542857,8.125714,6.937143],"to":[7.697143,8.537143,7.142857],"rotation":{"angle":-22.5,"axis":"x","origin":[7.6457143,8.382857,7.04]},"faces":{"east":{"uv":[5.25,0.75,5.5,1.0],"rotation":0,"texture":"#0","tintindex":0},"south":{"uv":[5.25,0.75,5.5,1.0],"rotation":0,"texture":"#0","tintindex":0},"north":{"uv":[5.25,0.75,5.5,1.0],"rotation":0,"texture":"#0","tintindex":0},"west":{"uv":[5.25,0.75,5.5,1.0],"rotation":0,"texture":"#0","tintindex":0},"up":{"uv":[5.25,0.75,5.5,1.0],"rotation":0,"texture":"#0","tintindex":0},"down":{"uv":[5.25,0.75,5.5,1.0],"rotation":0,"texture":"#0","tintindex":0}}},{"from":[7.7485714,8.125714,6.7314286],"to":[7.9028573,8.64,6.937143],"rotation":{"angle":-22.5,"axis":"x","origin":[7.8514285,8.382857,6.8342857]},"faces":{"east":{"uv":[5.25,0.75,5.5,1.0],"rotation":0,"texture":"#0","tintindex":0},"south":{"uv":[5.25,0.75,5.5,1.0],"rotation":0,"texture":"#0","tintindex":0},"north":{"uv":[5.25,0.75,5.5,1.0],"rotation":0,"texture":"#0","tintindex":0},"west":{"uv":[5.25,0.75,5.5,1.0],"rotation":0,"texture":"#0","tintindex":0},"up":{"uv":[5.25,0.75,5.5,1.0],"rotation":0,"texture":"#0","tintindex":0},"down":{"uv":[5.25,0.75,5.5,1.0],"rotation":0,"texture":"#0","tintindex":0}}},{"from":[8.108571,8.125714,6.7314286],"to":[8.262857,8.64,6.937143],"rotation":{"angle":-22.5,"axis":"x","origin":[8.211429,8.382857,6.8342857]},"faces":{"east":{"uv":[5.25,0.75,5.5,1.0],"rotation":0,"texture":"#0","tintindex":0},"south":{"uv":[5.25,0.75,5.5,1.0],"rotation":0,"texture":"#0","tintindex":0},"north":{"uv":[5.25,0.75,5.5,1.0],"rotation":0,"texture":"#0","tintindex":0},"west":{"uv":[5.25,0.75,5.5,1.0],"rotation":0,"texture":"#0","tintindex":0},"up":{"uv":[5.25,0.75,5.5,1.0],"rotation":0,"texture":"#0","tintindex":0},"down":{"uv":[5.25,0.75,5.5,1.0],"rotation":0,"texture":"#0","tintindex":0}}},{"from":[7.9542856,8.125714,6.7314286],"to":[8.057143,8.434286,6.937143],"rotation":{"angle":-22.5,"axis":"x","origin":[8.005714,8.382857,6.8342857]},"faces":{"east":{"uv":[5.25,0.75,5.5,1.0],"rotation":0,"texture":"#0","tintindex":0},"south":{"uv":[5.25,0.75,5.5,1.0],"rotation":0,"texture":"#0","tintindex":0},"north":{"uv":[5.25,0.75,5.5,1.0],"rotation":0,"texture":"#0","tintindex":0},"west":{"uv":[5.25,0.75,5.5,1.0],"rotation":0,"texture":"#0","tintindex":0},"up":{"uv":[5.25,0.75,5.5,1.0],"rotation":0,"texture":"#0","tintindex":0},"down":{"uv":[5.25,0.75,5.5,1.0],"rotation":0,"texture":"#0","tintindex":0}}},{"from":[8.365714,8.125714,7.297143],"to":[8.52,8.434286,7.502857],"rotation":{"angle":-22.5,"axis":"x","origin":[8.468572,8.382857,7.4]},"faces":{"east":{"uv":[5.25,0.75,5.5,1.0],"rotation":0,"texture":"#0","tintindex":0},"south":{"uv":[5.25,0.75,5.5,1.0],"rotation":0,"texture":"#0","tintindex":0},"north":{"uv":[5.25,0.75,5.5,1.0],"rotation":0,"texture":"#0","tintindex":0},"west":{"uv":[5.25,0.75,5.5,1.0],"rotation":0,"texture":"#0","tintindex":0},"up":{"uv":[5.25,0.75,5.5,1.0],"rotation":0,"texture":"#0","tintindex":0},"down":{"uv":[5.25,0.75,5.5,1.0],"rotation":0,"texture":"#0","tintindex":0}}},{"from":[8.365714,8.125714,7.6571426],"to":[8.52,8.434286,7.8628573],"rotation":{"angle":-22.5,"axis":"x","origin":[8.468572,8.382857,7.76]},"faces":{"east":{"uv":[5.25,0.75,5.5,1.0],"rotation":0,"texture":"#0","tintindex":0},"south":{"uv":[5.25,0.75,5.5,1.0],"rotation":0,"texture":"#0","tintindex":0},"north":{"uv":[5.25,0.75,5.5,1.0],"rotation":0,"texture":"#0","tintindex":0},"west":{"uv":[5.25,0.75,5.5,1.0],"rotation":0,"texture":"#0","tintindex":0},"up":{"uv":[5.25,0.75,5.5,1.0],"rotation":0,"texture":"#0","tintindex":0},"down":{"uv":[5.25,0.75,5.5,1.0],"rotation":0,"texture":"#0","tintindex":0}}},{"from":[7.4914284,8.125714,7.297143],"to":[7.6457143,8.434286,7.502857],"rotation":{"angle":-22.5,"axis":"x","origin":[7.5942855,8.382857,7.4]},"faces":{"east":{"uv":[5.25,0.75,5.5,1.0],"rotation":0,"texture":"#0","tintindex":0},"south":{"uv":[5.25,0.75,5.5,1.0],"rotation":0,"texture":"#0","tintindex":0},"north":{"uv":[5.25,0.75,5.5,1.0],"rotation":0,"texture":"#0","tintindex":0},"west":{"uv":[5.25,0.75,5.5,1.0],"rotation":0,"texture":"#0","tintindex":0},"up":{"uv":[5.25,0.75,5.5,1.0],"rotation":0,"texture":"#0","tintindex":0},"down":{"uv":[5.25,0.75,5.5,1.0],"rotation":0,"texture":"#0","tintindex":0}}},{"from":[7.4914284,8.125714,7.6571426],"to":[7.6457143,8.434286,7.8628573],"rotation":{"angle":-22.5,"axis":"x","origin":[7.5942855,8.382857,7.76]},"faces":{"east":{"uv":[5.25,0.75,5.5,1.0],"rotation":0,"texture":"#0","tintindex":0},"south":{"uv":[5.25,0.75,5.5,1.0],"rotation":0,"texture":"#0","tintindex":0},"north":{"uv":[5.25,0.75,5.5,1.0],"rotation":0,"texture":"#0","tintindex":0},"west":{"uv":[5.25,0.75,5.5,1.0],"rotation":0,"texture":"#0","tintindex":0},"up":{"uv":[5.25,0.75,5.5,1.0],"rotation":0,"texture":"#0","tintindex":0},"down":{"uv":[5.25,0.75,5.5,1.0],"rotation":0,"texture":"#0","tintindex":0}}}],"display":{"head":{"translation":[0.0,-6.4,0.0],"scale":[4.0,4.0,4.0]}}}