{"textures":{"0":"modelengine:entity/lion"},"elements":[{"from":[5.9206285,6.1234403,5.325365],"to":[10.3135605,9.512278,8.673342],"rotation":{"angle":0.0,"axis":"y","origin":[7.7345676,6.32611,3.5375414]},"faces":{"east":{"uv":[7.625,10.5,6.875,11.25],"rotation":0,"texture":"#0","tintindex":0},"south":{"uv":[8.625,1.875,9.625,2.625],"rotation":0,"texture":"#0","tintindex":0},"north":{"uv":[8.25,3.5,9.25,4.25],"rotation":0,"texture":"#0","tintindex":0},"west":{"uv":[3.0,7.5,2.125,8.5],"rotation":0,"texture":"#0","tintindex":0},"up":{"uv":[9.75,5.0,8.75,4.25],"rotation":0,"texture":"#0","tintindex":0},"down":{"uv":[5.75,4.875,4.75,6.375],"rotation":0,"texture":"#0","tintindex":0}}},{"from":[6.4059258,8.374557,4.7229805],"to":[7.3906245,9.472646,5.11686],"rotation":{"angle":22.5,"axis":"y","origin":[8.095528,7.2886696,5.6431417]},"faces":{"east":{"uv":[8.5,7.625,8.625,7.875],"rotation":0,"texture":"#0","tintindex":0},"south":{"uv":[0.25,14.25,0.5,14.5],"rotation":0,"texture":"#0","tintindex":0},"north":{"uv":[0.0,14.25,0.25,14.5],"rotation":0,"texture":"#0","tintindex":0},"west":{"uv":[9.125,3.25,9.25,3.5],"rotation":0,"texture":"#0","tintindex":0},"up":{"uv":[3.25,8.375,3.0,8.25],"rotation":0,"texture":"#0","tintindex":0},"down":{"uv":[1.75,9.375,1.5,9.5],"rotation":0,"texture":"#0","tintindex":0}}},{"from":[6.4507585,8.106532,4.9071226],"to":[9.76057,8.620731,5.645647],"rotation":{"angle":0.0,"axis":"y","origin":[8.095528,7.2886696,5.6431417]},"faces":{"east":{"uv":[4.25,14.375,4.375,14.5],"rotation":0,"texture":"#0","tintindex":0},"south":{"uv":[9.875,1.25,10.625,1.375],"rotation":0,"texture":"#0","tintindex":0},"north":{"uv":[6.875,5.75,7.625,5.875],"rotation":0,"texture":"#0","tintindex":0},"west":{"uv":[4.375,14.375,4.5,14.5],"rotation":0,"texture":"#0","tintindex":0},"up":{"uv":[14.25,2.875,13.5,2.75],"rotation":0,"texture":"#0","tintindex":0},"down":{"uv":[14.75,10.0,14.0,10.125],"rotation":0,"texture":"#0","tintindex":0}}},{"from":[6.2593536,8.194309,6.772132],"to":[10.001209,9.326713,7.658361],"rotation":{"angle":-45.0,"axis":"x","origin":[8.095528,7.2886696,5.6431417]},"faces":{"east":{"uv":[0.75,14.25,1.0,14.5],"rotation":0,"texture":"#0","tintindex":0},"south":{"uv":[13.125,9.375,14.0,9.625],"rotation":0,"texture":"#0","tintindex":0},"north":{"uv":[6.5,3.25,7.375,3.5],"rotation":0,"texture":"#0","tintindex":0},"west":{"uv":[1.0,14.25,1.25,14.5],"rotation":0,"texture":"#0","tintindex":0},"up":{"uv":[14.0,9.875,13.125,9.625],"rotation":0,"texture":"#0","tintindex":0},"down":{"uv":[14.0,10.5,13.125,10.75],"rotation":0,"texture":"#0","tintindex":0}}},{"from":[8.834807,8.374557,4.708741],"to":[9.819507,9.472646,5.10262],"rotation":{"angle":-22.5,"axis":"y","origin":[8.095528,7.2886696,5.6431417]},"faces":{"east":{"uv":[6.375,9.75,6.5,10.0],"rotation":0,"texture":"#0","tintindex":0},"south":{"uv":[1.5,14.25,1.75,14.5],"rotation":0,"texture":"#0","tintindex":0},"north":{"uv":[1.25,14.25,1.5,14.5],"rotation":0,"texture":"#0","tintindex":0},"west":{"uv":[10.125,7.25,10.25,7.5],"rotation":0,"texture":"#0","tintindex":0},"up":{"uv":[2.25,10.875,2.0,10.75],"rotation":0,"texture":"#0","tintindex":0},"down":{"uv":[11.0,7.875,10.75,8.0],"rotation":0,"texture":"#0","tintindex":0}}},{"from":[7.539462,9.688981,5.648631],"to":[8.721101,10.29472,8.845919],"rotation":{"angle":0.0,"axis":"y","origin":[8.095528,7.2886696,5.6431417]},"faces":{"east":{"uv":[14.125,1.25,14.875,1.375],"rotation":0,"texture":"#0","tintindex":0},"south":{"uv":[1.25,11.5,1.5,11.625],"rotation":0,"texture":"#0","tintindex":0},"north":{"uv":[3.0,11.0,3.25,11.125],"rotation":0,"texture":"#0","tintindex":0},"west":{"uv":[14.125,1.375,14.875,1.5],"rotation":0,"texture":"#0","tintindex":0},"up":{"uv":[6.625,10.625,6.875,11.5],"rotation":0,"texture":"#0","tintindex":0},"down":{"uv":[4.125,13.25,3.875,14.0],"rotation":0,"texture":"#0","tintindex":0}}},{"from":[6.6658363,9.734125,5.6352034],"to":[8.733704,10.275709,8.577347],"rotation":{"angle":22.5,"axis":"z","origin":[8.095528,7.2886696,5.6431417]},"faces":{"east":{"uv":[8.75,5.0,9.375,5.125],"rotation":0,"texture":"#0","tintindex":0},"south":{"uv":[6.375,4.625,6.875,4.75],"rotation":0,"texture":"#0","tintindex":0},"north":{"uv":[5.25,4.75,5.75,4.875],"rotation":0,"texture":"#0","tintindex":0},"west":{"uv":[12.25,4.375,12.875,4.5],"rotation":0,"texture":"#0","tintindex":0},"up":{"uv":[6.875,10.5,7.625,11.25],"rotation":0,"texture":"#0","tintindex":0},"down":{"uv":[2.125,12.625,1.625,13.25],"rotation":0,"texture":"#0","tintindex":0}}},{"from":[7.4954762,9.729523,5.6225214],"to":[9.538727,10.271108,8.577347],"rotation":{"angle":-22.5,"axis":"z","origin":[8.095528,7.2886696,5.6431417]},"faces":{"east":{"uv":[14.125,1.5,14.875,1.625],"rotation":0,"texture":"#0","tintindex":0},"south":{"uv":[13.25,10.125,13.75,10.25],"rotation":0,"texture":"#0","tintindex":0},"north":{"uv":[12.875,4.75,13.375,4.875],"rotation":0,"texture":"#0","tintindex":0},"west":{"uv":[14.125,1.625,14.875,1.75],"rotation":0,"texture":"#0","tintindex":0},"up":{"uv":[6.875,10.5,7.625,11.25],"rotation":0,"texture":"#0","tintindex":0},"down":{"uv":[12.875,7.625,12.375,8.375],"rotation":0,"texture":"#0","tintindex":0}}},{"from":[7.6838093,9.648464,6.384171],"to":[9.505503,11.667097,6.7780504],"rotation":{"angle":45.0,"axis":"z","origin":[8.095528,7.2886696,5.6431417]},"faces":{"east":{"uv":[5.625,7.375,5.75,7.875],"rotation":0,"texture":"#0","tintindex":0},"south":{"uv":[6.625,10.625,6.875,11.5],"rotation":0,"texture":"#0","tintindex":0},"north":{"uv":[3.125,13.375,3.5,13.875],"rotation":0,"texture":"#0","tintindex":0},"west":{"uv":[8.125,2.625,8.25,3.125],"rotation":0,"texture":"#0","tintindex":0},"up":{"uv":[9.75,6.125,9.375,6.0],"rotation":0,"texture":"#0","tintindex":0},"down":{"uv":[10.625,3.125,10.25,3.25],"rotation":0,"texture":"#0","tintindex":0}}},{"from":[7.880749,9.648464,6.7288156],"to":[9.259328,11.420922,7.1226954],"rotation":{"angle":45.0,"axis":"z","origin":[8.095528,7.2886696,5.6431417]},"faces":{"east":{"uv":[10.625,4.625,10.75,5.0],"rotation":0,"texture":"#0","tintindex":0},"south":{"uv":[6.625,10.625,6.875,11.5],"rotation":0,"texture":"#0","tintindex":0},"north":{"uv":[13.75,10.125,14.125,10.5],"rotation":0,"texture":"#0","tintindex":0},"west":{"uv":[5.75,10.625,5.875,11.0],"rotation":0,"texture":"#0","tintindex":0},"up":{"uv":[11.75,10.75,11.375,10.625],"rotation":0,"texture":"#0","tintindex":0},"down":{"uv":[11.875,1.125,11.5,1.25],"rotation":0,"texture":"#0","tintindex":0}}},{"from":[6.711864,9.674775,6.384171],"to":[8.533557,11.693408,6.7780504],"rotation":{"angle":-45.0,"axis":"z","origin":[8.095528,7.2886696,5.6431417]},"faces":{"east":{"uv":[8.5,0.875,8.625,1.375],"rotation":0,"texture":"#0","tintindex":0},"south":{"uv":[6.625,10.625,6.875,11.5],"rotation":0,"texture":"#0","tintindex":0},"north":{"uv":[4.5,13.375,4.875,13.875],"rotation":0,"texture":"#0","tintindex":0},"west":{"uv":[4.25,9.875,4.375,10.375],"rotation":0,"texture":"#0","tintindex":0},"up":{"uv":[13.125,10.625,12.75,10.5],"rotation":0,"texture":"#0","tintindex":0},"down":{"uv":[14.5,10.375,14.125,10.5],"rotation":0,"texture":"#0","tintindex":0}}},{"from":[6.958039,9.674775,6.7288156],"to":[8.336617,11.447233,7.1226954],"rotation":{"angle":-45.0,"axis":"z","origin":[8.095528,7.2886696,5.6431417]},"faces":{"east":{"uv":[11.25,2.125,11.375,2.5],"rotation":0,"texture":"#0","tintindex":0},"south":{"uv":[6.625,10.625,6.875,11.5],"rotation":0,"texture":"#0","tintindex":0},"north":{"uv":[0.75,13.875,1.125,14.25],"rotation":0,"texture":"#0","tintindex":0},"west":{"uv":[9.75,11.75,9.875,12.125],"rotation":0,"texture":"#0","tintindex":0},"up":{"uv":[14.5,11.375,14.125,11.25],"rotation":0,"texture":"#0","tintindex":0},"down":{"uv":[14.625,2.75,14.25,2.875],"rotation":0,"texture":"#0","tintindex":0}}},{"from":[6.702468,6.2947536,3.0973654],"to":[9.533478,7.8329725,5.3010025],"rotation":{"angle":0.0,"axis":"y","origin":[8.095528,7.2886696,5.6431417]},"faces":{"east":{"uv":[9.75,9.25,10.25,9.625],"rotation":0,"texture":"#0","tintindex":0},"south":{"uv":[13.0,12.25,13.625,12.625],"rotation":0,"texture":"#0","tintindex":0},"north":{"uv":[13.0,11.875,13.625,12.25],"rotation":0,"texture":"#0","tintindex":0},"west":{"uv":[13.5,6.75,14.0,7.125],"rotation":0,"texture":"#0","tintindex":0},"up":{"uv":[7.375,13.125,6.75,12.625],"rotation":0,"texture":"#0","tintindex":0},"down":{"uv":[13.125,12.625,12.5,13.125],"rotation":0,"texture":"#0","tintindex":0}}},{"from":[6.3085885,5.605295,3.6063442],"to":[9.927357,6.6884637,6.215796],"rotation":{"angle":22.5,"axis":"x","origin":[8.095528,7.2886696,5.6431417]},"faces":{"east":{"uv":[13.625,11.875,14.25,12.125],"rotation":0,"texture":"#0","tintindex":0},"south":{"uv":[13.125,12.625,14.0,12.875],"rotation":0,"texture":"#0","tintindex":0},"north":{"uv":[12.5,13.125,13.375,13.375],"rotation":0,"texture":"#0","tintindex":0},"west":{"uv":[13.625,12.375,14.25,12.625],"rotation":0,"texture":"#0","tintindex":0},"up":{"uv":[8.625,5.75,7.75,5.125],"rotation":0,"texture":"#0","tintindex":0},"down":{"uv":[12.25,3.875,11.375,4.5],"rotation":0,"texture":"#0","tintindex":0}}},{"from":[7.2711487,5.5451345,4.5087442],"to":[8.904637,6.6283035,6.215796],"rotation":{"angle":22.5,"axis":"x","origin":[8.095528,7.22851,5.6431417]},"faces":{"east":{"uv":[14.125,8.25,14.5,8.5],"rotation":0,"texture":"#0","tintindex":0},"south":{"uv":[14.125,8.5,14.5,8.75],"rotation":0,"texture":"#0","tintindex":0},"north":{"uv":[7.75,14.125,8.125,14.375],"rotation":0,"texture":"#0","tintindex":0},"west":{"uv":[14.125,8.75,14.5,9.0],"rotation":0,"texture":"#0","tintindex":0},"up":{"uv":[14.25,7.5,13.875,7.125],"rotation":0,"texture":"#0","tintindex":0},"down":{"uv":[14.25,7.5,13.875,7.875],"rotation":0,"texture":"#0","tintindex":0}}},{"from":[6.233409,7.262065,2.937725],"to":[7.9073973,8.394468,5.694882],"rotation":{"angle":22.5,"axis":"z","origin":[8.095528,7.2886696,5.6431417]},"faces":{"east":{"uv":[12.375,13.625,13.0,13.875],"rotation":0,"texture":"#0","tintindex":0},"south":{"uv":[3.5,14.125,3.875,14.375],"rotation":0,"texture":"#0","tintindex":0},"north":{"uv":[14.125,3.375,14.5,3.625],"rotation":0,"texture":"#0","tintindex":0},"west":{"uv":[13.625,12.375,14.25,12.625],"rotation":0,"texture":"#0","tintindex":0},"up":{"uv":[9.75,8.625,9.375,8.0],"rotation":0,"texture":"#0","tintindex":0},"down":{"uv":[11.75,12.5,11.375,13.125],"rotation":0,"texture":"#0","tintindex":0}}},{"from":[6.603998,6.158984,2.98696],"to":[7.9333415,7.1929183,3.9716587],"rotation":{"angle":0.0,"axis":"y","origin":[8.095528,7.2886696,5.6431417]},"faces":{"east":{"uv":[14.25,1.75,14.5,2.0],"rotation":0,"texture":"#0","tintindex":0},"south":{"uv":[2.0,14.25,2.25,14.5],"rotation":0,"texture":"#0","tintindex":0},"north":{"uv":[1.75,14.25,2.0,14.5],"rotation":0,"texture":"#0","tintindex":0},"west":{"uv":[2.625,14.25,2.875,14.5],"rotation":0,"texture":"#0","tintindex":0},"up":{"uv":[3.125,14.5,2.875,14.25],"rotation":0,"texture":"#0","tintindex":0},"down":{"uv":[3.375,14.25,3.125,14.5],"rotation":0,"texture":"#0","tintindex":0}}},{"from":[8.245688,6.158984,2.98696],"to":[9.575031,7.1929183,3.9716587],"rotation":{"angle":0.0,"axis":"y","origin":[8.095528,7.2886696,5.6431417]},"faces":{"east":{"uv":[4.5,14.25,4.75,14.5],"rotation":0,"texture":"#0","tintindex":0},"south":{"uv":[14.25,5.5,14.5,5.75],"rotation":0,"texture":"#0","tintindex":0},"north":{"uv":[14.25,4.375,14.5,4.625],"rotation":0,"texture":"#0","tintindex":0},"west":{"uv":[14.25,5.75,14.5,6.0],"rotation":0,"texture":"#0","tintindex":0},"up":{"uv":[6.25,14.5,6.0,14.25],"rotation":0,"texture":"#0","tintindex":0},"down":{"uv":[14.5,6.0,14.25,6.25],"rotation":0,"texture":"#0","tintindex":0}}},{"from":[8.268801,7.2763047,2.937725],"to":[9.992023,8.408709,5.694882],"rotation":{"angle":-22.5,"axis":"z","origin":[8.095528,7.2886696,5.6431417]},"faces":{"east":{"uv":[13.625,13.125,14.25,13.375],"rotation":0,"texture":"#0","tintindex":0},"south":{"uv":[4.125,14.125,4.5,14.375],"rotation":0,"texture":"#0","tintindex":0},"north":{"uv":[14.125,3.625,14.5,3.875],"rotation":0,"texture":"#0","tintindex":0},"west":{"uv":[13.625,13.375,14.25,13.625],"rotation":0,"texture":"#0","tintindex":0},"up":{"uv":[4.5,13.625,4.125,13.0],"rotation":0,"texture":"#0","tintindex":0},"down":{"uv":[6.0,13.0,5.625,13.625],"rotation":0,"texture":"#0","tintindex":0}}},{"from":[7.2440524,7.7961907,4.486015],"to":[8.991893,9.814823,5.9138284],"rotation":{"angle":-45.0,"axis":"x","origin":[8.095528,7.2886696,5.6431417]},"faces":{"east":{"uv":[13.5,7.125,13.875,7.625],"rotation":0,"texture":"#0","tintindex":0},"south":{"uv":[7.5,13.5,7.875,14.0],"rotation":0,"texture":"#0","tintindex":0},"north":{"uv":[7.125,13.5,7.5,14.0],"rotation":0,"texture":"#0","tintindex":0},"west":{"uv":[13.5,7.625,13.875,8.125],"rotation":0,"texture":"#0","tintindex":0},"up":{"uv":[3.5,14.25,3.125,13.875],"rotation":0,"texture":"#0","tintindex":0},"down":{"uv":[4.875,13.875,4.5,14.25],"rotation":0,"texture":"#0","tintindex":0}}},{"from":[7.096348,7.8969946,4.9073973],"to":[9.139598,9.718687,6.4336805],"rotation":{"angle":-22.5,"axis":"x","origin":[8.095528,7.2886696,5.6431417]},"faces":{"east":{"uv":[13.875,5.75,14.25,6.125],"rotation":0,"texture":"#0","tintindex":0},"south":{"uv":[11.625,13.5,12.125,13.875],"rotation":0,"texture":"#0","tintindex":0},"north":{"uv":[7.875,13.5,8.375,13.875],"rotation":0,"texture":"#0","tintindex":0},"west":{"uv":[13.875,6.125,14.25,6.5],"rotation":0,"texture":"#0","tintindex":0},"up":{"uv":[0.5,14.0,0.0,13.625],"rotation":0,"texture":"#0","tintindex":0},"down":{"uv":[8.875,13.625,8.375,14.0],"rotation":0,"texture":"#0","tintindex":0}}},{"from":[6.899408,7.669384,3.929532],"to":[9.435007,9.097198,5.1604056],"rotation":{"angle":-45.0,"axis":"x","origin":[8.095528,7.2886696,5.6431417]},"faces":{"east":{"uv":[14.125,4.625,14.375,5.0],"rotation":0,"texture":"#0","tintindex":0},"south":{"uv":[6.625,13.125,7.25,13.5],"rotation":0,"texture":"#0","tintindex":0},"north":{"uv":[6.0,13.125,6.625,13.5],"rotation":0,"texture":"#0","tintindex":0},"west":{"uv":[4.875,14.125,5.125,14.5],"rotation":0,"texture":"#0","tintindex":0},"up":{"uv":[14.25,13.875,13.625,13.625],"rotation":0,"texture":"#0","tintindex":0},"down":{"uv":[2.0,13.75,1.375,14.0],"rotation":0,"texture":"#0","tintindex":0}}},{"from":[6.850173,7.3086743,4.4914646],"to":[9.484242,8.785723,5.497051],"rotation":{"angle":-22.5,"axis":"x","origin":[8.095528,7.2886696,5.6431417]},"faces":{"east":{"uv":[14.125,5.0,14.375,5.375],"rotation":0,"texture":"#0","tintindex":0},"south":{"uv":[13.125,8.25,13.75,8.625],"rotation":0,"texture":"#0","tintindex":0},"north":{"uv":[7.25,13.125,7.875,13.5],"rotation":0,"texture":"#0","tintindex":0},"west":{"uv":[5.125,14.125,5.375,14.5],"rotation":0,"texture":"#0","tintindex":0},"up":{"uv":[14.375,2.25,13.75,2.0],"rotation":0,"texture":"#0","tintindex":0},"down":{"uv":[14.375,2.25,13.75,2.5],"rotation":0,"texture":"#0","tintindex":0}}},{"from":[6.210119,7.3833666,5.1176214],"to":[10.001209,8.4173,6.643905],"rotation":{"angle":-45.0,"axis":"x","origin":[8.095528,7.2886696,5.6431417]},"faces":{"east":{"uv":[14.125,4.125,14.5,4.375],"rotation":0,"texture":"#0","tintindex":0},"south":{"uv":[1.125,13.25,2.0,13.5],"rotation":0,"texture":"#0","tintindex":0},"north":{"uv":[13.125,12.875,14.0,13.125],"rotation":0,"texture":"#0","tintindex":0},"west":{"uv":[5.375,14.125,5.75,14.375],"rotation":0,"texture":"#0","tintindex":0},"up":{"uv":[8.5,7.0,7.625,6.625],"rotation":0,"texture":"#0","tintindex":0},"down":{"uv":[13.25,9.875,12.375,10.25],"rotation":0,"texture":"#0","tintindex":0}}},{"from":[7.1948175,9.2647915,3.9036427],"to":[9.041128,9.904846,4.592932],"rotation":{"angle":-45.0,"axis":"x","origin":[8.095528,7.2886696,5.6431417]},"faces":{"east":{"uv":[14.375,4.625,14.5,4.75],"rotation":0,"texture":"#0","tintindex":0},"south":{"uv":[14.25,6.25,14.625,6.375],"rotation":0,"texture":"#0","tintindex":0},"north":{"uv":[6.25,14.25,6.625,14.375],"rotation":0,"texture":"#0","tintindex":0},"west":{"uv":[14.375,4.75,14.5,4.875],"rotation":0,"texture":"#0","tintindex":0},"up":{"uv":[14.625,6.5,14.25,6.375],"rotation":0,"texture":"#0","tintindex":0},"down":{"uv":[14.625,6.5,14.25,6.625],"rotation":0,"texture":"#0","tintindex":0}}},{"from":[6.962147,5.3095264,3.390822],"to":[7.3351393,6.6149983,3.763814],"rotation":{"angle":0.0,"axis":"y","origin":[8.095528,7.2886696,5.6431417]},"faces":{"east":{"uv":[6.25,11.0,6.375,11.25],"rotation":0,"texture":"#0","tintindex":0},"south":{"uv":[11.875,1.875,12.0,2.125],"rotation":0,"texture":"#0","tintindex":0},"north":{"uv":[5.0,10.375,5.125,10.625],"rotation":0,"texture":"#0","tintindex":0},"west":{"uv":[8.625,12.125,8.75,12.375],"rotation":0,"texture":"#0","tintindex":0},"up":{"uv":[14.5,5.0,14.375,4.875],"rotation":0,"texture":"#0","tintindex":0},"down":{"uv":[14.5,5.0,14.375,5.125],"rotation":0,"texture":"#0","tintindex":0}}},{"from":[6.9104095,5.927971,3.8696961],"to":[7.2834015,7.084246,4.242688],"rotation":{"angle":0.0,"axis":"y","origin":[8.095528,7.2886696,5.6431417]},"faces":{"east":{"uv":[12.25,5.625,12.375,5.875],"rotation":0,"texture":"#0","tintindex":0},"south":{"uv":[3.5,12.375,3.625,12.625],"rotation":0,"texture":"#0","tintindex":0},"north":{"uv":[9.75,12.125,9.875,12.375],"rotation":0,"texture":"#0","tintindex":0},"west":{"uv":[8.625,12.375,8.75,12.625],"rotation":0,"texture":"#0","tintindex":0},"up":{"uv":[14.5,5.25,14.375,5.125],"rotation":0,"texture":"#0","tintindex":0},"down":{"uv":[14.5,5.25,14.375,5.375],"rotation":0,"texture":"#0","tintindex":0}}},{"from":[7.4325986,5.9857244,3.6086016],"to":[7.8055906,6.8436065,3.9815936],"rotation":{"angle":0.0,"axis":"y","origin":[8.095528,7.2886696,5.6431417]},"faces":{"east":{"uv":[13.25,13.375,13.375,13.625],"rotation":0,"texture":"#0","tintindex":0},"south":{"uv":[8.875,13.625,9.0,13.875],"rotation":0,"texture":"#0","tintindex":0},"north":{"uv":[9.0,13.125,9.125,13.375],"rotation":0,"texture":"#0","tintindex":0},"west":{"uv":[2.0,13.75,2.125,14.0],"rotation":0,"texture":"#0","tintindex":0},"up":{"uv":[5.5,14.5,5.375,14.375],"rotation":0,"texture":"#0","tintindex":0},"down":{"uv":[5.625,14.375,5.5,14.5],"rotation":0,"texture":"#0","tintindex":0}}},{"from":[8.29048,5.9857244,3.6086016],"to":[8.663472,6.8436065,3.9815936],"rotation":{"angle":0.0,"axis":"y","origin":[8.095528,7.2886696,5.6431417]},"faces":{"east":{"uv":[2.625,14.0,2.75,14.25],"rotation":0,"texture":"#0","tintindex":0},"south":{"uv":[8.125,14.125,8.25,14.375],"rotation":0,"texture":"#0","tintindex":0},"north":{"uv":[0.375,14.0,0.5,14.25],"rotation":0,"texture":"#0","tintindex":0},"west":{"uv":[11.875,14.125,12.0,14.375],"rotation":0,"texture":"#0","tintindex":0},"up":{"uv":[5.75,14.5,5.625,14.375],"rotation":0,"texture":"#0","tintindex":0},"down":{"uv":[5.875,14.375,5.75,14.5],"rotation":0,"texture":"#0","tintindex":0}}},{"from":[7.880189,5.9857244,3.6086016],"to":[8.2531805,6.8436065,3.9815936],"rotation":{"angle":0.0,"axis":"y","origin":[8.095528,7.2886696,5.6431417]},"faces":{"east":{"uv":[2.25,14.25,2.375,14.5],"rotation":0,"texture":"#0","tintindex":0},"south":{"uv":[3.375,14.25,3.5,14.5],"rotation":0,"texture":"#0","tintindex":0},"north":{"uv":[12.875,14.125,13.0,14.375],"rotation":0,"texture":"#0","tintindex":0},"west":{"uv":[4.75,14.25,4.875,14.5],"rotation":0,"texture":"#0","tintindex":0},"up":{"uv":[6.0,14.5,5.875,14.375],"rotation":0,"texture":"#0","tintindex":0},"down":{"uv":[6.375,14.375,6.25,14.5],"rotation":0,"texture":"#0","tintindex":0}}},{"from":[8.887267,5.927971,3.8696961],"to":[9.26026,7.084246,4.242688],"rotation":{"angle":0.0,"axis":"y","origin":[8.095528,7.2886696,5.6431417]},"faces":{"east":{"uv":[14.25,6.625,14.375,6.875],"rotation":0,"texture":"#0","tintindex":0},"south":{"uv":[14.25,6.875,14.375,7.125],"rotation":0,"texture":"#0","tintindex":0},"north":{"uv":[6.625,14.25,6.75,14.5],"rotation":0,"texture":"#0","tintindex":0},"west":{"uv":[7.0,14.25,7.125,14.5],"rotation":0,"texture":"#0","tintindex":0},"up":{"uv":[6.5,14.5,6.375,14.375],"rotation":0,"texture":"#0","tintindex":0},"down":{"uv":[6.625,14.375,6.5,14.5],"rotation":0,"texture":"#0","tintindex":0}}},{"from":[6.9104095,5.807651,4.5037823],"to":[7.2834015,6.9639263,4.8767743],"rotation":{"angle":0.0,"axis":"y","origin":[8.095528,7.2886696,5.6431417]},"faces":{"east":{"uv":[14.25,7.125,14.375,7.375],"rotation":0,"texture":"#0","tintindex":0},"south":{"uv":[7.25,14.25,7.375,14.5],"rotation":0,"texture":"#0","tintindex":0},"north":{"uv":[7.125,14.25,7.25,14.5],"rotation":0,"texture":"#0","tintindex":0},"west":{"uv":[7.375,14.25,7.5,14.5],"rotation":0,"texture":"#0","tintindex":0},"up":{"uv":[14.5,6.75,14.375,6.625],"rotation":0,"texture":"#0","tintindex":0},"down":{"uv":[6.875,14.375,6.75,14.5],"rotation":0,"texture":"#0","tintindex":0}}},{"from":[8.849968,5.807651,4.5037823],"to":[9.22296,6.9639263,4.8767743],"rotation":{"angle":0.0,"axis":"y","origin":[8.095528,7.2886696,5.6431417]},"faces":{"east":{"uv":[7.5,14.25,7.625,14.5],"rotation":0,"texture":"#0","tintindex":0},"south":{"uv":[7.625,14.25,7.75,14.5],"rotation":0,"texture":"#0","tintindex":0},"north":{"uv":[14.25,7.375,14.375,7.625],"rotation":0,"texture":"#0","tintindex":0},"west":{"uv":[14.25,7.625,14.375,7.875],"rotation":0,"texture":"#0","tintindex":0},"up":{"uv":[14.5,6.875,14.375,6.75],"rotation":0,"texture":"#0","tintindex":0},"down":{"uv":[7.0,14.375,6.875,14.5],"rotation":0,"texture":"#0","tintindex":0}}},{"from":[8.760931,5.2722273,3.390822],"to":[9.133924,6.6149983,3.763814],"rotation":{"angle":0.0,"axis":"y","origin":[8.095528,7.2886696,5.6431417]},"faces":{"east":{"uv":[9.0,14.25,9.125,14.5],"rotation":0,"texture":"#0","tintindex":0},"south":{"uv":[9.125,14.25,9.25,14.5],"rotation":0,"texture":"#0","tintindex":0},"north":{"uv":[14.25,7.875,14.375,8.125],"rotation":0,"texture":"#0","tintindex":0},"west":{"uv":[9.25,14.25,9.375,14.5],"rotation":0,"texture":"#0","tintindex":0},"up":{"uv":[14.5,7.0,14.375,6.875],"rotation":0,"texture":"#0","tintindex":0},"down":{"uv":[14.5,7.0,14.375,7.125],"rotation":0,"texture":"#0","tintindex":0}}}],"display":{"head":{"translation":[0.0,-6.4,0.0],"scale":[4.0,4.0,4.0]}}}