{"textures":{"0":"modelengine:entity/lion"},"elements":[{"from":[5.89824,6.554537,5.0910625],"to":[9.933257,9.70112,9.181943],"rotation":{"angle":0.0,"axis":"y","origin":[4.7874284,3.9257598,9.723383]},"faces":{"east":{"uv":[6.875,10.5,7.625,11.25],"rotation":0,"texture":"#0","tintindex":0},"south":{"uv":[0.0,6.75,1.125,7.625],"rotation":0,"texture":"#0","tintindex":0},"north":{"uv":[6.875,10.5,7.625,11.25],"rotation":0,"texture":"#0","tintindex":0},"west":{"uv":[3.0,7.5,2.125,8.5],"rotation":0,"texture":"#0","tintindex":0},"up":{"uv":[6.875,10.5,7.625,11.25],"rotation":0,"texture":"#0","tintindex":0},"down":{"uv":[7.625,2.25,6.5,3.25],"rotation":0,"texture":"#0","tintindex":0}}},{"from":[6.1711082,5.9389715,4.9105825],"to":[9.540069,10.1824,8.941303],"rotation":{"angle":0.0,"axis":"y","origin":[4.6671085,4.4070396,9.542903]},"faces":{"east":{"uv":[6.875,10.5,7.625,11.25],"rotation":0,"texture":"#0","tintindex":0},"south":{"uv":[6.5,9.0,7.25,10.0],"rotation":0,"texture":"#0","tintindex":0},"north":{"uv":[5.75,4.875,4.75,6.375],"rotation":0,"texture":"#0","tintindex":0},"west":{"uv":[6.875,10.5,7.625,11.25],"rotation":0,"texture":"#0","tintindex":0},"up":{"uv":[6.875,10.5,7.625,11.25],"rotation":0,"texture":"#0","tintindex":0},"down":{"uv":[5.75,4.875,4.75,6.375],"rotation":0,"texture":"#0","tintindex":0}}},{"from":[6.2914286,6.0313597,5.484251],"to":[9.660389,10.274789,8.709257],"rotation":{"angle":0.0,"axis":"y","origin":[4.7874284,4.7679996,10.385143]},"faces":{"east":{"uv":[6.875,10.5,7.625,11.25],"rotation":0,"texture":"#0","tintindex":0},"south":{"uv":[8.625,7.625,9.375,8.625],"rotation":0,"texture":"#0","tintindex":0},"north":{"uv":[6.875,10.5,7.625,11.25],"rotation":0,"texture":"#0","tintindex":0},"west":{"uv":[6.875,10.5,7.625,11.25],"rotation":0,"texture":"#0","tintindex":0},"up":{"uv":[6.875,10.5,7.625,11.25],"rotation":0,"texture":"#0","tintindex":0},"down":{"uv":[0.75,10.75,0.0,11.5],"rotation":0,"texture":"#0","tintindex":0}}}],"display":{"head":{"translation":[0.0,-6.4,0.0],"scale":[4.0,4.0,4.0]}}}