{"textures":{"0":"modelengine:entity/lion"},"elements":[{"from":[6.8822856,5.4534855,7.162286],"to":[10.105143,9.696915,11.029715],"rotation":{"angle":-22.5,"axis":"x","origin":[6.2914286,4.68,6.84]},"faces":{"east":{"uv":[3.25,7.375,4.125,8.375],"rotation":0,"texture":"#0","tintindex":0},"south":{"uv":[1.75,8.5,2.5,9.5],"rotation":0,"texture":"#0","tintindex":0},"north":{"uv":[6.75,8.0,7.5,9.0],"rotation":0,"texture":"#0","tintindex":0},"west":{"uv":[7.375,3.25,8.25,4.25],"rotation":0,"texture":"#0","tintindex":0},"up":{"uv":[5.125,10.375,4.375,9.5],"rotation":0,"texture":"#0","tintindex":0},"down":{"uv":[8.0,9.625,7.25,10.5],"rotation":0,"texture":"#0","tintindex":0}}},{"from":[6.936,6.989714,8.773714],"to":[9.782857,10.910857,10.438857],"rotation":{"angle":0.0,"axis":"y","origin":[10.964572,3.928,6.7862854]},"faces":{"east":{"uv":[9.75,12.375,10.125,13.25],"rotation":0,"texture":"#0","tintindex":0},"south":{"uv":[6.25,11.25,6.875,12.125],"rotation":0,"texture":"#0","tintindex":0},"north":{"uv":[11.25,1.25,11.875,2.125],"rotation":0,"texture":"#0","tintindex":0},"west":{"uv":[12.375,11.125,12.75,12.0],"rotation":0,"texture":"#0","tintindex":0},"up":{"uv":[13.5,2.125,12.875,1.75],"rotation":0,"texture":"#0","tintindex":0},"down":{"uv":[13.5,2.125,12.875,2.5],"rotation":0,"texture":"#0","tintindex":0}}}],"display":{"head":{"translation":[0.0,-6.4,0.0],"scale":[4.0,4.0,4.0]}}}