{"textures":{"0":"modelengine:entity/zombiebossz"},"elements":[{"from":[-1.0,-5.500002,3.5],"to":[17.0,11.0,12.5],"faces":{"east":{"uv":[0.0,5.625,1.125,7.75],"tintindex":0,"rotation":0,"texture":"#0"},"south":{"uv":[0.0,2.125,2.25,4.25],"tintindex":0,"rotation":0,"texture":"#0"},"north":{"uv":[0.0,0.0,2.25,2.125],"tintindex":0,"rotation":0,"texture":"#0"},"west":{"uv":[6.0,0.0,7.125,2.125],"tintindex":0,"rotation":0,"texture":"#0"},"up":{"uv":[4.125,6.375,1.875,5.25],"tintindex":0,"rotation":0,"texture":"#0"},"down":{"uv":[6.375,5.875,4.125,7.0],"tintindex":0,"rotation":0,"texture":"#0"}}}],"display":{"gui":{"rotation":[30,225,0]}}}