{"textures":{"0":"modelengine:entity/zombiebossz"},"elements":[{"from":[0.5,0.5,3.5],"to":[15.5,11.000002,12.5],"faces":{"east":{"uv":[3.75,7.0,4.875,8.375],"tintindex":0,"rotation":0,"texture":"#0"},"south":{"uv":[4.125,4.5,6.0,5.875],"tintindex":0,"rotation":0,"texture":"#0"},"north":{"uv":[0.0,4.25,1.875,5.625],"tintindex":0,"rotation":0,"texture":"#0"},"west":{"uv":[4.875,7.0,6.0,8.375],"tintindex":0,"rotation":0,"texture":"#0"},"up":{"uv":[7.875,3.25,6.0,2.125],"tintindex":0,"rotation":0,"texture":"#0"},"down":{"uv":[7.875,3.25,6.0,4.375],"tintindex":0,"rotation":0,"texture":"#0"}}}],"display":{"gui":{"rotation":[30,225,0]}}}