{"textures":{"0":"modelengine:entity/zombiebossz"},"elements":[{"from":[3.722488,-2.532528,1.3458233],"to":[11.222488,10.967472,8.845823],"faces":{"east":{"uv":[6.875,7.25,7.75,8.875],"tintindex":0,"rotation":0,"texture":"#0"},"south":{"uv":[7.5,4.375,8.375,6.0],"tintindex":0,"rotation":0,"texture":"#0"},"north":{"uv":[6.0,7.25,6.875,8.875],"tintindex":0,"rotation":0,"texture":"#0"},"west":{"uv":[0.0,7.75,0.875,9.375],"tintindex":0,"rotation":0,"texture":"#0"},"up":{"uv":[5.125,11.125,4.25,10.25],"tintindex":0,"rotation":0,"texture":"#0"},"down":{"uv":[11.375,2.25,10.5,3.125],"tintindex":0,"rotation":0,"texture":"#0"}}},{"from":[4.3184967,-13.391809,3.532434],"to":[10.318497,1.6081905,9.532434],"faces":{"east":{"uv":[4.875,8.375,5.625,10.25],"tintindex":0,"rotation":0,"texture":"#0"},"south":{"uv":[8.625,0.0,9.375,1.875],"tintindex":0,"rotation":0,"texture":"#0"},"north":{"uv":[4.125,8.375,4.875,10.25],"tintindex":0,"rotation":0,"texture":"#0"},"west":{"uv":[8.625,1.875,9.375,3.75],"tintindex":0,"rotation":0,"texture":"#0"},"up":{"uv":[11.625,0.75,10.875,0.0],"tintindex":0,"rotation":0,"texture":"#0"},"down":{"uv":[11.625,0.75,10.875,1.5],"tintindex":0,"rotation":0,"texture":"#0"}},"rotation":{"origin":[9.107662,-3.8573484,8.503828],"angle":-22.5,"axis":"x"}}],"display":{"gui":{"rotation":[30,225,0]}}}