{"textures":{"0":"modelengine:entity/zombiebossz"},"elements":[{"from":[6.5,-1.0,5.0],"to":[12.5,11.0,11.0],"faces":{"east":{"uv":[9.375,8.125,10.125,9.625],"tintindex":0,"rotation":0,"texture":"#0"},"south":{"uv":[8.625,9.5,9.375,11.0],"tintindex":0,"rotation":0,"texture":"#0"},"north":{"uv":[9.375,6.625,10.125,8.125],"tintindex":0,"rotation":0,"texture":"#0"},"west":{"uv":[9.375,9.625,10.125,11.125],"tintindex":0,"rotation":0,"texture":"#0"},"up":{"uv":[5.875,11.5,5.125,10.75],"tintindex":0,"rotation":0,"texture":"#0"},"down":{"uv":[6.625,10.75,5.875,11.5],"tintindex":0,"rotation":0,"texture":"#0"}}},{"from":[6.6499996,-14.35,5.75],"to":[12.349999,0.6500015,11.75],"faces":{"east":{"uv":[2.625,7.875,3.375,9.75],"tintindex":0,"rotation":0,"texture":"#0"},"south":{"uv":[3.375,8.375,4.125,10.25],"tintindex":0,"rotation":0,"texture":"#0"},"north":{"uv":[7.875,2.0,8.625,3.875],"tintindex":0,"rotation":0,"texture":"#0"},"west":{"uv":[8.375,3.875,9.125,5.75],"tintindex":0,"rotation":0,"texture":"#0"},"up":{"uv":[1.875,6.375,1.125,5.625],"tintindex":0,"rotation":0,"texture":"#0"},"down":{"uv":[11.375,4.0,10.625,4.75],"tintindex":0,"rotation":0,"texture":"#0"}},"rotation":{"origin":[9.5,2.0,8.0],"angle":22.5,"axis":"x"}}],"display":{"gui":{"rotation":[30,225,0]}}}