{"textures":{"0":"modelengine:entity/zc_scavenger"},"elements":[{"from":[5.714286,6.428571,5.285714],"to":[10.285714,11.0,10.428572],"rotation":{"angle":-22.5,"axis":"x","origin":[8.0,3.0,9.0]},"faces":{"east":{"uv":[0.0,0.0,2.25,2.0],"rotation":0,"texture":"#0","tintindex":0},"south":{"uv":[4.25,3.5,6.25,5.5],"rotation":0,"texture":"#0","tintindex":0},"north":{"uv":[0.0,4.0,2.0,6.0],"rotation":0,"texture":"#0","tintindex":0},"west":{"uv":[0.0,2.0,2.25,4.0],"rotation":0,"texture":"#0","tintindex":0},"up":{"uv":[4.25,2.25,2.25,0.0],"rotation":0,"texture":"#0","tintindex":0},"down":{"uv":[4.25,2.25,2.25,4.5],"rotation":0,"texture":"#0","tintindex":0}}},{"from":[5.142857,7.2433977,1.9379296],"to":[6.285714,8.386255,3.652215],"rotation":{"angle":-22.5,"axis":"x","origin":[6.285714,10.100541,8.223644]},"faces":{"east":{"uv":[10.5,3.25,11.25,3.75],"rotation":0,"texture":"#0","tintindex":0},"south":{"uv":[10.75,8.25,11.25,8.75],"rotation":0,"texture":"#0","tintindex":0},"north":{"uv":[10.75,7.75,11.25,8.25],"rotation":0,"texture":"#0","tintindex":0},"west":{"uv":[3.75,10.5,4.5,11.0],"rotation":0,"texture":"#0","tintindex":0},"up":{"uv":[11.0,4.5,10.5,3.75],"rotation":0,"texture":"#0","tintindex":0},"down":{"uv":[11.0,4.5,10.5,5.25],"rotation":0,"texture":"#0","tintindex":0}}},{"from":[4.5714283,7.5961504,1.9814272],"to":[5.714286,7.5961504,5.981427],"rotation":{"angle":-22.5,"axis":"x","origin":[6.285714,9.881865,7.695713]},"faces":{"east":{"uv":[0.0,0.0,1.75,0.0],"rotation":0,"texture":"#0","tintindex":0},"south":{"uv":[0.0,0.0,0.5,0.0],"rotation":0,"texture":"#0","tintindex":0},"north":{"uv":[0.0,0.0,0.5,0.0],"rotation":0,"texture":"#0","tintindex":0},"west":{"uv":[0.0,0.0,1.75,0.0],"rotation":0,"texture":"#0","tintindex":0},"up":{"uv":[5.25,10.75,4.75,9.0],"rotation":0,"texture":"#0","tintindex":0},"down":{"uv":[5.75,9.0,5.25,10.75],"rotation":0,"texture":"#0","tintindex":0}}},{"from":[4.5714283,6.8906455,4.180146],"to":[5.714286,11.462074,4.180146],"rotation":{"angle":-22.5,"axis":"x","origin":[6.285714,10.319218,8.751575]},"faces":{"east":{"uv":[0.0,0.0,0.0,2.0],"rotation":0,"texture":"#0","tintindex":0},"south":{"uv":[7.5,8.25,8.0,10.25],"rotation":0,"texture":"#0","tintindex":0},"north":{"uv":[3.25,8.0,3.75,10.0],"rotation":0,"texture":"#0","tintindex":0},"west":{"uv":[0.0,0.0,0.0,2.0],"rotation":0,"texture":"#0","tintindex":0},"up":{"uv":[0.5,0.0,0.0,0.0],"rotation":0,"texture":"#0","tintindex":0},"down":{"uv":[0.5,0.0,0.0,0.0],"rotation":0,"texture":"#0","tintindex":0}}},{"from":[4.0,7.6719694,4.7950726],"to":[8.571428,9.957684,4.7950726],"rotation":{"angle":22.5,"axis":"x","origin":[6.285714,10.100541,8.223644]},"faces":{"east":{"uv":[0.0,0.0,0.0,1.0],"rotation":0,"texture":"#0","tintindex":0},"south":{"uv":[11.0,3.75,13.0,4.75],"rotation":0,"texture":"#0","tintindex":0},"north":{"uv":[11.0,1.25,13.0,2.25],"rotation":0,"texture":"#0","tintindex":0},"west":{"uv":[0.0,0.0,0.0,1.0],"rotation":0,"texture":"#0","tintindex":0},"up":{"uv":[2.0,0.0,0.0,0.0],"rotation":0,"texture":"#0","tintindex":0},"down":{"uv":[2.0,0.0,0.0,0.0],"rotation":0,"texture":"#0","tintindex":0}}}],"display":{"head":{"translation":[0.0,-6.4,0.0],"scale":[4.0,4.0,4.0]}}}