{"textures":{"0":"modelengine:entity/zc_scavenger"},"elements":[{"from":[7.285714,6.212183,6.157215],"to":[9.0,10.212183,7.871501],"rotation":{"angle":45.0,"axis":"x","origin":[10.714286,7.783612,5.4429293]},"faces":{"east":{"uv":[8.25,3.75,9.0,5.5],"rotation":0,"texture":"#0","tintindex":0},"south":{"uv":[6.0,8.25,6.75,10.0],"rotation":0,"texture":"#0","tintindex":0},"north":{"uv":[8.25,2.0,9.0,3.75],"rotation":0,"texture":"#0","tintindex":0},"west":{"uv":[6.75,8.25,7.5,10.0],"rotation":0,"texture":"#0","tintindex":0},"up":{"uv":[10.75,8.0,10.0,7.25],"rotation":0,"texture":"#0","tintindex":0},"down":{"uv":[10.75,8.0,10.0,8.75],"rotation":0,"texture":"#0","tintindex":0}}}],"display":{"head":{"translation":[0.0,-6.4,0.0],"scale":[4.0,4.0,4.0]}}}