{"textures":{"0":"modelengine:entity/zc_scavenger"},"elements":[{"from":[7.5714283,5.044467,7.6592646],"to":[8.714286,8.473039,8.802121],"rotation":{"angle":-22.5,"axis":"x","origin":[10.142858,7.3301816,8.230693]},"faces":{"east":{"uv":[2.75,9.75,3.25,11.25],"rotation":0,"texture":"#0","tintindex":0},"south":{"uv":[9.0,9.75,9.5,11.25],"rotation":0,"texture":"#0","tintindex":0},"north":{"uv":[2.25,9.75,2.75,11.25],"rotation":0,"texture":"#0","tintindex":0},"west":{"uv":[3.25,10.0,3.75,11.5],"rotation":0,"texture":"#0","tintindex":0},"up":{"uv":[11.25,7.25,10.75,6.75],"rotation":0,"texture":"#0","tintindex":0},"down":{"uv":[11.25,7.25,10.75,7.75],"rotation":0,"texture":"#0","tintindex":0}}},{"from":[7.0,5.528901,7.7933407],"to":[8.142858,6.671758,8.936197],"rotation":{"angle":-22.5,"axis":"x","origin":[8.142858,8.386044,7.7933407]},"faces":{"east":{"uv":[1.0,10.75,1.5,11.25],"rotation":0,"texture":"#0","tintindex":0},"south":{"uv":[1.5,10.75,2.0,11.25],"rotation":0,"texture":"#0","tintindex":0},"north":{"uv":[10.75,0.5,11.25,1.0],"rotation":0,"texture":"#0","tintindex":0},"west":{"uv":[10.75,2.5,11.25,3.0],"rotation":0,"texture":"#0","tintindex":0},"up":{"uv":[5.0,11.25,4.5,10.75],"rotation":0,"texture":"#0","tintindex":0},"down":{"uv":[5.5,10.75,5.0,11.25],"rotation":0,"texture":"#0","tintindex":0}}},{"from":[7.0,5.528901,7.7933407],"to":[9.285714,5.528901,9.507627],"rotation":{"angle":-22.5,"axis":"x","origin":[8.142858,8.386044,7.7933407]},"faces":{"east":{"uv":[0.0,0.0,0.75,0.0],"rotation":0,"texture":"#0","tintindex":0},"south":{"uv":[0.0,0.0,1.0,0.0],"rotation":0,"texture":"#0","tintindex":0},"north":{"uv":[0.0,0.0,1.0,0.0],"rotation":0,"texture":"#0","tintindex":0},"west":{"uv":[0.0,0.0,0.75,0.0],"rotation":0,"texture":"#0","tintindex":0},"up":{"uv":[10.5,4.25,9.5,3.5],"rotation":0,"texture":"#0","tintindex":0},"down":{"uv":[10.5,4.25,9.5,5.0],"rotation":0,"texture":"#0","tintindex":0}}},{"from":[6.428571,6.1003294,6.079055],"to":[8.714286,6.1003294,7.7933407],"rotation":{"angle":-22.5,"axis":"x","origin":[8.142858,8.386044,7.7933407]},"faces":{"east":{"uv":[0.0,0.0,0.75,0.0],"rotation":0,"texture":"#0","tintindex":0},"south":{"uv":[0.0,0.0,1.0,0.0],"rotation":0,"texture":"#0","tintindex":0},"north":{"uv":[0.0,0.0,1.0,0.0],"rotation":0,"texture":"#0","tintindex":0},"west":{"uv":[0.0,0.0,0.75,0.0],"rotation":0,"texture":"#0","tintindex":0},"up":{"uv":[10.5,5.75,9.5,5.0],"rotation":0,"texture":"#0","tintindex":0},"down":{"uv":[10.5,5.75,9.5,6.5],"rotation":0,"texture":"#0","tintindex":0}}}],"display":{"head":{"translation":[0.0,-6.4,0.0],"scale":[4.0,4.0,4.0]}}}