{"textures":{"0":"modelengine:entity/zc_scavenger"},"elements":[{"from":[5.714286,8.142858,6.285714],"to":[10.285714,12.142858,8.571428],"rotation":{"angle":-22.5,"axis":"x","origin":[8.0,10.428572,6.285714]},"faces":{"east":{"uv":[5.0,7.25,6.0,9.0],"rotation":0,"texture":"#0","tintindex":0},"south":{"uv":[4.0,5.5,6.0,7.25],"rotation":0,"texture":"#0","tintindex":0},"north":{"uv":[2.0,4.5,4.0,6.25],"rotation":0,"texture":"#0","tintindex":0},"west":{"uv":[0.0,7.5,1.0,9.25],"rotation":0,"texture":"#0","tintindex":0},"up":{"uv":[8.75,1.0,6.75,0.0],"rotation":0,"texture":"#0","tintindex":0},"down":{"uv":[8.75,1.0,6.75,2.0],"rotation":0,"texture":"#0","tintindex":0}}}],"display":{"head":{"translation":[0.0,-6.4,0.0],"scale":[4.0,4.0,4.0]}}}