{"textures":{"0":"modelengine:entity/zc_scavenger"},"elements":[{"from":[7.284,7.4371333,6.0619],"to":[8.455429,8.008562,8.347614],"rotation":{"angle":0.0,"axis":"y","origin":[6.1445713,13.722848,7.776186]},"faces":{"east":{"uv":[0.0,6.0,1.0,6.25],"rotation":0,"texture":"#0","tintindex":0},"south":{"uv":[10.0,10.75,10.5,11.0],"rotation":0,"texture":"#0","tintindex":0},"north":{"uv":[10.75,3.0,11.25,3.25],"rotation":0,"texture":"#0","tintindex":0},"west":{"uv":[1.0,6.0,2.0,6.25],"rotation":0,"texture":"#0","tintindex":0},"up":{"uv":[8.5,11.0,8.0,10.0],"rotation":0,"texture":"#0","tintindex":0},"down":{"uv":[10.5,8.75,10.0,9.75],"rotation":0,"texture":"#0","tintindex":0}}}],"display":{"head":{"translation":[0.0,-6.4,0.0],"scale":[4.0,4.0,4.0]}}}