{"parent":"minecraft:item/generated","textures":{"layer0":"minecraft:item/leather_horse_armor"},"overrides":[{"predicate":{"custom_model_data":1},"model":"modelengine:griever/body_main_1"},{"predicate":{"custom_model_data":2},"model":"modelengine:griever/body_main_2"},{"predicate":{"custom_model_data":3},"model":"modelengine:griever/body_main_3"},{"predicate":{"custom_model_data":4},"model":"modelengine:griever/body_top_1"},{"predicate":{"custom_model_data":5},"model":"modelengine:griever/body_top_2"},{"predicate":{"custom_model_data":6},"model":"modelengine:griever/tail_1"},{"predicate":{"custom_model_data":7},"model":"modelengine:griever/tail_2"},{"predicate":{"custom_model_data":8},"model":"modelengine:griever/tail_3"},{"predicate":{"custom_model_data":9},"model":"modelengine:griever/tail_4"},{"predicate":{"custom_model_data":10},"model":"modelengine:griever/tail_5"},{"predicate":{"custom_model_data":11},"model":"modelengine:griever/tail_6"},{"predicate":{"custom_model_data":12},"model":"modelengine:griever/bone2"},{"predicate":{"custom_model_data":13},"model":"modelengine:griever/bone3"},{"predicate":{"custom_model_data":14},"model":"modelengine:griever/head"},{"predicate":{"custom_model_data":15},"model":"modelengine:griever/leftleg1_top"},{"predicate":{"custom_model_data":16},"model":"modelengine:griever/lowerleftleg1_1"},{"predicate":{"custom_model_data":17},"model":"modelengine:griever/lowerleftleg1_2"},{"predicate":{"custom_model_data":18},"model":"modelengine:griever/rightleg1_top"},{"predicate":{"custom_model_data":19},"model":"modelengine:griever/lowerrightleg1_1"},{"predicate":{"custom_model_data":20},"model":"modelengine:griever/lowerrightleg1_2"},{"predicate":{"custom_model_data":21},"model":"modelengine:griever/leftleg2_top"},{"predicate":{"custom_model_data":22},"model":"modelengine:griever/lowerleftleg2_1"},{"predicate":{"custom_model_data":23},"model":"modelengine:griever/lowerleftleg2_2"},{"predicate":{"custom_model_data":24},"model":"modelengine:griever/rightleg2_top"},{"predicate":{"custom_model_data":25},"model":"modelengine:griever/lowerrightleg2_1"},{"predicate":{"custom_model_data":26},"model":"modelengine:griever/lowerrightleg2_2"},{"predicate":{"custom_model_data":27},"model":"modelengine:griever/leftleg3_top"},{"predicate":{"custom_model_data":28},"model":"modelengine:griever/lowerleftleg3_1"},{"predicate":{"custom_model_data":29},"model":"modelengine:griever/lowerleftleg3_2"},{"predicate":{"custom_model_data":30},"model":"modelengine:griever/rightleg3_top"},{"predicate":{"custom_model_data":31},"model":"modelengine:griever/lowerrightleg3_1"},{"predicate":{"custom_model_data":32},"model":"modelengine:griever/lowerrightleg3_2"}]}