{"textures":{"0":"modelengine:entity/pirate_zombie"},"elements":[{"from":[5.714286,1.1428566,6.857143],"to":[10.285714,8.0,9.142858],"rotation":{"angle":0.0,"axis":"y","origin":[8.0,4.5714283,8.0]},"faces":{"east":{"uv":[3.125,5.25,3.625,6.75],"rotation":0,"texture":"#0","tintindex":0},"south":{"uv":[4.0,0.0,5.0,1.5],"rotation":0,"texture":"#0","tintindex":0},"north":{"uv":[3.0,2.5,4.0,4.0],"rotation":0,"texture":"#0","tintindex":0},"west":{"uv":[3.625,5.25,4.125,6.75],"rotation":0,"texture":"#0","tintindex":0},"up":{"uv":[7.5,6.5,6.5,6.0],"rotation":0,"texture":"#0","tintindex":0},"down":{"uv":[7.5,6.5,6.5,7.0],"rotation":0,"texture":"#0","tintindex":0}}},{"from":[5.485714,-2.8571434,6.1714287],"to":[10.6285715,8.0,9.6],"rotation":{"angle":0.0,"axis":"y","origin":[8.0,8.0,8.0]},"faces":{"east":{"uv":[0.0,2.375,0.75,4.75],"rotation":0,"texture":"#0","tintindex":0},"south":{"uv":[1.125,0.0,2.25,2.375],"rotation":0,"texture":"#0","tintindex":0},"north":{"uv":[0.0,0.0,1.125,2.375],"rotation":0,"texture":"#0","tintindex":0},"west":{"uv":[0.75,2.375,1.5,4.75],"rotation":0,"texture":"#0","tintindex":0},"up":{"uv":[3.125,6.0,2.0,5.25],"rotation":0,"texture":"#0","tintindex":0},"down":{"uv":[6.375,2.0,5.25,2.75],"rotation":0,"texture":"#0","tintindex":0}}}],"display":{"head":{"translation":[0.0,-6.4,0.0],"scale":[4.0,4.0,4.0]}}}