{"textures":{"0":"modelengine:entity/pirate_zombie"},"elements":[{"from":[6.342857,2.2857141,6.857143],"to":[8.514286,6.285714,9.142858],"rotation":{"angle":22.5,"axis":"x","origin":[7.428571,5.714286,8.0]},"faces":{"east":{"uv":[3.5,6.75,4.0,7.625],"rotation":0,"texture":"#0","tintindex":0},"south":{"uv":[4.0,6.75,4.5,7.625],"rotation":0,"texture":"#0","tintindex":0},"north":{"uv":[3.0,6.75,3.5,7.625],"rotation":0,"texture":"#0","tintindex":0},"west":{"uv":[5.125,6.875,5.625,7.75],"rotation":0,"texture":"#0","tintindex":0},"up":{"uv":[4.5,4.0,4.0,3.5],"rotation":0,"texture":"#0","tintindex":0},"down":{"uv":[1.5,4.75,1.0,5.25],"rotation":0,"texture":"#0","tintindex":0}}},{"from":[5.885714,2.1142855,6.6285715],"to":[8.6285715,3.2571425,9.485714],"rotation":{"angle":22.5,"axis":"x","origin":[7.428571,5.714286,8.0]},"faces":{"east":{"uv":[0.0,7.875,0.625,8.125],"rotation":0,"texture":"#0","tintindex":0},"south":{"uv":[0.625,7.875,1.25,8.125],"rotation":0,"texture":"#0","tintindex":0},"north":{"uv":[7.625,2.375,8.25,2.625],"rotation":0,"texture":"#0","tintindex":0},"west":{"uv":[1.25,7.875,1.875,8.125],"rotation":0,"texture":"#0","tintindex":0},"up":{"uv":[7.625,0.625,7.0,0.0],"rotation":0,"texture":"#0","tintindex":0},"down":{"uv":[6.25,7.125,5.625,7.75],"rotation":0,"texture":"#0","tintindex":0}}},{"from":[6.2285714,0.9714279,6.9714284],"to":[8.4,2.1142855,9.257143],"rotation":{"angle":22.5,"axis":"x","origin":[7.428571,5.714286,8.0]},"faces":{"east":{"uv":[7.0,7.875,7.5,8.125],"rotation":0,"texture":"#0","tintindex":0},"south":{"uv":[8.0,0.5,8.5,0.75],"rotation":0,"texture":"#0","tintindex":0},"north":{"uv":[6.5,7.875,7.0,8.125],"rotation":0,"texture":"#0","tintindex":0},"west":{"uv":[8.0,0.75,8.5,1.0],"rotation":0,"texture":"#0","tintindex":0},"up":{"uv":[8.0,3.125,7.5,2.625],"rotation":0,"texture":"#0","tintindex":0},"down":{"uv":[8.125,0.0,7.625,0.5],"rotation":0,"texture":"#0","tintindex":0}}},{"from":[7.3142858,-1.9354124,3.5485091],"to":[7.3142858,1.4931593,6.977081],"rotation":{"angle":22.5,"axis":"x","origin":[7.3142858,-1.1925554,5.262795]},"faces":{"east":{"uv":[5.125,6.125,5.875,6.875],"rotation":0,"texture":"#0","tintindex":0},"south":{"uv":[0.0,0.0,0.0,0.75],"rotation":0,"texture":"#0","tintindex":0},"north":{"uv":[0.0,0.0,0.0,0.75],"rotation":0,"texture":"#0","tintindex":0},"west":{"uv":[1.0,6.25,1.75,7.0],"rotation":0,"texture":"#0","tintindex":0},"up":{"uv":[0.0,0.75,0.0,0.0],"rotation":0,"texture":"#0","tintindex":0},"down":{"uv":[0.0,0.0,0.0,0.75],"rotation":0,"texture":"#0","tintindex":0}}},{"from":[6.285714,5.714286,6.857143],"to":[8.571428,9.142858,9.142858],"rotation":{"angle":0.0,"axis":"y","origin":[7.428571,5.714286,8.0]},"faces":{"east":{"uv":[2.0,7.5,2.5,8.25],"rotation":0,"texture":"#0","tintindex":0},"south":{"uv":[2.5,7.5,3.0,8.25],"rotation":0,"texture":"#0","tintindex":0},"north":{"uv":[7.5,0.625,8.0,1.375],"rotation":0,"texture":"#0","tintindex":0},"west":{"uv":[7.5,4.375,8.0,5.125],"rotation":0,"texture":"#0","tintindex":0},"up":{"uv":[8.125,1.875,7.625,1.375],"rotation":0,"texture":"#0","tintindex":0},"down":{"uv":[8.125,1.875,7.625,2.375],"rotation":0,"texture":"#0","tintindex":0}}}],"display":{"head":{"translation":[0.0,-6.4,0.0],"scale":[4.0,4.0,4.0]}}}