{"textures":{"0":"modelengine:entity/pirate_zombie"},"elements":[{"from":[6.9142857,1.1428566,6.857143],"to":[9.2,8.0,9.142858],"rotation":{"angle":0.0,"axis":"y","origin":[8.057143,4.5714283,8.0]},"faces":{"east":{"uv":[6.0,4.125,6.5,5.625],"rotation":0,"texture":"#0","tintindex":0},"south":{"uv":[6.0,5.625,6.5,7.125],"rotation":0,"texture":"#0","tintindex":0},"north":{"uv":[2.5,6.0,3.0,7.5],"rotation":0,"texture":"#0","tintindex":0},"west":{"uv":[4.625,6.125,5.125,7.625],"rotation":0,"texture":"#0","tintindex":0},"up":{"uv":[6.0,8.25,5.5,7.75],"rotation":0,"texture":"#0","tintindex":0},"down":{"uv":[6.5,7.75,6.0,8.25],"rotation":0,"texture":"#0","tintindex":0}}}],"display":{"head":{"translation":[0.0,-6.4,0.0],"scale":[4.0,4.0,4.0]}}}