{"textures":{"0":"modelengine:entity/zc_walker"},"elements":[{"from":[10.0,14.0,1.5],"to":[10.0,18.0,9.5],"faces":{"east":{"uv":[6.25,0.0,8.25,1.0],"tintindex":0,"rotation":0,"texture":"#0"},"west":{"uv":[6.25,1.0,8.25,2.0],"tintindex":0,"rotation":0,"texture":"#0"}}},{"from":[7.0,16.0,5.5],"to":[11.0,17.0,5.5],"faces":{"south":{"uv":[10.5,5.5,11.5,5.75],"tintindex":0,"rotation":0,"texture":"#0"},"north":{"uv":[10.0,9.0,11.0,9.25],"tintindex":0,"rotation":0,"texture":"#0"}}},{"from":[4.0,8.0,3.5],"to":[12.0,16.0,12.5],"faces":{"east":{"uv":[0.0,0.0,2.25,2.0],"tintindex":0,"rotation":0,"texture":"#0"},"south":{"uv":[4.25,0.0,6.25,2.0],"tintindex":0,"rotation":0,"texture":"#0"},"north":{"uv":[0.0,4.0,2.0,6.0],"tintindex":0,"rotation":0,"texture":"#0"},"west":{"uv":[0.0,2.0,2.25,4.0],"tintindex":0,"rotation":0,"texture":"#0"},"up":{"uv":[4.25,2.25,2.25,0.0],"tintindex":0,"rotation":0,"texture":"#0"},"down":{"uv":[4.25,2.25,2.25,4.5],"tintindex":0,"rotation":0,"texture":"#0"}}}],"display":{"gui":{"rotation":[30,225,0]}}}