{"textures":{"0":"modelengine:entity/zc_walker"},"elements":[{"from":[5.0,8.0,8.5],"to":[8.0,9.0,8.5],"faces":{"south":{"uv":[10.5,9.25,11.25,9.5],"tintindex":0,"rotation":0,"texture":"#0"},"north":{"uv":[10.5,7.5,11.25,7.75],"tintindex":0,"rotation":0,"texture":"#0"}}},{"from":[5.0,2.0,6.5],"to":[8.0,8.0,9.5],"faces":{"east":{"uv":[0.75,8.75,1.5,10.25],"tintindex":0,"rotation":0,"texture":"#0"},"south":{"uv":[1.5,8.75,2.25,10.25],"tintindex":0,"rotation":0,"texture":"#0"},"north":{"uv":[0.0,8.75,0.75,10.25],"tintindex":0,"rotation":0,"texture":"#0"},"west":{"uv":[2.25,8.75,3.0,10.25],"tintindex":0,"rotation":0,"texture":"#0"},"up":{"uv":[11.0,6.5,10.25,5.75],"tintindex":0,"rotation":0,"texture":"#0"},"down":{"uv":[10.5,10.25,9.75,11.0],"tintindex":0,"rotation":0,"texture":"#0"}}}],"display":{"gui":{"rotation":[30,225,0]}}}