{"textures":{"0":"modelengine:entity/zc_walker"},"elements":[{"from":[6.5,2.0,6.5],"to":[9.5,8.0,9.5],"faces":{"east":{"uv":[3.75,8.75,4.5,10.25],"tintindex":0,"rotation":0,"texture":"#0"},"south":{"uv":[4.5,8.75,5.25,10.25],"tintindex":0,"rotation":0,"texture":"#0"},"north":{"uv":[3.0,8.75,3.75,10.25],"tintindex":0,"rotation":0,"texture":"#0"},"west":{"uv":[8.75,5.75,9.5,7.25],"tintindex":0,"rotation":0,"texture":"#0"},"up":{"uv":[11.25,3.75,10.5,3.0],"tintindex":0,"rotation":0,"texture":"#0"},"down":{"uv":[11.25,4.75,10.5,5.5],"tintindex":0,"rotation":0,"texture":"#0"}}}],"display":{"gui":{"rotation":[30,225,0]}}}