{"textures":{"0":"modelengine:entity/zc_walker"},"elements":[{"from":[6.5,6.0,4.5],"to":[9.5,8.0,9.5],"faces":{"east":{"uv":[9.75,7.75,11.0,8.25],"tintindex":0,"rotation":0,"texture":"#0"},"south":{"uv":[6.75,10.5,7.5,11.0],"tintindex":0,"rotation":0,"texture":"#0"},"north":{"uv":[8.5,4.5,9.25,5.0],"tintindex":0,"rotation":0,"texture":"#0"},"west":{"uv":[10.0,4.25,11.25,4.75],"tintindex":0,"rotation":0,"texture":"#0"},"up":{"uv":[10.0,2.25,9.25,1.0],"tintindex":0,"rotation":0,"texture":"#0"},"down":{"uv":[10.0,2.25,9.25,3.5],"tintindex":0,"rotation":0,"texture":"#0"}}}],"display":{"gui":{"rotation":[30,225,0]}}}