{"textures":{"0":"modelengine:entity/zc_walker"},"elements":[{"from":[6.0,2.0,6.0],"to":[10.0,8.0,10.0],"faces":{"east":{"uv":[3.0,7.25,4.0,8.75],"tintindex":0,"rotation":0,"texture":"#0"},"south":{"uv":[7.5,2.0,8.5,3.5],"tintindex":0,"rotation":0,"texture":"#0"},"north":{"uv":[2.0,7.25,3.0,8.75],"tintindex":0,"rotation":0,"texture":"#0"},"west":{"uv":[7.5,3.5,8.5,5.0],"tintindex":0,"rotation":0,"texture":"#0"},"up":{"uv":[10.0,1.0,9.0,0.0],"tintindex":0,"rotation":0,"texture":"#0"},"down":{"uv":[10.0,8.25,9.0,9.25],"tintindex":0,"rotation":0,"texture":"#0"}}}],"display":{"gui":{"rotation":[30,225,0]}}}