{"textures":{"0":"modelengine:entity/zc_walker"},"elements":[{"from":[7.0,13.0,4.0],"to":[11.0,13.0,6.0],"faces":{"up":{"uv":[11.5,4.25,10.5,3.75],"tintindex":0,"rotation":0,"texture":"#0"},"down":{"uv":[11.5,6.5,10.5,7.0],"tintindex":0,"rotation":0,"texture":"#0"}}},{"from":[4.0,8.0,6.0],"to":[12.0,14.0,10.0],"faces":{"east":{"uv":[0.0,7.25,1.0,8.75],"tintindex":0,"rotation":0,"texture":"#0"},"south":{"uv":[4.0,5.0,6.0,6.5],"tintindex":0,"rotation":0,"texture":"#0"},"north":{"uv":[2.0,4.5,4.0,6.0],"tintindex":0,"rotation":0,"texture":"#0"},"west":{"uv":[1.0,7.25,2.0,8.75],"tintindex":0,"rotation":0,"texture":"#0"},"up":{"uv":[8.0,6.0,6.0,5.0],"tintindex":0,"rotation":0,"texture":"#0"},"down":{"uv":[8.0,6.0,6.0,7.0],"tintindex":0,"rotation":0,"texture":"#0"}}},{"from":[10.0,11.0,3.0],"to":[10.0,14.0,6.0],"faces":{"east":{"uv":[5.25,10.5,6.0,11.25],"tintindex":0,"rotation":0,"texture":"#0"},"west":{"uv":[6.0,10.5,6.75,11.25],"tintindex":0,"rotation":0,"texture":"#0"}}}],"display":{"gui":{"rotation":[30,225,0]}}}