{"textures":{"0":"modelengine:entity/zc_walker"},"elements":[{"from":[6.0,2.0,6.0],"to":[10.0,8.0,10.0],"faces":{"east":{"uv":[5.0,6.5,6.0,8.0],"tintindex":0,"rotation":0,"texture":"#0"},"south":{"uv":[6.0,7.0,7.0,8.5],"tintindex":0,"rotation":0,"texture":"#0"},"north":{"uv":[4.0,6.5,5.0,8.0],"tintindex":0,"rotation":0,"texture":"#0"},"west":{"uv":[7.0,7.0,8.0,8.5],"tintindex":0,"rotation":0,"texture":"#0"},"up":{"uv":[9.75,8.25,8.75,7.25],"tintindex":0,"rotation":0,"texture":"#0"},"down":{"uv":[9.0,8.75,8.0,9.75],"tintindex":0,"rotation":0,"texture":"#0"}}}],"display":{"gui":{"rotation":[30,225,0]}}}