{"textures":{"0":"modelengine:entity/zc_walker"},"elements":[{"from":[4.0,8.0,5.5],"to":[12.0,14.0,10.5],"faces":{"east":{"uv":[6.25,2.0,7.5,3.5],"tintindex":0,"rotation":0,"texture":"#0"},"south":{"uv":[4.25,3.5,6.25,5.0],"tintindex":0,"rotation":0,"texture":"#0"},"north":{"uv":[4.25,2.0,6.25,3.5],"tintindex":0,"rotation":0,"texture":"#0"},"west":{"uv":[6.25,3.5,7.5,5.0],"tintindex":0,"rotation":0,"texture":"#0"},"up":{"uv":[2.0,7.25,0.0,6.0],"tintindex":0,"rotation":0,"texture":"#0"},"down":{"uv":[4.0,6.0,2.0,7.25],"tintindex":0,"rotation":0,"texture":"#0"}}},{"from":[9.0,8.0,-1.5],"to":[9.0,11.0,5.5],"faces":{"east":{"uv":[4.0,8.0,5.75,8.75],"tintindex":0,"rotation":0,"texture":"#0"},"west":{"uv":[8.0,5.0,9.75,5.75],"tintindex":0,"rotation":0,"texture":"#0"}}}],"display":{"gui":{"rotation":[30,225,0]}}}