{"textures":{"0":"modelengine:entity/rhino"},"elements":[{"from":[5.5748568,4.4819045,7.38],"to":[8.717714,6.317333,9.583428],"rotation":{"angle":-22.5,"axis":"x","origin":[9.12,5.273905,8.370286]},"faces":{"east":{"uv":[8.875,10.0,8.25,10.4375],"rotation":0,"texture":"#0","tintindex":0},"south":{"uv":[4.5,9.625,3.75,10.0625],"rotation":0,"texture":"#0","tintindex":0},"north":{"uv":[7.5,6.0625,6.75,6.5],"rotation":0,"texture":"#0","tintindex":0},"west":{"uv":[8.25,10.0,7.625,10.4375],"rotation":0,"texture":"#0","tintindex":0},"up":{"uv":[8.25,4.5625,9.0,3.9375],"rotation":0,"texture":"#0","tintindex":0},"down":{"uv":[8.25,4.5625,9.0,5.1875],"rotation":0,"texture":"#0","tintindex":0}}},{"from":[5.549714,5.53735,6.5089746],"to":[8.742857,9.748779,9.428974],"rotation":{"angle":0.0,"axis":"x","origin":[9.12,7.6430645,7.832403]},"faces":{"east":{"uv":[1.625,6.375,0.8125,7.4375],"rotation":0,"texture":"#0","tintindex":0},"south":{"uv":[7.125,4.3125,6.3125,5.375],"rotation":0,"texture":"#0","tintindex":0},"north":{"uv":[6.75,5.4375,5.9375,6.5],"rotation":0,"texture":"#0","tintindex":0},"west":{"uv":[0.8125,6.1875,0.0,7.25],"rotation":0,"texture":"#0","tintindex":0},"up":{"uv":[7.3125,2.3125,8.125,1.5],"rotation":0,"texture":"#0","tintindex":0},"down":{"uv":[7.3125,2.3125,8.125,3.125],"rotation":0,"texture":"#0","tintindex":0}}}],"display":{"head":{"translation":[0.0,-6.4,0.0],"scale":[4.0,4.0,4.0]}}}