{"textures":{"0":"modelengine:entity/rhino"},"elements":[{"from":[7.2822857,4.4819045,7.38],"to":[10.425143,6.317333,9.583428],"rotation":{"angle":-22.5,"axis":"x","origin":[6.88,5.273905,8.370286]},"faces":{"east":{"uv":[7.625,10.0,8.25,10.4375],"rotation":0,"texture":"#0","tintindex":0},"south":{"uv":[3.75,9.625,4.5,10.0625],"rotation":0,"texture":"#0","tintindex":0},"north":{"uv":[6.75,6.0625,7.5,6.5],"rotation":0,"texture":"#0","tintindex":0},"west":{"uv":[8.25,10.0,8.875,10.4375],"rotation":0,"texture":"#0","tintindex":0},"up":{"uv":[9.0,4.5625,8.25,3.9375],"rotation":0,"texture":"#0","tintindex":0},"down":{"uv":[9.0,4.5625,8.25,5.1875],"rotation":0,"texture":"#0","tintindex":0}}},{"from":[7.257143,5.53735,6.5089746],"to":[10.450286,9.748779,9.428974],"rotation":{"angle":0.0,"axis":"x","origin":[6.88,7.6430645,7.832403]},"faces":{"east":{"uv":[0.0,6.1875,0.8125,7.25],"rotation":0,"texture":"#0","tintindex":0},"south":{"uv":[6.3125,4.3125,7.125,5.375],"rotation":0,"texture":"#0","tintindex":0},"north":{"uv":[5.9375,5.4375,6.75,6.5],"rotation":0,"texture":"#0","tintindex":0},"west":{"uv":[0.8125,6.375,1.625,7.4375],"rotation":0,"texture":"#0","tintindex":0},"up":{"uv":[8.125,2.3125,7.3125,1.5],"rotation":0,"texture":"#0","tintindex":0},"down":{"uv":[8.125,2.3125,7.3125,3.125],"rotation":0,"texture":"#0","tintindex":0}}}],"display":{"head":{"translation":[0.0,-6.4,0.0],"scale":[4.0,4.0,4.0]}}}