{"overrides":[{"predicate":{"custom_model_data":1},"model":"modelengine:miner_zombie/left_leg"},{"predicate":{"custom_model_data":2},"model":"modelengine:miner_zombie/right_leg"},{"predicate":{"custom_model_data":3},"model":"modelengine:miner_zombie/head"},{"predicate":{"custom_model_data":4},"model":"modelengine:miner_zombie/right_arm"},{"predicate":{"custom_model_data":5},"model":"modelengine:miner_zombie/left_arm"},{"predicate":{"custom_model_data":6},"model":"modelengine:miner_zombie/body"},{"predicate":{"custom_model_data":7},"model":"modelengine:miner_zombie/bone"},{"predicate":{"custom_model_data":8},"model":"modelengine:pirate_zombie/left_leg"},{"predicate":{"custom_model_data":9},"model":"modelengine:pirate_zombie/right_leg"},{"predicate":{"custom_model_data":10},"model":"modelengine:pirate_zombie/head"},{"predicate":{"custom_model_data":11},"model":"modelengine:pirate_zombie/right_arm"},{"predicate":{"custom_model_data":12},"model":"modelengine:pirate_zombie/left_arm"},{"predicate":{"custom_model_data":13},"model":"modelengine:pirate_zombie/body"},{"predicate":{"custom_model_data":14},"model":"modelengine:pirate_zombie/bone"},{"predicate":{"custom_model_data":15},"model":"modelengine:zc_corrupted_spike_1/bone"},{"predicate":{"custom_model_data":16},"model":"modelengine:zc_corrupted_spike_2/bone"},{"predicate":{"custom_model_data":17},"model":"modelengine:zc_corrupted_spire/bone5"},{"predicate":{"custom_model_data":18},"model":"modelengine:zc_corrupted_spire/bone4"},{"predicate":{"custom_model_data":19},"model":"modelengine:zc_corrupted_spire/bone"},{"predicate":{"custom_model_data":20},"model":"modelengine:zc_corrupted_spire/bone3"},{"predicate":{"custom_model_data":21},"model":"modelengine:zc_corrupted_spire/bone2"},{"predicate":{"custom_model_data":22},"model":"modelengine:zc_impaler/r_leg"},{"predicate":{"custom_model_data":23},"model":"modelengine:zc_impaler/l_leg"},{"predicate":{"custom_model_data":24},"model":"modelengine:zc_impaler/lower_body"},{"predicate":{"custom_model_data":25},"model":"modelengine:zc_impaler/r_leg_lower"},{"predicate":{"custom_model_data":26},"model":"modelengine:zc_impaler/l_leg_lower"},{"predicate":{"custom_model_data":27},"model":"modelengine:zc_impaler/upper_body"},{"predicate":{"custom_model_data":28},"model":"modelengine:zc_impaler/r_foot"},{"predicate":{"custom_model_data":29},"model":"modelengine:zc_impaler/l_foot"},{"predicate":{"custom_model_data":30},"model":"modelengine:zc_impaler/head"},{"predicate":{"custom_model_data":31},"model":"modelengine:zc_impaler/l_arm"},{"predicate":{"custom_model_data":32},"model":"modelengine:zc_impaler/r_arm"},{"predicate":{"custom_model_data":33},"model":"modelengine:zc_impaler/l_arm_lower"},{"predicate":{"custom_model_data":34},"model":"modelengine:zc_impaler/r_arm_lower"},{"predicate":{"custom_model_data":35},"model":"modelengine:zc_runner/r_leg"},{"predicate":{"custom_model_data":36},"model":"modelengine:zc_runner/l_leg"},{"predicate":{"custom_model_data":37},"model":"modelengine:zc_runner/lower_body"},{"predicate":{"custom_model_data":38},"model":"modelengine:zc_runner/r_leg_lower"},{"predicate":{"custom_model_data":39},"model":"modelengine:zc_runner/l_leg_lower"},{"predicate":{"custom_model_data":40},"model":"modelengine:zc_runner/upper_body"},{"predicate":{"custom_model_data":41},"model":"modelengine:zc_runner/r_foot"},{"predicate":{"custom_model_data":42},"model":"modelengine:zc_runner/l_foot"},{"predicate":{"custom_model_data":43},"model":"modelengine:zc_runner/head"},{"predicate":{"custom_model_data":44},"model":"modelengine:zc_runner/l_arm"},{"predicate":{"custom_model_data":45},"model":"modelengine:zc_runner/r_arm"},{"predicate":{"custom_model_data":46},"model":"modelengine:zc_runner/l_arm_lower"},{"predicate":{"custom_model_data":47},"model":"modelengine:zc_runner/r_arm_lower"},{"predicate":{"custom_model_data":48},"model":"modelengine:zc_scavenger/r_leg"},{"predicate":{"custom_model_data":49},"model":"modelengine:zc_scavenger/l_leg"},{"predicate":{"custom_model_data":50},"model":"modelengine:zc_scavenger/lower_body"},{"predicate":{"custom_model_data":51},"model":"modelengine:zc_scavenger/r_leg_lower"},{"predicate":{"custom_model_data":52},"model":"modelengine:zc_scavenger/l_leg_lower"},{"predicate":{"custom_model_data":53},"model":"modelengine:zc_scavenger/upper_body"},{"predicate":{"custom_model_data":54},"model":"modelengine:zc_scavenger/r_foot"},{"predicate":{"custom_model_data":55},"model":"modelengine:zc_scavenger/l_foot"},{"predicate":{"custom_model_data":56},"model":"modelengine:zc_scavenger/head"},{"predicate":{"custom_model_data":57},"model":"modelengine:zc_scavenger/l_arm"},{"predicate":{"custom_model_data":58},"model":"modelengine:zc_scavenger/r_arm"},{"predicate":{"custom_model_data":59},"model":"modelengine:zc_scavenger/l_arm_lower"},{"predicate":{"custom_model_data":60},"model":"modelengine:zc_scavenger/r_arm_lower"},{"predicate":{"custom_model_data":61},"model":"modelengine:zc_spitter/r_leg"},{"predicate":{"custom_model_data":62},"model":"modelengine:zc_spitter/l_leg"},{"predicate":{"custom_model_data":63},"model":"modelengine:zc_spitter/lower_body"},{"predicate":{"custom_model_data":64},"model":"modelengine:zc_spitter/r_leg_lower"},{"predicate":{"custom_model_data":65},"model":"modelengine:zc_spitter/l_leg_lower"},{"predicate":{"custom_model_data":66},"model":"modelengine:zc_spitter/upper_body"},{"predicate":{"custom_model_data":67},"model":"modelengine:zc_spitter/r_foot"},{"predicate":{"custom_model_data":68},"model":"modelengine:zc_spitter/l_foot"},{"predicate":{"custom_model_data":69},"model":"modelengine:zc_spitter/head"},{"predicate":{"custom_model_data":70},"model":"modelengine:zc_spitter/l_arm"},{"predicate":{"custom_model_data":71},"model":"modelengine:zc_spitter/r_arm"},{"predicate":{"custom_model_data":72},"model":"modelengine:zc_spitter/jaw"},{"predicate":{"custom_model_data":73},"model":"modelengine:zc_spitter/l_arm_lower"},{"predicate":{"custom_model_data":74},"model":"modelengine:zc_spitter/r_arm_lower"},{"predicate":{"custom_model_data":75},"model":"modelengine:zc_walker/r_leg"},{"predicate":{"custom_model_data":76},"model":"modelengine:zc_walker/l_leg"},{"predicate":{"custom_model_data":77},"model":"modelengine:zc_walker/lower_body"},{"predicate":{"custom_model_data":78},"model":"modelengine:zc_walker/r_leg_lower"},{"predicate":{"custom_model_data":79},"model":"modelengine:zc_walker/l_leg_lower"},{"predicate":{"custom_model_data":80},"model":"modelengine:zc_walker/upper_body"},{"predicate":{"custom_model_data":81},"model":"modelengine:zc_walker/r_foot"},{"predicate":{"custom_model_data":82},"model":"modelengine:zc_walker/l_foot"},{"predicate":{"custom_model_data":83},"model":"modelengine:zc_walker/head"},{"predicate":{"custom_model_data":84},"model":"modelengine:zc_walker/l_arm"},{"predicate":{"custom_model_data":85},"model":"modelengine:zc_walker/r_arm"},{"predicate":{"custom_model_data":86},"model":"modelengine:zc_walker/l_arm_lower"},{"predicate":{"custom_model_data":87},"model":"modelengine:zc_walker/r_arm_lower"},{"predicate":{"custom_model_data":88},"model":"modelengine:zombiebossz/left_leg"},{"predicate":{"custom_model_data":89},"model":"modelengine:zombiebossz/right_leg"},{"predicate":{"custom_model_data":90},"model":"modelengine:zombiebossz/head"},{"predicate":{"custom_model_data":91},"model":"modelengine:zombiebossz/right_arm"},{"predicate":{"custom_model_data":92},"model":"modelengine:zombiebossz/left_arm"},{"predicate":{"custom_model_data":93},"model":"modelengine:zombiebossz/body2"},{"predicate":{"custom_model_data":94},"model":"modelengine:zombiebossz/body"}],"parent":"minecraft:item/generated","textures":{"layer0":"minecraft:item/leather_horse_armor"}}