{"textures":{"0":"modelengine:entity/giraffe"},"elements":[{"from":[6.8517947,-4.277422,5.082719],"to":[8.991813,-0.4032364,7.1434555],"rotation":{"angle":45.0,"axis":"x","origin":[7.921804,-0.91175747,6.4216585]},"faces":{"east":{"uv":[7.0625,6.25,7.3125,6.6875],"rotation":0,"texture":"#0","tintindex":0},"south":{"uv":[6.625,7.0625,6.875,7.5],"rotation":0,"texture":"#0","tintindex":0},"north":{"uv":[5.875,7.0625,6.125,7.5],"rotation":0,"texture":"#0","tintindex":0},"west":{"uv":[7.0625,6.6875,7.3125,7.125],"rotation":0,"texture":"#0","tintindex":0},"up":{"uv":[7.6875,0.25,7.4375,0.0],"rotation":0,"texture":"#0","tintindex":0},"down":{"uv":[7.6875,0.9375,7.4375,1.1875],"rotation":0,"texture":"#0","tintindex":0}}},{"from":[6.8442497,3.1689353,7.344834],"to":[9.014219,8.437522,9.075685],"rotation":{"angle":0.0,"axis":"y","origin":[7.9292345,4.9432287,7.227402]},"faces":{"east":{"uv":[0.8125,6.8125,1.0,7.375],"rotation":0,"texture":"#0","tintindex":0},"south":{"uv":[6.875,7.0625,7.0625,7.625],"rotation":0,"texture":"#0","tintindex":0},"north":{"uv":[4.6875,0.0,4.875,0.5625],"rotation":0,"texture":"#0","tintindex":0},"west":{"uv":[0.0,7.125,0.1875,7.6875],"rotation":0,"texture":"#0","tintindex":0},"up":{"uv":[7.75,3.125,7.5625,2.9375],"rotation":0,"texture":"#0","tintindex":0},"down":{"uv":[3.6875,7.5625,3.5,7.75],"rotation":0,"texture":"#0","tintindex":0}}},{"from":[6.987107,-0.57392216,7.836262],"to":[8.871362,4.0146646,9.424256],"rotation":{"angle":22.5,"axis":"x","origin":[7.9292345,4.9432287,7.227402]},"faces":{"east":{"uv":[1.5625,7.1875,1.75,7.6875],"rotation":0,"texture":"#0","tintindex":0},"south":{"uv":[3.75,7.1875,3.9375,7.6875],"rotation":0,"texture":"#0","tintindex":0},"north":{"uv":[5.5,5.875,5.6875,6.375],"rotation":0,"texture":"#0","tintindex":0},"west":{"uv":[5.0,7.1875,5.1875,7.6875],"rotation":0,"texture":"#0","tintindex":0},"up":{"uv":[6.3125,7.75,6.125,7.5625],"rotation":0,"texture":"#0","tintindex":0},"down":{"uv":[6.5,7.5625,6.3125,7.75],"rotation":0,"texture":"#0","tintindex":0}}}],"display":{"head":{"translation":[0.0,-6.4,0.0],"scale":[4.0,4.0,4.0]}}}