{"textures":{"0":"modelengine:entity/zc_corrupted_spire"},"elements":[{"from":[2.782971,-0.7900772,3.7857647],"to":[10.211542,10.067066,10.07148],"rotation":{"angle":0.0,"axis":"y","origin":[6.21713,14.540927,7.6429076]},"faces":{"east":{"uv":[0.0,1.375,1.375,3.75],"rotation":0,"texture":"#0","tintindex":0},"south":{"uv":[4.375,1.375,6.0,3.75],"rotation":0,"texture":"#0","tintindex":0},"north":{"uv":[1.375,1.375,3.0,3.75],"rotation":0,"texture":"#0","tintindex":0},"west":{"uv":[3.0,1.375,4.375,3.75],"rotation":0,"texture":"#0","tintindex":0},"up":{"uv":[3.0,1.375,1.375,0.0],"rotation":0,"texture":"#0","tintindex":0},"down":{"uv":[4.625,0.0,3.0,1.375],"rotation":0,"texture":"#0","tintindex":0}}},{"from":[7.3655753,-1.2709274,7.2143364],"to":[11.937004,5.014787,11.785765],"rotation":{"angle":0.0,"axis":"y","origin":[6.21713,14.540927,7.6429076]},"faces":{"east":{"uv":[0.0,7.875,1.0,9.25],"rotation":0,"texture":"#0","tintindex":0},"south":{"uv":[3.0,7.875,4.0,9.25],"rotation":0,"texture":"#0","tintindex":0},"north":{"uv":[1.0,7.875,2.0,9.25],"rotation":0,"texture":"#0","tintindex":0},"west":{"uv":[2.0,7.875,3.0,9.25],"rotation":0,"texture":"#0","tintindex":0},"up":{"uv":[2.0,7.875,1.0,6.875],"rotation":0,"texture":"#0","tintindex":0},"down":{"uv":[3.0,6.875,2.0,7.875],"rotation":0,"texture":"#0","tintindex":0}}},{"from":[10.81723,9.816419,3.7857647],"to":[10.81723,11.5307045,10.07148],"rotation":{"angle":-45.0,"axis":"z","origin":[10.81723,10.673561,6.928622]},"faces":{"east":{"uv":[0.0,0.0,1.375,0.375],"rotation":0,"texture":"#0","tintindex":0},"south":{"uv":[0.0,0.0,0.0,0.375],"rotation":0,"texture":"#0","tintindex":0},"north":{"uv":[0.0,0.0,0.0,0.375],"rotation":0,"texture":"#0","tintindex":0},"west":{"uv":[0.0,0.375,1.375,0.75],"rotation":0,"texture":"#0","tintindex":0},"up":{"uv":[0.0,1.375,0.0,0.0],"rotation":0,"texture":"#0","tintindex":0},"down":{"uv":[0.0,0.0,0.0,1.375],"rotation":0,"texture":"#0","tintindex":0}}},{"from":[2.176879,9.816014,3.7857647],"to":[2.176879,11.5303,10.07148],"rotation":{"angle":45.0,"axis":"z","origin":[2.176879,10.673158,6.928622]},"faces":{"east":{"uv":[0.0,0.75,1.375,1.125],"rotation":0,"texture":"#0","tintindex":0},"south":{"uv":[0.0,0.0,0.0,0.375],"rotation":0,"texture":"#0","tintindex":0},"north":{"uv":[0.0,0.0,0.0,0.375],"rotation":0,"texture":"#0","tintindex":0},"west":{"uv":[0.0,3.75,1.375,4.125],"rotation":0,"texture":"#0","tintindex":0},"up":{"uv":[0.0,1.375,0.0,0.0],"rotation":0,"texture":"#0","tintindex":0},"down":{"uv":[0.0,0.0,0.0,1.375],"rotation":0,"texture":"#0","tintindex":0}}},{"from":[2.782971,9.816014,3.1796732],"to":[10.211542,11.5303,3.1796732],"rotation":{"angle":-45.0,"axis":"x","origin":[6.4972563,10.673158,3.1796732]},"faces":{"east":{"uv":[0.0,0.0,0.0,0.375],"rotation":0,"texture":"#0","tintindex":0},"south":{"uv":[4.625,0.375,6.25,0.75],"rotation":0,"texture":"#0","tintindex":0},"north":{"uv":[4.625,0.0,6.25,0.375],"rotation":0,"texture":"#0","tintindex":0},"west":{"uv":[0.0,0.0,0.0,0.375],"rotation":0,"texture":"#0","tintindex":0},"up":{"uv":[1.625,0.0,0.0,0.0],"rotation":0,"texture":"#0","tintindex":0},"down":{"uv":[1.625,0.0,0.0,0.0],"rotation":0,"texture":"#0","tintindex":0}}},{"from":[2.782971,9.816419,10.677167],"to":[10.211542,11.5307045,10.677167],"rotation":{"angle":45.0,"axis":"x","origin":[6.4972563,10.673561,10.677167]},"faces":{"east":{"uv":[0.0,0.0,0.0,0.375],"rotation":0,"texture":"#0","tintindex":0},"south":{"uv":[3.375,4.125,5.0,4.5],"rotation":0,"texture":"#0","tintindex":0},"north":{"uv":[3.375,3.75,5.0,4.125],"rotation":0,"texture":"#0","tintindex":0},"west":{"uv":[0.0,0.0,0.0,0.375],"rotation":0,"texture":"#0","tintindex":0},"up":{"uv":[1.625,0.0,0.0,0.0],"rotation":0,"texture":"#0","tintindex":0},"down":{"uv":[1.625,0.0,0.0,0.0],"rotation":0,"texture":"#0","tintindex":0}}},{"from":[9.068686,8.924209,7.7857647],"to":[10.78297,10.6384945,10.642908],"rotation":{"angle":0.0,"axis":"y","origin":[5.0686846,10.067066,10.642908]},"faces":{"east":{"uv":[0.0,4.125,0.625,4.5],"rotation":0,"texture":"#0","tintindex":0},"south":{"uv":[3.375,4.5,3.75,4.875],"rotation":0,"texture":"#0","tintindex":0},"north":{"uv":[0.75,4.5,1.125,4.875],"rotation":0,"texture":"#0","tintindex":0},"west":{"uv":[0.625,4.125,1.25,4.5],"rotation":0,"texture":"#0","tintindex":0},"up":{"uv":[0.375,5.125,0.0,4.5],"rotation":0,"texture":"#0","tintindex":0},"down":{"uv":[0.75,4.5,0.375,5.125],"rotation":0,"texture":"#0","tintindex":0}}},{"from":[11.365576,4.4433584,10.07148],"to":[12.508432,5.5862155,11.214336],"rotation":{"angle":0.0,"axis":"y","origin":[2.7941465,5.0147867,7.7857647]},"faces":{"east":{"uv":[0.25,1.125,0.5,1.375],"rotation":0,"texture":"#0","tintindex":0},"south":{"uv":[0.5,1.125,0.75,1.375],"rotation":0,"texture":"#0","tintindex":0},"north":{"uv":[0.0,1.125,0.25,1.375],"rotation":0,"texture":"#0","tintindex":0},"west":{"uv":[0.75,1.125,1.0,1.375],"rotation":0,"texture":"#0","tintindex":0},"up":{"uv":[1.25,1.375,1.0,1.125],"rotation":0,"texture":"#0","tintindex":0},"down":{"uv":[1.0,4.875,0.75,5.125],"rotation":0,"texture":"#0","tintindex":0}}},{"from":[2.2115421,9.495637,7.2143364],"to":[2.782971,10.6384945,8.357193],"rotation":{"angle":0.0,"axis":"y","origin":[6.782971,10.067066,9.500051]},"faces":{"east":{"uv":[4.875,1.125,5.125,1.375],"rotation":0,"texture":"#0","tintindex":0},"south":{"uv":[1.25,4.125,1.375,4.375],"rotation":0,"texture":"#0","tintindex":0},"north":{"uv":[1.25,1.125,1.375,1.375],"rotation":0,"texture":"#0","tintindex":0},"west":{"uv":[3.375,4.875,3.625,5.125],"rotation":0,"texture":"#0","tintindex":0},"up":{"uv":[1.125,5.125,1.0,4.875],"rotation":0,"texture":"#0","tintindex":0},"down":{"uv":[3.75,4.875,3.625,5.125],"rotation":0,"texture":"#0","tintindex":0}}}],"display":{"head":{"translation":[0.0,-6.4,0.0],"scale":[4.0,4.0,4.0]}}}