{"textures":{"0":"modelengine:entity/zc_corrupted_spire"},"elements":[{"from":[9.441366,-1.362895,5.904762],"to":[12.29851,7.2085342,9.333333],"rotation":{"angle":22.5,"axis":"z","origin":[9.236406,-2.3394413,8.047619]},"faces":{"east":{"uv":[4.0,7.75,4.75,9.625],"rotation":0,"texture":"#0","tintindex":0},"south":{"uv":[6.125,7.75,6.75,9.625],"rotation":0,"texture":"#0","tintindex":0},"north":{"uv":[4.75,7.75,5.375,9.625],"rotation":0,"texture":"#0","tintindex":0},"west":{"uv":[5.375,7.75,6.125,9.625],"rotation":0,"texture":"#0","tintindex":0},"up":{"uv":[5.375,7.75,4.75,7.0],"rotation":0,"texture":"#0","tintindex":0},"down":{"uv":[6.0,7.0,5.375,7.75],"rotation":0,"texture":"#0","tintindex":0}}},{"from":[3.795453,5.592494,7.6190476],"to":[6.081167,11.30678,7.6190476],"rotation":{"angle":22.5,"axis":"z","origin":[6.081167,7.3067794,8.761905]},"faces":{"east":{"uv":[0.0,0.0,0.0,1.25],"rotation":0,"texture":"#0","tintindex":0},"south":{"uv":[1.75,9.25,2.25,10.5],"rotation":0,"texture":"#0","tintindex":0},"north":{"uv":[1.25,9.25,1.75,10.5],"rotation":0,"texture":"#0","tintindex":0},"west":{"uv":[0.0,0.0,0.0,1.25],"rotation":0,"texture":"#0","tintindex":0},"up":{"uv":[0.5,0.0,0.0,0.0],"rotation":0,"texture":"#0","tintindex":0},"down":{"uv":[0.5,0.0,0.0,0.0],"rotation":0,"texture":"#0","tintindex":0}}},{"from":[12.475839,3.776894,8.761905],"to":[13.618696,6.634037,9.904762],"rotation":{"angle":22.5,"axis":"z","origin":[12.475839,-3.651678,8.761905]},"faces":{"east":{"uv":[6.75,2.625,7.0,3.25],"rotation":0,"texture":"#0","tintindex":0},"south":{"uv":[0.0,6.875,0.25,7.5],"rotation":0,"texture":"#0","tintindex":0},"north":{"uv":[6.625,0.375,6.875,1.0],"rotation":0,"texture":"#0","tintindex":0},"west":{"uv":[0.25,6.875,0.5,7.5],"rotation":0,"texture":"#0","tintindex":0},"up":{"uv":[4.0,5.125,3.75,4.875],"rotation":0,"texture":"#0","tintindex":0},"down":{"uv":[4.25,4.875,4.0,5.125],"rotation":0,"texture":"#0","tintindex":0}}},{"from":[6.373676,5.7581267,7.047619],"to":[8.087962,14.900984,8.761905],"rotation":{"angle":0.0,"axis":"y","origin":[9.236406,-2.3394413,8.047619]},"faces":{"east":{"uv":[8.25,3.0,8.625,5.0],"rotation":0,"texture":"#0","tintindex":0},"south":{"uv":[9.375,3.0,9.75,5.0],"rotation":0,"texture":"#0","tintindex":0},"north":{"uv":[8.625,3.0,9.0,5.0],"rotation":0,"texture":"#0","tintindex":0},"west":{"uv":[9.0,3.0,9.375,5.0],"rotation":0,"texture":"#0","tintindex":0},"up":{"uv":[9.0,3.0,8.625,2.625],"rotation":0,"texture":"#0","tintindex":0},"down":{"uv":[9.375,2.625,9.0,3.0],"rotation":0,"texture":"#0","tintindex":0}}},{"from":[6.9451046,14.3295555,8.190476],"to":[8.65939,18.900986,8.190476],"rotation":{"angle":0.0,"axis":"y","origin":[7.516533,-10.241873,7.6190476]},"faces":{"east":{"uv":[0.0,0.0,0.0,1.0],"rotation":0,"texture":"#0","tintindex":0},"south":{"uv":[6.25,0.0,6.625,1.0],"rotation":0,"texture":"#0","tintindex":0},"north":{"uv":[6.0,2.625,6.375,3.625],"rotation":0,"texture":"#0","tintindex":0},"west":{"uv":[0.0,0.0,0.0,1.0],"rotation":0,"texture":"#0","tintindex":0},"up":{"uv":[0.375,0.0,0.0,0.0],"rotation":0,"texture":"#0","tintindex":0},"down":{"uv":[0.375,0.0,0.0,0.0],"rotation":0,"texture":"#0","tintindex":0}}},{"from":[8.149395,4.971589,6.4761906],"to":[9.292252,4.971589,8.190476],"rotation":{"angle":22.5,"axis":"z","origin":[8.720823,8.400161,6.4761906]},"faces":{"east":{"uv":[0.0,0.0,0.375,0.0],"rotation":0,"texture":"#0","tintindex":0},"south":{"uv":[0.0,0.0,0.25,0.0],"rotation":0,"texture":"#0","tintindex":0},"north":{"uv":[0.0,0.0,0.25,0.0],"rotation":0,"texture":"#0","tintindex":0},"west":{"uv":[0.0,0.0,0.375,0.0],"rotation":0,"texture":"#0","tintindex":0},"up":{"uv":[7.25,3.625,7.0,3.25],"rotation":0,"texture":"#0","tintindex":0},"down":{"uv":[6.75,7.0,6.5,7.375],"rotation":0,"texture":"#0","tintindex":0}}}],"display":{"head":{"translation":[0.0,-6.4,0.0],"scale":[4.0,4.0,4.0]}}}