{"textures":{"0":"modelengine:entity/zc_corrupted_spire"},"elements":[{"from":[5.714286,4.542111,8.812728],"to":[10.285714,12.542111,15.098442],"rotation":{"angle":22.5,"axis":"x","origin":[11.434159,18.21409,8.615105]},"faces":{"east":{"uv":[0.0,5.125,1.375,6.875],"rotation":0,"texture":"#0","tintindex":0},"south":{"uv":[3.75,5.125,4.75,6.875],"rotation":0,"texture":"#0","tintindex":0},"north":{"uv":[1.375,5.125,2.375,6.875],"rotation":0,"texture":"#0","tintindex":0},"west":{"uv":[2.375,5.125,3.75,6.875],"rotation":0,"texture":"#0","tintindex":0},"up":{"uv":[2.375,5.125,1.375,3.75],"rotation":0,"texture":"#0","tintindex":0},"down":{"uv":[3.375,3.75,2.375,5.125],"rotation":0,"texture":"#0","tintindex":0}}}],"display":{"head":{"translation":[0.0,-6.4,0.0],"scale":[4.0,4.0,4.0]}}}