{"textures":{"0":"modelengine:entity/zombiebossz"},"elements":[{"from":[3.7142854,3.7142854,5.428571],"to":[12.285715,9.714286,10.571428],"rotation":{"angle":0.0,"axis":"y","origin":[8.0,2.8571424,8.0]},"faces":{"east":{"uv":[3.75,7.0,4.875,8.375],"rotation":0,"texture":"#0","tintindex":0},"south":{"uv":[4.125,4.5,6.0,5.875],"rotation":0,"texture":"#0","tintindex":0},"north":{"uv":[0.0,4.25,1.875,5.625],"rotation":0,"texture":"#0","tintindex":0},"west":{"uv":[4.875,7.0,6.0,8.375],"rotation":0,"texture":"#0","tintindex":0},"up":{"uv":[7.875,3.25,6.0,2.125],"rotation":0,"texture":"#0","tintindex":0},"down":{"uv":[7.875,3.25,6.0,4.375],"rotation":0,"texture":"#0","tintindex":0}}}],"display":{"head":{"translation":[0.0,-6.4,0.0],"scale":[4.0,4.0,4.0]}}}