{"textures":{"0":"modelengine:entity/zombiebossz"},"elements":[{"from":[5.4934998,1.9763646,4.1984544],"to":[9.779215,9.69065,8.484169],"rotation":{"angle":0.0,"axis":"y","origin":[6.8691688,1.2196012,8.288743]},"faces":{"east":{"uv":[1.75,7.75,2.625,9.375],"rotation":0,"texture":"#0","tintindex":0},"south":{"uv":[7.75,6.0,8.625,7.625],"rotation":0,"texture":"#0","tintindex":0},"north":{"uv":[0.875,7.75,1.75,9.375],"rotation":0,"texture":"#0","tintindex":0},"west":{"uv":[7.75,7.625,8.625,9.25],"rotation":0,"texture":"#0","tintindex":0},"up":{"uv":[11.375,6.375,10.5,5.5],"rotation":0,"texture":"#0","tintindex":0},"down":{"uv":[11.5,3.125,10.625,4.0],"rotation":0,"texture":"#0","tintindex":0}}},{"from":[5.7517843,-4.2288713,5.4479747],"to":[9.180356,4.342558,8.876547],"rotation":{"angle":-22.5,"axis":"x","origin":[6.8691688,1.2196012,8.288743]},"faces":{"east":{"uv":[8.625,7.625,9.375,9.5],"rotation":0,"texture":"#0","tintindex":0},"south":{"uv":[5.625,8.875,6.375,10.75],"rotation":0,"texture":"#0","tintindex":0},"north":{"uv":[8.625,5.75,9.375,7.625],"rotation":0,"texture":"#0","tintindex":0},"west":{"uv":[6.375,8.875,7.125,10.75],"rotation":0,"texture":"#0","tintindex":0},"up":{"uv":[11.625,2.25,10.875,1.5],"rotation":0,"texture":"#0","tintindex":0},"down":{"uv":[10.875,10.875,10.125,11.625],"rotation":0,"texture":"#0","tintindex":0}}}],"display":{"head":{"translation":[0.0,-6.4,0.0],"scale":[4.0,4.0,4.0]}}}